DIRECTORIO,SECUENCIA_ENCUESTA,SECUENCIA_P,ORDEN.x,ING,REC,CAR,SEC,I_HOGAR
7903055,1,1,1,1,0,0,0,600000
7883959,1,1,1,1,0,0,0,2650000
7876797,1,1,1,1,0,0,1,1160000
7863707,1,1,1,1,0,0,1,800000
7856483,1,1,1,1,0,0,0,1300000
7820823,1,1,1,1,0,0,1,600000
7893028,1,1,1,1,0,0,1,705000
7862300,1,1,1,1,0,0,1,1450000
7898570,1,1,1,1,0,0,1,1000000
7878910,1,1,1,1,0,0,1,70833.333333
7804464,1,1,1,1,0,0,1,20635000
7816252,1,1,1,1,0,0,1,2303333.3333
7906763,1,1,1,1,1,1,1,17941666.667
7814299,1,1,1,1,0,0,1,300000
7870218,1,1,1,1,0,0,1,1094833.3333
7897955,1,1,1,1,0,0,1,900000
7867302,1,1,1,1,0,0,1,760000
7829298,1,1,1,1,0,0,1,200000
7829865,1,1,1,1,0,0,1,470000
7818545,1,1,1,1,0,0,1,1850000
7789509,1,1,1,1,0,0,1,1383333.3333
7808341,1,1,1,1,0,0,1,1000000
7879451,1,1,1,1,0,0,1,800000
7902234,1,1,1,1,0,0,1,1545172
7867062,1,1,1,1,0,0,1,2900000
7814889,1,1,1,1,0,0,1,770000
7861606,1,1,1,1,0,0,1,800000
7895197,1,1,1,1,0,0,1,1810000
7901677,1,1,1,1,0,0,1,1765000
7904687,1,1,1,1,0,0,1,400000
7816316,1,1,1,1,0,0,0,1835000
7865819,1,1,1,1,0,0,1,1120000
7823202,1,1,1,1,0,0,0,1434166.6667
7842028,1,1,1,1,0,0,0,458333.33333
7815519,1,1,1,1,0,0,1,1600000
7789504,1,1,1,1,0,0,1,630000
7824559,1,1,1,1,0,0,1,563333.33333
7818964,1,1,1,1,0,0,1,575000
7818707,1,1,1,1,0,0,1,1428333.3333
7852204,1,1,1,1,0,1,1,460000
7902611,1,1,1,1,0,0,1,1200000
7827780,1,1,1,1,0,0,1,1050000
7881668,1,1,1,1,0,0,1,243333.33333
7833438,1,1,1,1,1,0,1,1100000
7863018,1,1,1,1,0,0,1,2890000
7830549,1,1,1,1,0,0,1,1077500
7909060,1,1,1,1,0,1,1,1820833.3333
7848849,1,1,1,1,0,0,1,730000
7791462,1,1,1,1,0,0,1,70000
7901606,1,1,1,1,0,0,1,3500000
7806067,1,1,1,1,0,0,1,2100000
7864538,1,1,1,1,0,0,1,220000
7851645,1,1,1,1,0,0,1,2435233.3333
7855658,1,1,1,1,0,0,1,100000
7865581,1,1,1,1,0,0,1,2200000
7836932,1,1,1,1,0,0,0,485000
7803393,1,1,1,1,0,0,1,280000
7906524,1,1,1,1,0,0,0,790000
7789792,1,1,1,1,0,0,1,440000
7870455,1,1,1,1,0,0,1,190000
7790890,1,1,1,1,0,0,1,2650000
7795718,1,1,1,1,0,0,1,3555000
7814572,1,1,1,1,0,0,1,208333.33333
7907338,1,1,1,1,0,0,0,1000000
7830274,1,1,1,1,0,0,1,600000
7878280,1,1,1,1,0,0,1,881666.66667
7872411,1,1,1,1,0,0,1,800000
7820220,1,1,1,1,0,0,1,2118838.6667
7909394,1,1,1,1,0,0,1,1220000
7894708,1,1,1,1,0,0,1,1000000
7813055,1,1,1,1,0,0,0,1342172
7803200,1,1,1,1,0,0,1,983333.33333
7850620,1,1,1,1,0,0,1,2080000
7805001,1,1,1,1,0,0,1,1350000
7887349,1,1,1,1,0,0,1,450000
7885301,1,1,1,1,0,0,1,500000
7822135,1,1,1,1,0,0,1,894166.66667
7862333,1,1,1,1,0,0,1,150000
7835946,1,1,1,1,0,0,0,3880000
7876782,1,1,1,1,0,1,0,3126666.6667
7790807,1,1,1,1,0,0,1,500000
7890740,1,1,1,1,0,0,0,687500
7883136,1,1,1,1,0,0,1,1420000
7840153,1,1,1,1,0,0,1,401666.66667
7861063,1,1,1,1,0,0,1,1552500
7827928,1,1,1,1,0,0,1,680000
7850190,1,1,1,1,0,0,1,383333.33333
7799022,1,1,1,1,0,0,1,480000
7871087,1,1,1,1,0,0,1,292500
7821046,1,1,1,1,0,0,1,1200000
7796690,1,1,1,1,0,0,1,640000
7893419,1,1,1,1,0,0,1,159166.66667
7796667,1,1,1,1,0,0,1,245000
7859654,1,1,1,1,0,0,1,1150000
7886611,1,1,1,1,0,0,1,550000
7872955,1,1,1,1,0,0,1,1717500
7898936,1,1,1,1,0,0,1,700000
7874885,1,1,1,1,0,0,0,80000
7833586,1,1,1,1,1,0,1,400000
7845878,1,1,1,1,0,0,1,1010000
7863223,1,1,1,1,0,1,1,1920000
7902034,1,1,1,1,0,0,1,2700000
7903866,1,1,1,1,0,0,1,2180833.3333
7833028,1,1,1,1,0,0,1,241666.66667
7805657,1,1,1,1,0,0,1,2092000
7823803,1,1,1,1,0,0,0,802500
7879897,1,1,1,1,1,0,1,880000
7844781,1,1,1,1,0,0,1,2005000
7901035,1,1,1,1,0,0,0,2166666.6667
7844420,1,1,1,1,0,0,1,1505000
7831156,1,1,1,1,0,0,1,1075000
7835055,1,1,1,1,0,0,1,638750
7794033,1,1,1,1,0,0,1,825000
7878753,1,1,1,1,0,1,0,4318750
7833016,1,1,1,1,0,0,1,2117172
7843278,1,1,1,1,0,0,1,180000
7813968,1,1,1,1,0,0,1,200000
7897752,1,1,1,1,0,0,1,550000
7804574,1,1,1,1,0,0,1,580000
7898505,1,1,1,1,0,0,0,250000
7816736,1,1,1,1,0,0,0,1415416.6667
7868054,1,1,1,1,0,0,1,950000
7894379,1,1,1,1,0,0,1,1366666.6667
7794022,1,1,1,1,0,0,0,525000
7845346,1,1,1,1,0,0,1,66666.666667
7847965,1,1,1,1,0,0,1,1100000
7813620,1,1,1,1,0,0,1,517500
7792827,1,1,1,1,0,0,0,646166.66667
7821777,1,1,1,1,0,0,1,650000
7882350,1,1,1,1,0,0,1,393333.33333
7830346,1,1,1,1,0,0,1,1457000
7851224,1,1,1,1,0,0,1,550000
7839535,1,1,1,1,0,0,1,1100000
7804689,1,1,1,1,0,0,0,550000
7858011,1,1,1,1,0,0,1,569333.33333
7840501,1,1,1,1,0,0,1,730000
7796236,1,1,1,1,0,0,1,3101666.6667
7822565,1,1,1,1,0,0,1,525000
7834953,1,1,1,1,0,0,0,1790000
7845200,1,1,1,1,0,0,1,841666.66667
7835349,1,1,1,1,0,0,0,775000
7902061,1,1,1,1,0,0,1,1141666.6667
7794579,1,1,1,1,1,0,1,470000
7857218,1,1,1,1,0,0,1,755000
7802486,1,1,1,1,0,0,1,949583.33333
7807656,1,1,1,1,0,0,1,2300833.3333
7818860,1,1,1,1,0,0,1,650000
7850370,1,1,1,1,1,0,0,460000
7865836,1,1,1,1,0,0,1,2200000
7897803,1,1,1,1,0,0,1,340000
7867604,1,1,1,1,0,0,0,595000
7833763,1,1,1,1,0,0,1,1377500
7842241,1,1,1,1,0,0,1,1200000
7821728,1,1,1,1,0,0,1,960000
7804360,1,1,1,1,0,0,1,1300000
7859978,1,1,1,1,0,0,1,1000000
7885138,1,1,1,1,0,0,1,400000
7902148,1,1,1,1,0,0,1,478333.33333
7814445,1,1,1,1,0,0,1,650833.33333
7813563,1,1,1,1,0,0,1,390000
7820076,1,1,1,1,0,0,1,1440000
7873041,1,1,1,1,0,0,1,615000
7856279,1,1,1,1,0,0,0,690000
7796681,1,1,1,1,0,0,1,1640000
7839532,1,1,1,1,0,0,1,460000
7846452,1,1,1,1,0,0,1,1530000
7790415,1,1,1,1,1,0,1,2837500
7873652,1,1,1,1,0,0,1,800000
7831574,1,1,1,1,0,0,1,560000
7864090,1,1,1,1,0,0,1,525000
7849125,1,1,1,1,0,0,1,1000000
7888032,1,1,1,1,0,0,1,1450000
7866219,1,1,1,1,0,0,1,430000
7812160,1,1,1,1,0,0,1,1898333.3333
7907219,1,1,1,1,1,0,1,400000
7813115,1,1,1,1,0,0,1,313333.33333
7872472,1,1,1,1,0,0,1,1217500
7899579,1,1,1,1,0,0,1,273333.33333
7852430,1,1,1,1,0,0,1,1592500
7862032,1,1,1,1,0,0,1,2000000
7841084,1,1,1,1,0,0,1,61666.666667
7907150,1,1,1,1,1,0,1,8138166.6667
7898591,1,1,1,1,0,0,1,131666.66667
7870150,1,1,1,1,1,0,1,1050000
7809353,1,1,1,1,0,0,1,700000
7851220,1,1,1,1,0,0,1,1040000
7872743,1,1,1,1,0,0,1,365000
7887449,1,1,1,1,0,0,1,1100000
7827249,1,1,1,1,0,0,1,1450000
7822477,1,1,1,1,0,0,1,1050000
7894013,1,1,1,1,1,0,1,1160000
7871752,1,1,1,1,0,0,1,1540000
7794308,1,1,1,1,0,0,1,876250
7797859,1,1,1,1,0,0,1,1003333.3333
7850936,1,1,1,1,0,0,1,125000
7794912,1,1,1,1,0,0,1,593333.33333
7850546,1,1,1,1,0,0,1,360000
7849718,1,1,1,1,0,0,1,423333.33333
7828763,1,1,1,1,0,0,1,891666.66667
7835984,1,1,1,1,0,0,1,205000
7841766,1,1,1,1,0,0,1,200000
7813243,1,1,1,1,0,0,1,868333.33333
7909404,1,1,1,1,0,0,1,105000
7815878,1,1,1,1,0,0,1,583333.33333
7818759,1,1,1,1,0,0,0,995000
7820979,1,1,1,1,0,0,1,880000
7805997,1,1,1,1,0,0,1,550000
7842121,1,1,1,1,0,0,1,1392666.6667
7889753,1,1,1,1,0,0,1,566666.66667
7839923,1,1,1,1,0,0,1,1400000
7864894,1,1,1,1,0,0,1,700000
7818053,1,1,1,1,0,0,1,104166.66667
7891962,1,1,1,1,0,0,1,300000
7790500,1,1,1,1,1,0,1,630000
7814453,1,1,1,1,0,0,1,80000
7798915,1,1,1,1,0,0,1,1867220
7847030,1,1,1,1,0,0,1,938333.33333
7885457,1,1,1,1,0,0,1,2043333.3333
7830601,1,1,1,1,0,0,1,1460000
7808606,1,1,1,1,0,1,1,1117000
7808184,1,1,1,1,0,0,1,180000
7858901,1,1,1,1,0,0,0,1275000
7822127,1,1,1,1,0,0,0,228333.33333
7840216,1,1,1,1,0,0,1,2120833.3333
7871271,1,1,1,1,0,0,1,700000
7905164,1,1,1,1,0,0,1,1816666.6667
7815984,1,1,1,1,0,0,1,1830000
7837965,1,1,1,1,0,0,1,2260000
7862452,1,1,1,1,0,0,1,1067500
7883497,1,1,1,1,0,0,1,608000
7837843,1,1,1,1,0,0,1,3451666.6667
7804675,1,1,1,1,0,0,1,600500
7807558,1,1,1,1,0,0,1,200000
7892981,1,1,1,1,0,0,1,410000
7889153,1,1,1,1,0,0,1,1250000
7825591,1,1,1,1,0,0,1,1225000
7797458,1,1,1,1,0,0,1,896666.66667
7790424,1,1,1,1,0,0,1,3048938.6667
7855930,1,1,1,1,0,0,1,225000
7905936,1,1,1,1,0,0,1,1050000
7890183,1,1,1,1,0,0,1,213333.33333
7865966,1,1,1,1,0,0,1,700000
7896399,1,1,1,1,0,0,0,1250000
7815657,1,1,1,1,0,0,1,1821666.6667
7841719,1,1,1,1,0,0,1,736666.66667
7815154,1,1,1,1,0,0,1,2450000
7849514,1,1,1,1,0,0,1,280000
7865214,1,1,1,1,0,0,1,1050000
7801987,1,1,1,1,0,0,0,2984666.6667
7881319,1,1,1,1,0,0,1,430000
7842222,1,1,1,1,0,0,1,1795000
7871170,1,1,1,1,0,0,1,1600000
7872393,1,1,1,1,0,0,1,1046666.6667
7869966,1,1,1,1,0,0,1,300000
7869021,2,1,2,1,0,0,1,940000
7886578,1,1,1,1,0,0,1,925000
7826160,1,1,1,1,0,0,1,320000
7840116,1,1,1,1,0,0,1,600000
7825603,1,1,1,1,0,0,1,1183000
7813438,1,1,1,1,0,0,1,1380000
7843794,1,1,1,1,0,0,1,1500000
7802873,1,1,1,1,0,0,1,4265000
7812543,1,1,1,1,0,0,1,205000
7834815,1,1,1,1,0,0,1,996666.66667
7873883,1,1,1,1,0,0,1,2116666.6667
7801832,1,1,1,1,0,0,0,900000
7835590,1,1,1,1,0,0,0,1000000
7788851,1,1,1,1,0,0,1,354166.66667
7834046,1,1,1,1,0,0,1,660000
7838123,1,1,1,1,0,1,1,2988333.3333
7794989,1,1,1,1,1,0,0,280000
7872284,1,1,1,1,0,0,1,1538333.3333
7840471,1,1,1,1,0,0,1,460000
7894147,1,1,1,1,0,0,0,1041666.6667
7789959,1,1,1,1,0,0,1,750000
7796697,1,1,1,1,0,0,1,453333.33333
7869927,1,1,1,1,0,0,1,500000
7898542,1,1,1,1,0,0,1,90000
7859640,1,1,1,1,0,0,1,230000
7822468,1,1,1,1,0,0,1,1100000
7814675,1,1,1,1,0,0,1,2800000
7877160,1,1,1,1,0,0,1,1775333.3333
7792978,1,1,1,1,0,0,1,1300000
7865506,1,1,1,1,0,0,0,560000
7847596,1,1,1,1,0,0,1,1800000
7836779,1,1,1,1,0,0,1,2000000
7845123,1,1,1,1,0,0,1,3047500
7832836,1,1,1,1,0,0,0,2956666.6667
7789469,1,1,1,1,0,0,1,1010000
7867172,1,1,1,1,0,0,1,800000
7895847,1,1,1,1,0,0,0,870000
7863299,1,1,1,1,0,0,1,300000
7846119,1,1,1,1,0,0,1,280000
7880087,1,1,1,1,0,0,1,1825000
7904188,1,1,1,1,0,0,1,1350000
7866490,1,1,1,1,0,0,1,1450833.3333
7841798,1,1,1,1,0,0,1,1238000
7834189,1,1,1,1,0,0,1,2400000
7893816,1,1,1,1,0,0,1,225000
7873904,1,1,1,1,0,0,1,1300000
7796988,1,1,1,1,0,0,1,1600000
7838010,1,1,1,1,1,0,1,1380000
7789188,1,1,1,1,0,0,1,1554166.6667
7897197,1,1,1,1,0,0,1,623333.33333
7896737,1,1,1,1,0,0,1,375000
7851588,1,1,1,1,0,0,1,1070000
7835854,1,1,1,1,0,0,1,1745000
7831204,1,1,1,1,0,1,1,835000
7862092,1,1,1,1,0,0,1,200000
7804420,1,1,1,1,0,0,0,420000
7793844,1,1,1,1,0,0,1,1243333.3333
7824911,1,1,1,1,0,0,1,2100000
7878552,1,1,1,1,0,0,1,200000
7853394,1,1,1,1,0,0,1,941666.66667
7880489,1,1,1,1,1,0,1,602500
7832249,1,1,1,1,0,0,1,1050000
7848265,1,1,1,1,0,0,1,750000
7896675,1,1,1,1,0,0,1,2236666.6667
7794760,1,1,1,1,0,0,1,1300000
7890535,1,1,1,1,0,0,1,1325000
7820888,1,1,1,1,1,0,1,1200000
7843634,1,1,1,1,0,0,1,1121666.6667
7882391,1,1,1,1,0,0,1,300000
7822802,1,1,1,1,0,0,1,1035583.3333
7900412,1,1,1,1,1,0,1,20982500
7818212,1,1,1,1,1,0,1,800000
7808658,1,1,1,1,1,1,0,4648000
7846578,1,1,1,1,0,1,1,4333333.3333
7836026,1,1,1,1,0,0,1,445000
7853281,1,1,1,1,0,0,1,3408000
7832789,1,1,1,1,0,0,0,600000
7852780,1,1,1,1,0,0,1,296666.66667
7857681,1,1,1,1,0,1,1,4340000
7817560,1,1,1,1,1,1,1,2660000
7866974,1,1,1,1,0,0,1,547500
7880596,1,1,1,1,1,0,1,1200000
7883372,1,1,1,1,0,0,1,700000
7804533,1,1,1,1,0,0,1,1648666.6667
7830685,1,1,1,1,0,0,1,1145000
7832922,1,1,1,1,0,0,1,66666.666667
7871937,1,1,1,1,0,0,1,596666.66667
7793989,1,1,1,1,0,0,1,1881666.6667
7852135,1,1,1,1,0,0,1,600000
7790265,1,1,1,1,0,0,1,1858666.6667
7801661,1,1,1,1,0,0,1,1100000
7835567,1,1,1,1,0,0,1,880000
7881497,1,1,1,1,1,0,1,1500000
7881082,1,1,1,1,0,0,1,650000
7872016,1,1,1,1,0,0,1,2191666.6667
7858742,1,1,1,1,0,0,0,654166.66667
7850962,1,1,1,1,0,0,1,790000
7820321,1,1,1,1,0,0,0,1133333.3333
7837102,1,1,1,1,0,0,1,1170000
7908271,1,1,1,1,0,0,1,983333.33333
7828172,1,1,1,1,0,0,1,600000
7792821,1,1,1,1,0,0,1,1231166.6667
7798758,1,1,1,1,0,0,1,1210000
7792476,1,1,1,1,0,0,1,1120000
7866533,1,1,1,1,0,0,1,820000
7801975,1,1,1,1,0,1,1,3900000
7872420,1,1,1,1,0,0,1,900000
7870083,1,1,1,1,1,0,1,405000
7861405,1,1,1,1,1,0,0,780000
7885487,1,1,1,1,0,0,1,1266666.6667
7896601,1,1,1,1,0,0,1,1633333.3333
7820675,1,1,1,1,0,0,1,1068333.3333
7885873,1,1,1,1,0,0,1,1235000
7822809,1,1,1,1,0,0,1,1370000
7834383,1,1,1,1,0,0,1,1686666.6667
7792990,1,1,1,1,0,0,0,1336000
7904610,1,1,1,1,0,0,1,600000
7870643,1,1,1,1,0,0,1,566000
7860160,1,1,1,1,0,0,1,915000
7828392,1,1,1,1,0,0,0,970000
7875722,1,1,1,1,0,0,1,1443333.3333
7812833,1,1,1,1,0,0,1,1451666.6667
7885618,1,1,1,1,0,0,1,1681666.6667
7793361,1,1,1,1,0,0,1,900000
7832226,1,1,1,1,0,0,1,250000
7823771,1,1,1,1,0,0,1,1330000
7886550,1,1,1,1,0,0,1,1545000
7882544,1,1,1,1,0,0,1,800000
7848825,1,1,1,1,0,0,0,970000
7907222,1,1,1,1,0,0,1,775000
7866799,1,1,1,1,0,0,1,532000
7860934,1,1,1,1,0,0,1,1622500
7796780,1,1,1,1,1,0,1,1358666.6667
7863506,1,1,1,1,0,0,1,2240000
7788009,1,1,1,1,0,0,0,1965000
7806636,1,1,1,1,0,0,1,950000
7861658,1,1,1,1,0,0,0,1000000
7866537,1,1,1,1,0,0,1,842500
7822275,1,1,1,1,0,0,1,2096666.6667
7874893,1,1,1,1,0,0,1,1135000
7857521,1,1,1,1,0,0,1,553333.33333
7855912,1,1,1,1,0,0,1,800000
7796059,1,1,1,1,0,0,0,330000
7817662,1,1,1,1,0,0,1,1147500
7881573,1,1,1,1,0,0,1,1897000
7807136,1,1,1,1,0,0,1,1791666.6667
7825002,1,1,1,1,0,0,1,2000000
7819880,1,1,1,1,0,0,0,235000
7856653,1,1,1,1,0,0,1,483333.33333
7844688,1,1,1,1,0,0,1,605000
7839064,1,1,1,1,0,0,1,655000
7827685,1,1,1,1,0,0,1,1500000
7787969,1,1,1,1,0,0,0,1480000
7871878,1,1,1,1,0,0,1,1550000
7816377,1,1,1,1,0,0,0,700000
7813472,1,1,1,1,0,0,1,1110000
7866743,1,1,1,1,0,0,1,800000
7904016,1,1,1,1,0,0,1,557500
7823086,1,1,1,1,0,0,1,2465000
7866780,1,1,1,1,0,0,1,1570833.3333
7867890,1,1,1,1,0,0,1,1150000
7874465,1,1,1,1,0,0,1,2288838.6667
7898254,1,1,1,1,0,0,1,1056666.6667
7890930,1,1,1,1,0,0,1,300000
7860816,1,1,1,1,1,0,1,700000
7859960,1,1,1,1,0,0,1,2834000
7900202,1,1,1,1,0,0,1,1060000
7804429,1,1,1,1,0,0,1,1398666.6667
7855931,1,1,1,1,0,0,1,650000
7858928,1,1,1,1,0,0,1,502916.66667
7855387,1,1,1,1,0,0,0,1450000
7885918,1,1,1,1,0,0,1,3500000
7820869,1,1,1,1,0,0,1,225000
7864536,1,1,1,1,0,0,0,335000
7853604,1,1,1,1,0,0,1,91666.666667
7885112,1,1,1,1,0,0,1,1050000
7867189,1,1,1,1,0,0,1,1067500
7901925,1,1,1,1,0,0,1,80000
7847122,1,1,1,1,0,0,1,745000
7828842,1,1,1,1,0,0,0,290000
7846947,1,1,1,1,0,0,0,1666666.6667
7864031,1,1,1,1,0,0,1,900000
7857348,1,1,1,1,0,0,1,1047500
7792255,1,1,1,1,0,0,1,1586666.6667
7836877,1,1,1,1,0,0,1,100000
7840793,1,1,1,1,0,0,1,630000
7834331,1,1,1,1,1,0,0,4068333.3333
7820394,1,1,1,1,0,0,0,198333.33333
7793561,1,1,1,1,0,0,1,1651666.6667
7840032,1,1,1,1,0,0,1,1373333.3333
7839834,1,1,1,1,0,0,1,1100000
7808046,1,1,1,1,0,0,1,610000
7807701,1,1,1,1,0,0,1,555833.33333
7856564,1,1,1,1,0,0,1,720000
7817059,1,1,1,1,0,0,1,796666.66667
7812705,1,1,1,1,0,0,1,1000000
7841519,1,1,1,1,0,0,0,406666.66667
7820903,1,1,1,1,1,0,1,2048000
7792587,1,1,1,1,0,0,1,1506666.6667
7812938,1,1,1,1,0,0,1,737500
7847320,1,1,1,1,0,0,1,1100000
7847836,1,1,1,1,0,0,1,700000
7844755,1,1,1,1,0,0,1,90000
7825964,1,1,1,1,0,0,1,362500
7840963,1,1,1,1,0,0,1,800000
7811741,1,1,1,1,0,0,1,2670000
7841340,1,1,1,1,1,0,0,3008333.3333
7892769,1,1,1,1,0,0,1,183000
7854341,1,1,1,1,0,0,1,745000
7790239,1,1,1,1,0,0,1,550000
7802485,1,1,1,1,0,0,1,500000
7796943,1,1,1,1,0,0,1,1737500
7804834,1,1,1,1,0,0,1,900000
7828438,1,1,1,1,0,0,0,1341666.6667
7900840,1,1,1,1,1,0,1,215000
7879352,1,1,1,1,0,0,1,500000
7898639,1,1,1,1,0,0,1,1000000
7871198,1,1,1,1,0,0,1,1733838.6667
7845192,1,1,1,1,0,0,1,1750000
7853937,1,1,1,1,0,0,1,2000000
7813400,1,1,1,1,0,0,0,1200000
7877587,1,1,1,1,0,0,0,1900000
7811987,1,1,1,1,0,0,1,1303333.3333
7843810,1,1,1,1,0,0,1,575000
7879858,1,1,1,1,0,0,1,110000
7817316,1,1,1,1,0,0,1,1700000
7855960,1,1,1,1,0,0,1,100000
7884173,1,1,1,1,0,0,0,1050000
7898382,1,1,1,1,0,0,1,2053333.3333
7856697,1,1,1,1,0,0,1,466666.66667
7799132,1,1,1,1,0,0,0,1300000
7802071,1,1,1,1,0,0,0,310000
7906992,1,1,1,1,0,0,0,430000
7876088,1,1,1,1,0,0,1,400000
7893681,1,1,1,1,0,0,1,1500000
7841462,1,1,1,1,0,0,1,1850000
7875378,1,1,1,1,0,0,1,650000
7866847,1,1,1,1,0,0,1,300000
7871377,1,1,1,1,1,0,1,1256666.6667
7886247,1,1,1,1,0,0,1,900000
7877247,1,1,1,1,0,0,1,550000
7872519,1,1,1,1,0,0,0,960000
7851635,1,1,1,1,0,0,1,65000
7871357,1,1,1,1,1,0,1,1483333.3333
7883225,1,1,1,1,0,0,1,1450000
7907852,1,1,1,1,0,0,1,1000000
7797092,1,1,1,1,1,0,1,125000
7861870,1,1,1,1,0,0,1,1450000
7808722,1,1,1,1,1,0,1,380000
7804104,1,1,1,1,0,0,1,7740000
7858403,1,1,1,1,0,0,1,1441666.6667
7872572,1,1,1,1,0,0,1,550000
7866857,1,1,1,1,0,0,1,1016666.6667
7825176,1,1,1,1,0,0,1,1900000
7798693,1,1,1,1,0,0,1,1080000
7856624,1,1,1,1,0,0,1,960000
7792553,1,1,1,1,0,0,1,1000000
7826484,1,1,1,1,0,0,1,1800000
7870682,1,1,1,1,0,0,1,2920000
7876197,1,1,1,1,0,0,1,1300000
7805080,1,1,1,1,0,0,1,175000
7876216,1,1,1,1,0,0,0,1500000
7856819,1,1,1,1,0,0,0,1750000
7844142,1,1,1,1,0,0,1,651666.66667
7878699,1,1,1,1,0,0,1,1090000
7859631,1,1,1,1,0,0,1,1930000
7906487,1,1,1,1,0,0,1,441666.66667
7790212,1,1,1,1,0,0,1,8200000
7909426,1,1,1,1,0,0,1,1000000
7889002,1,1,1,1,0,0,1,492500
7886780,1,1,1,1,0,0,1,1450000
7856307,1,1,1,1,0,0,1,695000
7863881,1,1,1,1,0,0,1,900000
7897904,1,1,1,1,0,0,1,2413333.3333
7840948,1,1,1,1,0,0,1,1303333.3333
7853800,1,1,1,1,0,0,1,470833.33333
7818784,1,1,1,1,0,0,1,1200000
7838527,1,1,1,1,0,0,1,1000000
7830590,1,1,1,1,0,0,1,1000000
7860476,1,1,1,1,0,0,1,1140000
7837743,1,1,1,1,0,0,0,410000
7885009,1,1,1,1,0,0,0,430000
7798140,1,1,1,1,0,0,1,871900
7846739,1,1,1,1,0,0,0,960000
7860210,1,1,1,1,0,0,1,896666.66667
7835802,1,1,1,1,0,0,1,750000
7825416,1,1,1,1,0,0,0,439166.66667
7888559,1,1,1,1,0,0,1,2877500
7859037,1,1,1,1,0,0,1,2150000
7859975,1,1,1,1,0,0,1,2200000
7826669,1,1,1,1,0,0,0,1300000
7834461,1,1,1,1,0,0,1,600000
7853180,1,1,1,1,0,0,1,1037500
7852193,1,1,1,1,0,0,1,1438333.3333
7788468,1,1,1,1,1,0,0,1498333.3333
7827412,1,1,1,1,0,0,1,899583.33333
7848451,1,1,1,1,0,0,1,512500
7791281,1,1,1,1,0,0,1,800000
7853718,1,1,1,1,0,0,1,890000
7877177,1,1,1,1,0,0,1,900000
7828553,1,1,1,1,0,0,0,1141666.6667
7852235,1,1,1,1,0,0,0,665000
7789224,1,1,1,1,0,0,0,416666.66667
7829301,1,1,1,1,0,0,1,420000
7849148,1,1,1,1,0,0,1,2966666.6667
7832793,1,1,1,1,0,0,1,12183333.333
7895635,1,1,1,1,0,0,1,2736000
7867203,1,1,1,1,0,0,1,1131666.6667
7825397,1,1,1,1,0,0,1,1395000
7836639,1,1,1,1,0,0,1,551666.66667
7866661,1,1,1,1,0,0,0,2091666.6667
7860400,1,1,1,1,0,0,1,840000
7870930,1,1,1,1,0,0,0,300000
7846708,1,1,1,1,0,0,1,1100000
7825546,1,1,1,1,0,0,1,800000
7827687,1,1,1,1,1,0,1,1216666.6667
7849607,1,1,1,1,0,0,1,1126900
7804633,1,1,1,1,0,0,0,780000
7825755,1,1,1,1,0,0,0,616666.66667
7908375,1,1,1,1,0,0,1,2536166.6667
7826856,1,1,1,1,0,0,1,320000
7904309,1,1,1,1,0,0,1,830000
7876167,1,1,1,1,0,0,1,1366666.6667
7802119,1,1,1,1,0,0,1,816666.66667
7880310,1,1,1,1,1,0,1,1280000
7839309,1,1,1,1,0,0,1,800000
7874528,1,1,1,1,0,0,1,1344166.6667
7840451,1,1,1,1,0,0,1,80000
7807784,1,1,1,1,0,0,1,1343333.3333
7807023,1,1,1,1,0,0,0,4580000
7899720,1,1,1,1,1,0,0,1730000
7889549,1,1,1,1,0,0,1,300000
7828925,1,1,1,1,0,0,1,896666.66667
7866140,1,1,1,1,0,0,1,1370000
7901655,1,1,1,1,0,0,1,293333.33333
7863411,1,1,1,1,0,0,0,1600000
7829937,1,1,1,1,0,0,1,272500
7883788,1,1,1,1,0,0,1,160000
7905395,1,1,1,1,0,0,0,413333.33333
7849593,1,1,1,1,1,0,1,2287500
7883536,1,1,1,1,0,0,1,566666.66667
7883844,1,1,1,1,0,0,0,1150000
7868150,1,1,1,1,0,0,0,142500
7796926,1,1,1,1,0,0,0,1358333.3333
7905281,1,1,1,1,0,0,1,600000
7881899,1,1,1,1,0,0,1,600000
7819895,1,1,1,1,0,0,1,900000
7842902,1,1,1,1,0,1,1,430000
7816113,1,1,1,1,0,0,1,1335000
7844962,1,1,1,1,0,0,1,1340000
7909360,1,1,1,1,0,0,1,400000
7797660,1,1,1,1,0,0,1,2642500
7898933,1,1,1,1,1,0,1,420000
7867257,1,1,1,1,0,0,0,1200000
7853634,1,1,1,1,0,0,0,2122500
7845698,1,1,1,1,0,0,0,741666.66667
7843825,1,1,1,1,0,0,0,696666.66667
7828211,1,1,1,1,0,1,1,1100000
7806914,1,1,1,1,0,0,1,3280000
7826413,1,1,1,1,0,0,1,700000
7908791,1,1,1,1,0,0,1,600000
7839655,1,1,1,1,0,0,0,386666.66667
7895459,1,1,1,1,0,1,0,4516666.6667
7792894,1,1,1,1,0,0,0,450000
7793652,1,1,1,1,0,1,1,1516666.6667
7892195,1,1,1,1,0,0,1,400000
7822020,1,1,1,1,0,0,1,1220000
7829344,1,1,1,1,0,0,1,1083333.3333
7835740,1,1,1,1,0,0,0,845000
7871623,1,1,1,1,0,0,1,1544500
7887235,1,1,1,1,0,0,1,66666.666667
7855095,1,1,1,1,0,0,1,570000
7795700,1,1,1,1,0,0,1,220000
7861996,1,1,1,1,0,0,1,600000
7805343,1,1,1,1,0,0,1,2916666.6667
7897972,1,1,1,1,0,0,1,1280000
7825136,1,1,1,1,0,0,1,600000
7899126,1,1,1,1,0,0,0,1200000
7838615,1,1,1,1,0,0,1,412500
7849516,1,1,1,1,0,0,1,812500
7817634,1,1,1,1,0,0,1,585000
7847561,1,1,1,1,0,0,1,800000
7845440,1,1,1,1,0,0,0,1700000
7831640,1,1,1,1,0,0,1,700000
7798572,1,1,1,1,1,0,1,1228500
7877098,1,1,1,1,0,0,1,408333.33333
7866303,1,1,1,1,0,0,1,869000
7843422,1,1,1,1,0,0,1,600000
7863078,1,1,1,1,0,0,1,620000
7821650,1,1,1,1,0,0,1,702416.66667
7842301,1,1,1,1,0,0,1,1037500
7820117,1,1,1,1,0,0,1,1000000
7878311,1,1,1,1,0,0,1,1333666.6667
7821934,1,1,1,1,0,0,1,216666.66667
7821515,1,1,1,1,0,0,1,1400333.3333
7790273,1,1,1,1,0,0,0,800000
7852816,1,1,1,1,0,0,1,1980000
7840562,1,1,1,1,0,0,1,1375000
7894167,1,1,1,1,0,0,0,2180000
7824390,1,1,1,1,0,0,1,1460000
7840511,1,1,1,1,0,0,1,650833.33333
7849633,1,1,1,1,0,0,1,1108333.3333
7833228,1,1,1,1,0,0,1,1132500
7869589,1,1,1,1,0,0,1,900000
7861794,1,1,1,1,0,0,1,758333.33333
7859205,1,1,1,1,0,0,1,650000
7856459,1,1,1,1,0,0,1,305000
7820534,1,1,1,1,0,0,1,1000000
7811598,1,1,1,1,1,0,1,125000
7850549,1,1,1,1,0,0,1,1100000
7866989,1,1,1,1,0,0,1,800000
7861624,1,1,1,1,0,0,1,1045000
7835705,1,1,1,1,0,0,1,700000
7875181,1,1,1,1,1,0,1,920000
7842791,1,1,1,1,0,0,1,1652500
7816875,1,1,1,1,0,0,0,980000
7852574,1,1,1,1,0,1,1,391666.66667
7908538,1,1,1,1,0,0,1,4537500
7808268,1,1,1,1,0,0,1,783333.33333
7846750,1,1,1,1,0,0,1,280000
7829328,1,1,1,1,0,0,0,620833.33333
7823999,1,1,1,1,0,0,1,170000
7809312,1,1,1,1,0,0,0,900000
7832038,1,1,1,1,0,0,1,440000
7854718,1,1,1,1,0,0,0,2941666.6667
7802204,1,1,1,1,0,0,1,183333.33333
7852785,1,1,1,1,0,0,1,909583.33333
7821035,1,1,1,1,0,0,1,878333.33333
7833062,1,1,1,1,0,0,0,800000
7888247,1,1,1,1,1,0,1,930000
7794784,1,1,1,1,0,0,1,1063333.3333
7835006,1,1,1,1,0,0,1,1043333.3333
7874422,1,1,1,1,0,0,0,400000
7899204,1,1,1,1,0,0,1,495000
7838308,1,1,1,1,0,0,1,1000000
7832577,1,1,1,1,0,0,0,150000
7881382,1,1,1,1,0,0,1,1400000
7854615,1,1,1,1,0,0,1,938333.33333
7812808,1,1,1,1,0,0,1,12400000
7898421,1,1,1,1,1,0,1,470000
7877018,1,1,1,1,0,0,1,1158666.6667
7875061,1,1,1,1,0,0,1,2880000
7863936,1,1,1,1,0,0,1,1835000
7829901,1,1,1,1,0,0,1,333333.33333
7843860,1,1,1,1,0,0,0,1300000
7788429,1,1,1,1,0,0,1,850000
7842296,1,1,1,1,0,0,1,1665833.3333
7816483,1,1,1,1,0,0,1,2755000
7802529,1,1,1,1,0,0,1,970000
7841350,1,1,1,1,0,0,1,800000
7884266,1,1,1,1,0,0,1,454166.66667
7840402,1,1,1,1,0,0,1,1520833.3333
7829705,1,1,1,1,0,0,1,300000
7831063,1,1,1,1,0,0,1,1365833.3333
7854600,1,1,1,1,0,0,1,800000
7813940,1,1,1,1,0,0,1,1760000
7846221,1,1,1,1,0,0,1,426666.66667
7845370,1,1,1,1,0,0,1,1440000
7812812,1,1,1,1,0,0,1,330000
7792090,1,1,1,1,0,0,1,2100000
7825763,1,1,1,1,0,0,1,930000
7872881,1,1,1,1,0,0,1,615000
7823655,1,1,1,1,0,0,1,4706666.6667
7901729,1,1,1,1,0,0,1,2117500
7905911,1,1,1,1,0,0,1,522000
7851462,1,1,1,1,0,0,1,1700000
7898993,1,1,1,1,0,0,1,190000
7836962,1,1,1,1,0,0,1,700000
7826244,1,1,1,1,0,0,0,1350000
7818866,1,1,1,1,0,0,0,1274166.6667
7807115,1,1,1,1,0,0,1,1158866.6667
7841828,1,1,1,1,0,0,1,383333.33333
7836098,1,1,1,1,0,0,1,2621666.6667
7828197,1,1,1,1,0,0,0,3597000
7818226,1,1,1,1,0,0,1,431666.66667
7837343,1,1,1,1,0,0,1,600000
7807407,1,1,1,1,0,0,0,860000
7788092,1,1,1,1,0,0,1,3708333.3333
7850840,1,1,1,1,0,0,1,1577166.6667
7876734,1,1,1,1,0,0,1,1150000
7858242,1,1,1,1,0,0,1,3141666.6667
7854518,1,1,1,1,0,0,1,616666.66667
7831486,1,1,1,1,0,0,1,2440000
7826754,1,1,1,1,1,0,1,252083.33333
7826885,1,1,1,1,0,0,1,220000
7833806,1,1,1,1,0,0,1,1008333.3333
7874375,1,1,1,1,0,0,1,1050000
7850940,1,1,1,1,0,0,1,710000
7798063,1,1,1,1,0,0,1,470000
7873689,1,1,1,1,0,0,0,166666.66667
7844671,1,1,1,1,0,0,1,850000
7807603,1,1,1,1,0,0,1,3000000
7883135,1,1,1,1,0,0,1,2000000
7869792,1,1,1,1,0,0,1,1400000
7842854,1,1,1,1,0,0,1,967000
7856890,1,1,1,1,0,0,0,1200000
7820597,1,1,1,1,1,0,1,300000
7794064,1,1,1,1,0,0,1,456250
7838864,1,1,1,1,0,0,1,1199166.6667
7862474,1,1,1,1,0,0,1,450000
7846019,1,1,1,1,0,0,1,471666.66667
7877982,1,1,1,1,0,0,1,141666.66667
7821422,1,1,1,1,0,0,1,720000
7868258,1,1,1,1,0,0,0,300000
7817704,1,1,1,1,0,0,1,300000
7867988,1,1,1,1,0,0,1,1570000
7909705,1,1,1,1,1,0,1,155010
7812133,1,1,1,1,0,0,1,600000
7852909,1,1,1,1,0,0,0,1105000
7815186,1,1,1,1,0,0,1,1110000
7856588,1,1,1,1,0,0,1,2729166.6667
7864609,1,1,1,1,0,0,1,1050000
7860601,1,1,1,1,0,0,0,1280000
7807047,1,1,1,1,0,0,1,940133.33333
7871636,1,1,1,1,0,0,1,850000
7834097,1,1,1,1,0,0,1,750000
7883031,1,1,1,1,0,0,1,2000000
7829507,1,1,1,1,0,0,1,545000
7796790,1,1,1,1,0,0,1,650000
7798212,1,1,1,1,0,0,1,850000
7824490,1,1,1,1,0,0,1,900000
7890545,1,1,1,1,0,0,1,4233333.3333
7825264,1,1,1,1,0,0,1,1110000
7845806,1,1,1,1,0,0,1,400000
7845903,1,1,1,1,0,0,1,1417333.3333
7870919,1,1,1,1,0,0,1,100000
7832472,1,1,1,1,0,0,0,1045000
7797464,1,1,1,1,0,0,1,200000
7903828,1,1,1,1,0,0,1,670000
7822589,1,1,1,1,0,0,1,433333.33333
7899859,1,1,1,1,0,0,1,3305000
7845050,1,1,1,1,0,0,1,196666.66667
7830936,1,1,1,1,0,0,0,266500
7788753,1,1,1,1,0,0,1,494166.66667
7849916,1,1,1,1,0,0,1,657083.33333
7805845,1,1,1,1,0,0,1,1700000
7877059,1,1,1,1,1,0,0,2516166.6667
7794194,1,1,1,1,0,0,1,628333.33333
7817116,1,1,1,1,0,0,1,2550000
7863720,1,1,1,1,0,0,1,1609166.6667
7854178,1,1,1,1,0,0,1,6866666.6667
7845221,1,1,1,1,0,0,1,1755000
7849869,1,1,1,1,0,0,1,2300000
7833773,1,1,1,1,0,0,1,510000
7850307,1,1,1,1,0,0,0,868833.33333
7850176,1,1,1,1,1,0,1,300000
7886741,1,1,1,1,0,0,1,2554672
7843228,1,1,1,1,0,0,1,1763333.3333
7836359,1,1,1,1,1,0,1,770833.33333
7845768,1,1,1,1,0,0,1,470000
7834822,1,1,1,1,0,0,1,990000
7871088,1,1,1,1,1,0,1,1520000
7904660,1,1,1,1,1,0,1,800000
7860474,1,1,1,1,0,0,1,661666.66667
7900085,1,1,1,1,0,0,1,700000
7902553,1,1,1,1,0,0,1,20580000
7846074,1,1,1,1,0,0,0,1306833.3333
7815466,1,1,1,1,0,0,1,300000
7861020,1,1,1,1,0,0,1,390000
7877244,1,1,1,1,1,0,0,2617000
7884554,1,1,1,1,0,0,0,763333.33333
7868752,1,1,1,1,0,0,1,508333.33333
7846110,1,1,1,1,0,0,1,556666.66667
7791546,1,1,1,1,0,0,1,1133333.3333
7848125,1,1,1,1,0,0,0,900000
7798145,1,1,1,1,0,0,1,1336666.6667
7883741,1,1,1,1,0,0,0,281666.66667
7833885,1,1,1,1,0,0,1,354166.66667
7870714,1,1,1,1,0,0,1,193333.33333
7887144,1,1,1,1,0,0,1,148333.33333
7796561,1,1,1,1,0,0,1,200000
7874976,1,1,1,1,0,0,1,1641666.6667
7849243,1,1,1,1,0,0,1,480000
7842469,1,1,1,1,0,0,1,890000
7833622,1,1,1,1,0,0,1,280000
7819677,1,1,1,1,0,0,1,400000
7825594,1,1,1,1,0,0,1,1800000
7845218,1,1,1,1,0,0,1,1205000
7871438,1,1,1,1,0,0,0,2964166.6667
7880992,1,1,1,1,0,0,0,500000
7829975,1,1,1,1,0,0,1,1050000
7825653,1,1,1,1,0,0,1,1123333.3333
7794343,1,1,1,1,0,0,0,2220000
7802187,1,1,1,1,0,0,0,2110000
7811535,1,1,1,1,0,0,1,540000
7849594,1,1,1,1,0,0,1,800000
7823852,1,1,1,1,0,0,1,1150000
7795892,1,1,1,1,0,0,0,2558333.3333
7842959,1,1,1,1,0,0,1,1350000
7881352,1,1,1,1,0,0,1,680000
7836997,1,1,1,1,0,0,1,775000
7804739,1,1,1,1,0,0,0,626666.66667
7837222,1,1,1,1,0,0,1,1367000
7794110,1,1,1,1,0,0,1,1330000
7858467,1,1,1,1,1,0,0,313333.33333
7851228,1,1,1,1,0,0,1,490000
7809120,1,1,1,1,0,0,1,1266666.6667
7826835,1,1,1,1,0,0,1,17851083.333
7852459,1,1,1,1,0,0,1,633333.33333
7812033,1,1,1,1,0,0,1,950000
7825231,1,1,1,1,0,0,1,580000
7804384,1,1,1,1,0,0,1,635000
7844619,1,1,1,1,0,0,1,1350000
7890540,1,1,1,1,0,0,1,1000000
7852453,1,1,1,1,0,0,1,4060000
7816080,1,1,1,1,0,0,1,1650000
7863993,1,1,1,1,0,0,1,1345000
7837010,1,1,1,1,1,0,1,1200000
7889360,1,1,1,1,0,0,1,1901600
7789606,1,1,1,1,0,0,0,1631666.6667
7882124,1,1,1,1,0,0,1,1200000
7862900,1,1,1,1,0,0,1,480000
7804480,1,1,1,1,0,0,0,2048333.3333
7894218,1,1,1,1,0,0,1,1580000
7867373,1,1,1,1,0,0,1,590000
7905685,1,1,1,1,1,0,1,2900000
7852695,1,1,1,1,0,0,1,896666.66667
7903373,1,1,1,1,0,0,1,1205000
7822876,1,1,1,1,0,0,1,800000
7831052,1,1,1,1,0,0,1,898333.33333
7836477,1,1,1,1,0,0,1,912500
7868468,1,1,1,1,0,0,1,300000
7876462,1,1,1,1,0,0,1,1800000
7860414,1,1,1,1,0,0,0,715000
7856056,1,1,1,1,0,0,1,743333.33333
7829716,1,1,1,1,0,0,0,401666.66667
7835389,1,1,1,1,0,0,1,230000
7834787,1,1,1,1,0,0,1,3248333.3333
7858492,1,1,1,1,0,0,1,2837500
7845712,1,1,1,1,0,0,1,1180000
7906982,1,1,1,1,0,0,1,1060000
7858196,1,1,1,1,0,0,1,1250000
7828276,1,1,1,1,0,0,1,611666.66667
7818369,1,1,1,1,0,0,1,21976333.333
7848424,1,1,1,1,0,0,1,716666.66667
7838617,1,1,1,1,0,0,1,1025000
7909430,1,1,1,1,0,0,1,1720000
7858725,1,1,1,1,0,0,0,2326336.6667
7851126,1,1,1,1,0,0,1,1983333.3333
7798431,1,1,1,1,0,0,1,650000
7826542,1,1,1,1,0,0,0,800000
7829617,1,1,1,1,0,0,1,690000
7843753,1,1,1,1,0,0,0,1100000
7851533,1,1,1,1,0,0,0,625000
7851112,1,1,1,1,0,0,0,570000
7885326,1,1,1,1,0,0,1,1416666.6667
7820345,1,1,1,1,0,0,1,845000
7873132,1,1,1,1,0,0,1,1008333.3333
7878228,1,1,1,1,0,0,1,750000
7833125,1,1,1,1,1,0,1,663333.33333
7797004,1,1,1,1,0,0,1,250000
7807584,1,1,1,1,0,0,1,140000
7834213,1,1,1,1,0,0,1,780000
7849111,1,1,1,1,1,0,1,890000
7855688,1,1,1,1,0,0,1,1223333.3333
7901079,1,1,1,1,0,0,0,1385000
7805495,1,1,1,1,0,0,1,405000
7888414,1,1,1,1,0,0,1,1245000
7884088,1,1,1,1,0,0,1,700000
7790830,1,1,1,1,1,0,0,1080000
7886969,1,1,1,1,0,0,0,1400000
7856598,1,1,1,1,0,0,1,550000
7815265,1,1,1,1,0,0,1,610000
7852517,1,1,1,1,0,0,1,850000
7874088,1,1,1,1,0,0,1,1300000
7874425,1,1,1,1,0,0,0,162500
7832302,1,1,1,1,0,0,1,100000
7880018,1,1,1,1,0,0,1,530000
7792244,1,1,1,1,0,0,0,803333.33333
7884148,1,1,1,1,0,0,1,1550000
7867928,1,1,1,1,0,0,1,1920000
7843837,1,1,1,1,0,0,1,475833.33333
7827048,1,1,1,1,0,0,1,233333.33333
7858468,1,1,1,1,0,0,1,210000
7826182,1,1,1,1,0,0,0,935000
7854000,1,1,1,1,0,0,1,2667500
7851824,1,1,1,1,0,0,1,300000
7819959,1,1,1,1,0,0,1,1041666.6667
7813378,1,1,1,1,0,0,1,1297500
7839635,2,1,2,1,0,0,1,1300000
7834607,1,1,1,1,0,0,1,1200000
7845736,1,1,1,1,0,0,1,366666.66667
7875743,1,1,1,1,0,0,1,402500
7892661,1,1,1,1,0,0,1,10091666.667
7821243,1,1,1,1,0,0,0,980000
7900707,1,1,1,1,0,0,1,2053333.3333
7865876,1,1,1,1,0,0,0,200000
7812194,1,1,1,1,0,0,1,66666.666667
7835596,1,1,1,1,0,0,0,2000000
7872531,1,1,1,1,0,0,1,580833.33333
7803172,1,1,1,1,0,0,1,650000
7820976,1,1,1,1,0,0,1,796666.66667
7870533,1,1,1,1,0,0,1,130000
7795262,1,1,1,1,0,0,1,780000
7891868,1,1,1,1,0,0,1,353333.33333
7845670,1,1,1,1,1,0,1,1624000
7815403,1,1,1,1,0,0,1,700000
7841911,1,1,1,1,0,0,0,1061666.6667
7836569,1,1,1,1,0,0,1,300000
7789031,1,1,1,1,0,0,0,780000
7896221,1,1,1,1,0,0,1,180000
7891877,1,1,1,1,0,0,1,156666.66667
7833354,1,1,1,1,0,0,1,370000
7864476,1,1,1,1,0,0,0,300000
7825666,1,1,1,1,0,0,1,1816666.6667
7856374,1,1,1,1,0,0,1,1150000
7896507,1,1,1,1,0,0,0,966666.66667
7834256,1,1,1,1,0,0,1,750000
7906945,2,1,2,1,0,0,0,1453500
7846054,1,1,1,1,0,0,1,430000
7807847,1,1,1,1,1,0,1,700000
7866614,1,1,1,1,0,0,1,358333.33333
7858721,1,1,1,1,0,0,1,6600000
7904513,1,1,1,1,0,0,1,515000
7812658,1,1,1,1,0,0,1,933333.33333
7857407,1,1,1,1,0,0,0,1083333.3333
7789840,1,1,1,1,0,0,1,297500
7867640,1,1,1,1,0,0,1,8450833.3333
7898461,1,1,1,1,0,0,0,300000
7865438,1,1,1,1,0,0,1,716666.66667
7841774,1,1,1,1,0,0,1,1766666.6667
7856091,1,1,1,1,0,0,1,522500
7802447,1,1,1,1,0,0,0,1000000
7817696,1,1,1,1,0,0,1,78333.333333
7889025,1,1,1,1,0,0,1,590000
7840330,1,1,1,1,0,0,0,166666.66667
7813280,1,1,1,1,0,0,1,1137500
7856814,1,1,1,1,0,1,1,400000
7891309,1,1,1,1,0,0,0,595833.33333
7817686,1,1,1,1,0,0,1,25040000
7910052,1,1,1,1,0,0,1,500000
7884439,1,1,1,1,0,0,0,1020000
7797225,1,1,1,1,1,0,1,550000
7887392,1,1,1,1,1,1,1,5416666.6667
7833374,1,1,1,1,0,0,1,2050000
7802429,1,1,1,1,0,0,1,1335000
7812872,1,1,1,1,0,0,1,2060000
7880663,1,1,1,1,0,0,1,500000
7900234,1,1,1,1,0,0,1,750000
7808342,1,1,1,1,0,0,0,1466666.6667
7832615,1,1,1,1,0,0,1,500000
7789244,1,1,1,1,0,1,1,500000
7873986,1,1,1,1,0,0,1,1200000
7861323,1,1,1,1,0,0,1,400000
7874404,1,1,1,1,0,0,1,891666.66667
7794952,1,1,1,1,0,0,1,400000
7865477,1,1,1,1,0,0,1,590000
7836666,1,1,1,1,0,0,1,1080000
7883223,1,1,1,1,0,0,1,545000
7899373,1,1,1,1,0,0,1,800000
7866416,1,1,1,1,0,0,0,1716666.6667
7839747,1,1,1,1,1,0,1,783333.33333
7893490,1,1,1,1,0,0,1,486250
7831036,1,1,1,1,0,0,1,325000
7815955,1,1,1,1,0,0,0,2680000
7802430,1,1,1,1,0,0,0,1250000
7812234,1,1,1,1,0,0,1,1050000
7832154,1,1,1,1,0,0,1,2183333.3333
7872387,1,1,1,1,0,0,1,560000
7840198,1,1,1,1,0,0,1,1026666.6667
7843484,1,1,1,1,0,0,1,608333.33333
7884853,2,1,2,1,0,0,1,1200000
7859184,1,1,1,1,0,0,1,400000
7822456,1,1,1,1,0,0,1,265833.33333
7887326,1,1,1,1,0,0,1,1095000
7798901,1,1,1,1,0,0,1,320000
7853378,1,1,1,1,0,0,1,1066666.6667
7849432,1,1,1,1,0,0,1,1050000
7878577,1,1,1,1,0,0,1,175000
7804649,1,1,1,1,0,0,1,200000
7898786,1,1,1,1,0,0,0,588333.33333
7830302,1,1,1,1,0,0,1,1500000
7856578,1,1,1,1,0,0,0,1166666.6667
7792976,1,1,1,1,1,0,0,750000
7871270,1,1,1,1,0,0,1,400000
7889036,1,1,1,1,0,0,1,1034166.6667
7821719,1,1,1,1,0,0,1,890000
7867924,1,1,1,1,0,0,1,11000000
7871592,1,1,1,1,0,0,1,1365000
7847760,1,1,1,1,0,0,1,708333.33333
7906552,1,1,1,1,0,0,1,900000
7900456,1,1,1,1,1,0,1,1666666.6667
7860690,1,1,1,1,0,0,0,560000
7795511,1,1,1,1,0,0,1,573000
7845603,1,1,1,1,0,0,1,191666.66667
7792045,1,1,1,1,0,0,1,235000
7861309,1,1,1,1,1,0,1,1143500
7812824,1,1,1,1,0,0,1,1937500
7822751,1,1,1,1,0,0,1,1250000
7804899,1,1,1,1,0,0,1,1030000
7854126,1,1,1,1,0,0,1,800000
7844423,1,1,1,1,0,0,1,793333.33333
7824074,1,1,1,1,0,0,1,1790000
7798482,1,1,1,1,0,0,1,1442500
7859315,1,1,1,1,0,0,1,2584583.3333
7866685,1,1,1,1,0,0,1,1410000
7793039,1,1,1,1,0,0,1,1233333.3333
7855952,1,1,1,1,0,0,1,90000
7880785,1,1,1,1,0,0,1,370000
7827540,1,1,1,1,1,0,1,673333.33333
7841089,1,1,1,1,0,0,1,300000
7787998,1,1,1,1,0,0,1,888333.33333
7829720,1,1,1,1,0,0,1,450000
7871486,1,1,1,1,0,0,0,1233000
7889004,1,1,1,1,0,0,1,1337500
7852899,1,1,1,1,0,1,0,2642000
7879800,1,1,1,1,0,0,1,1150000
7892252,1,1,1,1,0,0,1,2031666.6667
7795572,1,1,1,1,0,0,0,400000
7872433,1,1,1,1,0,0,1,1040000
7828080,1,1,1,1,0,0,0,1590000
7812693,1,1,1,1,0,0,1,1420000
7850767,1,1,1,1,0,0,1,835000
7871525,1,1,1,1,0,0,1,650000
7885502,1,1,1,1,0,0,1,1678333.3333
7840510,1,1,1,1,0,0,1,920000
7834679,1,1,1,1,0,0,1,3195731.5
7850030,1,1,1,1,0,0,1,953333.33333
7793619,1,1,1,1,0,0,0,1230833.3333
7812874,1,1,1,1,0,0,1,600000
7816658,1,1,1,1,0,0,1,195000
7817459,1,1,1,1,0,0,1,180000
7815276,1,1,1,1,0,0,0,1195000
7875796,1,1,1,1,0,0,1,680000
7891344,1,1,1,1,0,1,1,7392000
7880507,1,1,1,1,0,0,1,485500
7797955,1,1,1,1,0,0,1,1600000
7850828,1,1,1,1,0,0,1,5047333.3333
7890855,1,1,1,1,0,0,1,355000
7849918,1,1,1,1,0,0,1,900000
7856524,1,1,1,1,0,0,1,1285000
7905360,1,1,1,1,0,0,0,1250000
7820857,1,1,1,1,0,0,0,1250833.3333
7798141,1,1,1,1,0,0,1,100000
7906028,1,1,1,1,0,0,1,900000
7804824,1,1,1,1,0,0,1,600000
7896376,1,1,1,1,0,0,1,525000
7845079,1,1,1,1,0,0,1,2308333.3333
7898473,1,1,1,1,1,0,1,620000
7798045,1,1,1,1,0,0,1,430000
7824033,1,1,1,1,0,0,1,2470000
7907268,1,1,1,1,0,0,1,1625000
7902172,1,1,1,1,0,0,1,80000
7862248,1,1,1,1,0,0,1,341666.66667
7841029,1,1,1,1,0,0,1,305000
7884692,1,1,1,1,0,0,1,320000
7804645,1,1,1,1,0,0,1,1250000
7860094,1,1,1,1,0,0,1,960000
7830189,1,1,1,1,0,0,1,400000
7893584,1,1,1,1,0,0,1,440000
7796763,1,1,1,1,0,0,1,680000
7836651,1,1,1,1,0,0,1,1000000
7845666,1,1,1,1,0,0,0,1100000
7898604,1,1,1,1,0,0,1,1405000
7835724,1,1,1,1,0,0,0,13760000
7807081,1,1,1,1,0,0,0,1925000
7877082,1,1,1,1,0,0,1,630000
7895661,1,1,1,1,0,0,1,400000
7844156,1,1,1,1,0,0,1,1630000
7903706,1,1,1,1,0,0,1,180000
7880379,1,1,1,1,0,0,1,1196166.6667
7816241,1,1,1,1,0,0,0,10466666.667
7888452,1,1,1,1,0,0,1,1238333.3333
7864433,1,1,1,1,0,0,0,1300000
7805195,1,1,1,1,0,0,1,1655000
7811401,1,1,1,1,0,0,1,706666.66667
7791900,1,1,1,1,0,0,1,1000000
7886047,1,1,1,1,1,0,1,230000
7817877,1,1,1,1,0,0,0,715000
7840354,1,1,1,1,0,0,1,1250000
7906540,1,1,1,1,0,0,0,600000
7789387,1,1,1,1,0,0,0,1188666.6667
7860200,1,1,1,1,0,0,0,637500
7896138,1,1,1,1,0,0,0,887500
7832120,1,1,1,1,0,0,1,145000
7908739,1,1,1,1,0,0,1,1131666.6667
7821947,1,1,1,1,0,0,1,613333.33333
7797760,1,1,1,1,1,0,1,300000
7860537,1,1,1,1,0,0,1,400000
7858039,1,1,1,1,0,0,1,187500
7847780,1,1,1,1,0,0,1,955000
7875286,1,1,1,1,0,0,1,756833.33333
7861779,1,1,1,1,0,0,1,2012200
7860639,1,1,1,1,0,0,0,800000
7893729,1,1,1,1,0,0,1,1105000
7858399,1,1,1,1,0,0,0,800000
7859530,1,1,1,1,0,0,0,555000
7874519,1,1,1,1,0,0,0,541666.66667
7824377,1,1,1,1,0,0,1,723333.33333
7828237,1,1,1,1,0,0,1,700000
7838341,1,1,1,1,0,0,1,2000000
7872072,1,1,1,1,0,0,1,1350000
7846608,1,1,1,1,0,0,1,850000
7873012,1,1,1,1,0,0,0,869000
7896914,1,1,1,1,0,0,1,985000
7857220,1,1,1,1,0,0,1,485000
7805855,1,1,1,1,1,0,1,437500
7834106,1,1,1,1,0,0,0,150000
7854374,1,1,1,1,0,0,0,3250000
7889091,1,1,1,1,0,0,1,1438666.6667
7793597,1,1,1,1,0,0,0,1200000
7896620,1,1,1,1,0,0,1,2100000
7863755,1,1,1,1,0,0,1,1400000
7859309,1,1,1,1,0,0,0,638333.33333
7817762,1,1,1,1,0,0,0,1283333.3333
7875857,1,1,1,1,0,0,1,2300000
7827332,1,1,1,1,0,0,1,1445000
7858776,1,1,1,1,0,0,1,950000
7866859,1,1,1,1,0,0,1,800000
7859506,1,1,1,1,1,0,1,1280000
7798225,1,1,1,1,0,0,1,838333.33333
7857829,1,1,1,1,0,0,1,600000
7796623,1,1,1,1,0,0,0,670000
7887156,1,1,1,1,0,0,1,300000
7823827,1,1,1,1,0,0,1,1658333.3333
7886432,1,1,1,1,0,0,1,1141666.6667
7850784,1,1,1,1,0,0,1,109166.66667
7828989,1,1,1,1,1,0,1,250000
7862029,1,1,1,1,0,0,1,500000
7858342,1,1,1,1,0,0,1,130000
7888141,1,1,1,1,0,0,1,450000
7878796,1,1,1,1,0,0,0,400000
7850693,1,1,1,1,0,0,1,866666.66667
7850410,1,1,1,1,0,0,0,1730000
7795830,1,1,1,1,0,0,1,690000
7849066,1,1,1,1,0,0,1,1116666.6667
7822786,1,1,1,1,0,0,1,1500000
7885265,1,1,1,1,0,0,1,1075000
7811812,1,1,1,1,0,0,1,1950000
7817750,1,1,1,1,0,0,1,612500
7833340,1,1,1,1,0,0,1,280000
7802624,1,1,1,1,0,0,0,500000
7821768,1,1,1,1,0,0,1,700000
7908894,1,1,1,1,0,0,1,1000000
7885936,1,1,1,1,0,0,1,1200000
7823794,1,1,1,1,1,0,0,3976666.6667
7900193,1,1,1,1,0,0,0,1700000
7860544,1,1,1,1,0,0,1,300000
7867709,1,1,1,1,0,0,1,1031666.6667
7805206,1,1,1,1,0,0,0,880000
7855647,1,1,1,1,0,0,1,2413333.3333
7891759,1,1,1,1,0,0,0,1683838.6667
7791305,1,1,1,1,0,0,1,60000
7795274,1,1,1,1,0,0,1,760000
7796816,1,1,1,1,0,0,0,1313333.3333
7889245,1,1,1,1,0,0,1,1030000
7862830,1,1,1,1,0,0,1,1680000
7884256,1,1,1,1,0,0,0,1037500
7869861,1,1,1,1,0,0,1,300000
7832856,1,1,1,1,0,0,0,1420000
7855173,1,1,1,1,0,0,1,1825000
7880712,1,1,1,1,0,0,1,900000
7789671,1,1,1,1,0,0,1,1091666.6667
7791037,1,1,1,1,0,0,1,247500
7886453,1,1,1,1,0,0,1,700000
7822362,1,1,1,1,0,0,1,853333.33333
7825194,1,1,1,1,0,0,1,1183333.3333
7817300,1,1,1,1,0,0,1,2487500
7873725,1,1,1,1,0,0,1,1400000
7901327,1,1,1,1,0,0,1,1195000
7823525,1,1,1,1,0,0,1,350000
7789728,1,1,1,1,0,0,1,1350000
7856924,1,1,1,1,0,0,1,900000
7804103,1,1,1,1,0,0,0,2174000
7816115,1,1,1,1,0,0,1,1300000
7908374,1,1,1,1,1,0,1,2070000
7892200,1,1,1,1,0,0,1,850000
7820875,1,1,1,1,0,0,1,847500
7795945,1,1,1,1,1,0,1,280000
7866854,1,1,1,1,0,0,1,550000
7864040,1,1,1,1,0,0,1,771250
7796875,1,1,1,1,0,0,0,1068333.3333
7892163,1,1,1,1,0,0,1,1584916.6667
7818854,1,1,1,1,0,0,1,520000
7825795,1,1,1,1,0,0,1,3042500
7823333,1,1,1,1,1,0,1,721666.66667
7807744,1,1,1,1,0,0,1,608333.33333
7809322,1,1,1,1,0,0,1,1182500
7893439,1,1,1,1,0,0,1,1098000
7801969,1,1,1,1,0,0,1,813333.33333
7822816,1,1,1,1,0,0,0,487500
7908717,1,1,1,1,0,0,1,200000
7788180,1,1,1,1,0,0,0,1145000
7872075,1,1,1,1,0,0,1,2370000
7796261,1,1,1,1,0,0,1,600833.33333
7827424,1,1,1,1,0,0,1,556666.66667
7803425,1,1,1,1,0,0,1,340000
7859369,1,1,1,1,0,0,0,1300000
7798464,1,1,1,1,0,1,1,3188010.6667
7797187,1,1,1,1,0,0,1,1105000
7903558,1,1,1,1,0,0,0,1725000
7893844,1,1,1,1,0,0,1,840000
7834390,1,1,1,1,0,0,1,1100000
7907324,1,1,1,1,0,0,1,2484000
7832749,1,1,1,1,0,0,1,100000
7883270,1,1,1,1,0,0,1,850000
7863333,1,1,1,1,0,0,1,1240000
7811579,1,1,1,1,0,0,1,2658000
7886008,1,1,1,1,0,0,1,466666.66667
7838624,1,1,1,1,1,0,1,1340000
7833291,1,1,1,1,0,0,1,1240833.3333
7906837,1,1,1,1,0,0,1,720000
7842951,1,1,1,1,0,0,1,800000
7826416,1,1,1,1,0,0,1,705000
7839899,1,1,1,1,0,0,0,226666.66667
7860254,1,1,1,1,0,0,0,1000000
7807513,1,1,1,1,0,0,1,250000
7815453,1,1,1,1,0,0,1,776666.66667
7876397,1,1,1,1,0,0,1,1750000
7892127,1,1,1,1,0,0,1,10008333.333
7826271,1,1,1,1,0,0,0,1695000
7838725,1,1,1,1,0,0,1,600000
7888999,1,1,1,1,0,0,1,2812808.6667
7902310,2,1,2,1,0,0,1,300000
7818976,1,1,1,1,0,0,1,350000
7824913,1,1,1,1,0,0,1,600000
7884091,1,1,1,1,0,0,1,1490000
7826147,1,1,1,1,0,0,1,550000
7893288,1,1,1,1,1,0,1,908333.33333
7857547,1,1,1,1,0,0,1,1776666.6667
7894840,1,1,1,1,0,0,1,900000
7899459,1,1,1,1,0,0,1,2000000
7847946,1,1,1,1,0,0,1,850000
7847623,1,1,1,1,0,0,0,381666.66667
7850532,1,1,1,1,0,0,1,340000
7807695,1,1,1,1,0,1,1,1211500
7843374,1,1,1,1,0,0,1,700000
7884609,1,1,1,1,0,0,1,2400000
7820825,1,1,1,1,0,0,1,866666.66667
7875338,1,1,1,1,0,0,1,1174666.6667
7896860,1,1,1,1,0,0,1,400000
7845019,1,1,1,1,0,0,1,600000
7826003,1,1,1,1,0,0,0,1486666.6667
7841882,1,1,1,1,0,0,1,416666.66667
7853027,1,1,1,1,0,0,1,376666.66667
7868478,1,1,1,1,0,0,1,700000
7824700,1,1,1,1,0,0,0,1845833.3333
7830695,1,1,1,1,0,0,1,600000
7865070,1,1,1,1,0,0,0,4333333.3333
7907926,1,1,1,1,0,0,0,1270000
7899051,1,1,1,1,0,0,1,867500
7831462,1,1,1,1,0,0,0,1095000
7901422,1,1,1,1,0,0,1,3737000
7893745,1,1,1,1,0,0,1,630000
7824466,1,1,1,1,0,0,1,420000
7864472,1,1,1,1,0,0,1,1208333.3333
7857695,1,1,1,1,0,0,1,2391666.6667
7898877,1,1,1,1,1,0,1,1500000
7825316,1,1,1,1,0,0,0,10000000
7820149,1,1,1,1,0,0,1,200000
7814853,1,1,1,1,0,0,1,650000
7834799,1,1,1,1,0,0,1,250000
7804607,1,1,1,1,0,0,1,1110000
7852545,1,1,1,1,0,0,1,937500
7865719,1,1,1,1,0,0,1,721666.66667
7909660,1,1,1,1,0,0,1,602000
7824254,1,1,1,1,0,0,0,991666.66667
7878151,1,1,1,1,0,0,1,650000
7887971,1,1,1,1,0,1,1,8150000
7850951,1,1,1,1,0,0,1,1390000
7869660,1,1,1,1,0,0,1,708333.33333
7793457,1,1,1,1,0,0,1,1011666.6667
7835986,1,1,1,1,0,0,1,460000
7802515,1,1,1,1,0,0,0,1166666.6667
7832206,1,1,1,1,0,0,1,700000
7790118,1,1,1,1,0,0,1,800000
7789410,1,1,1,1,0,0,1,1158666.6667
7821662,1,1,1,1,0,0,1,1633333.3333
7882943,1,1,1,1,0,0,1,240000
7834996,1,1,1,1,0,0,1,1053333.3333
7872568,1,1,1,1,0,0,1,1510000
7870295,1,1,1,1,0,0,0,1650000
7803595,1,1,1,1,0,0,1,330000
7846125,1,1,1,1,0,0,1,1000000
7820065,1,1,1,1,0,0,1,900000
7862871,1,1,1,1,0,0,1,495666.66667
7843936,1,1,1,1,0,0,1,280000
7881070,1,1,1,1,0,0,1,780000
7909170,1,1,1,1,0,0,1,695833.33333
7816720,1,1,1,1,0,0,1,1100000
7814176,1,1,1,1,0,0,1,1400000
7859413,1,1,1,1,0,0,1,857500
7823775,1,1,1,1,0,0,0,900000
7837500,1,1,1,1,0,0,0,831666.66667
7906537,1,1,1,1,0,0,1,1301666.6667
7859728,1,1,1,1,0,0,1,980000
7849936,1,1,1,1,0,0,1,522333.33333
7792993,1,1,1,1,0,0,1,1654166.6667
7794095,1,1,1,1,1,0,0,710000
7890732,1,1,1,1,0,0,0,300000
7871287,1,1,1,1,0,0,1,2290000
7809302,1,1,1,1,0,0,1,1038500
7852081,1,1,1,1,0,0,0,2040833.3333
7843629,1,1,1,1,0,0,0,975000
7846821,1,1,1,1,0,0,1,600000
7798925,1,1,1,1,0,0,1,1392500
7826868,1,1,1,1,0,0,1,1166666.6667
7898683,1,1,1,1,0,0,1,1100000
7878483,1,1,1,1,0,0,1,100000
7882639,1,1,1,1,0,0,1,780000
7909032,1,1,1,1,0,0,1,700000
7815985,1,1,1,1,0,0,1,1149166.6667
7788798,2,1,2,1,0,0,0,550000
7811414,1,1,1,1,0,0,1,666666.66667
7908784,1,1,1,1,0,0,1,168333.33333
7870135,1,1,1,1,0,0,1,100000
7902664,1,1,1,1,0,0,0,2500000
7894456,1,1,1,1,0,0,1,218333.33333
7879533,1,1,1,1,0,0,1,1200000
7827334,1,1,1,1,0,0,1,206666.66667
7847012,1,1,1,1,0,0,1,5650000
7809193,1,1,1,1,0,0,1,660000
7882536,1,1,1,1,0,0,1,2815000
7873323,1,1,1,1,0,0,1,1450000
7882331,2,1,2,1,0,0,1,1355000
7819105,1,1,1,1,0,0,1,1855000
7853730,1,1,1,1,0,0,1,431666.66667
7821621,1,1,1,1,0,0,1,780000
7803658,1,1,1,1,0,0,1,1170000
7812257,1,1,1,1,0,0,1,21750000
7793915,1,1,1,1,0,0,1,800000
7814935,1,1,1,1,0,0,1,1000000
7897620,1,1,1,1,0,0,1,530000
7862542,1,1,1,1,0,0,1,358333.33333
7815783,1,1,1,1,0,0,1,1010000
7807947,1,1,1,1,0,0,1,408333.33333
7886547,1,1,1,1,0,0,0,508333.33333
7867025,1,1,1,1,0,0,1,2100000
7806050,1,1,1,1,0,0,1,1023333.3333
7887863,1,1,1,1,0,0,1,312500
7890463,1,1,1,1,0,0,1,1330000
7815823,1,1,1,1,0,0,1,1065000
7803500,1,1,1,1,0,0,1,2005000
7817161,1,1,1,1,0,0,1,416666.66667
7859108,1,1,1,1,0,0,1,680000
7821645,1,1,1,1,0,0,0,574400
7881529,1,1,1,1,0,0,0,980000
7811945,1,1,1,1,0,0,1,856666.66667
7830912,1,1,1,1,0,0,1,660000
7862398,1,1,1,1,0,1,1,1171666.6667
7798104,1,1,1,1,0,0,1,700000
7806117,1,1,1,1,0,0,1,648000
7825049,1,1,1,1,0,0,1,533333.33333
7858797,1,1,1,1,0,0,1,733333.33333
7882141,1,1,1,1,0,0,1,10214500
7818499,1,1,1,1,0,0,0,1890000
7871533,1,1,1,1,0,0,1,2197500
7837586,1,1,1,1,0,0,0,950000
7869941,1,1,1,1,0,0,0,1108333.3333
7881943,1,1,1,1,0,0,1,500000
7808068,1,1,1,1,0,0,1,2721666.6667
7849745,1,1,1,1,0,0,0,610000
7888597,1,1,1,1,0,0,1,1450000
7827094,1,1,1,1,0,0,1,200000
7889566,1,1,1,1,0,0,1,2660666.6667
7831873,1,1,1,1,0,0,1,1000000
7898141,1,1,1,1,0,0,1,2150000
7869180,1,1,1,1,0,0,1,80000
7834782,1,1,1,1,0,0,0,883333.33333
7903385,1,1,1,1,0,0,1,941666.66667
7865898,1,1,1,1,0,0,1,1060000
7854098,1,1,1,1,0,0,1,737500
7828246,1,1,1,1,0,0,0,170000
7873059,1,1,1,1,0,0,1,286666.66667
7831431,1,1,1,1,0,0,1,885000.66667
7834899,1,1,1,1,0,0,1,930000
7876213,1,1,1,1,0,0,0,320000
7874466,1,1,1,1,1,0,1,12416666.667
7848231,1,1,1,1,0,0,1,176666.66667
7840895,1,1,1,1,1,0,0,2592500
7900011,1,1,1,1,0,0,1,353333.33333
7848910,1,1,1,1,0,0,1,750000
7849346,1,1,1,1,0,0,1,1150000
7840238,1,1,1,1,0,0,1,3442000
7903368,1,1,1,1,0,0,1,1750000
7884481,1,1,1,1,0,0,1,412500
7838114,1,1,1,1,0,0,1,320000
7857997,1,1,1,1,0,0,1,855000
7840750,1,1,1,1,0,0,0,1000000
7901762,1,1,1,1,0,0,1,231666.66667
7839651,1,1,1,1,0,0,1,100000
7817056,1,1,1,1,0,0,0,800000
7863491,1,1,1,1,0,0,1,991666.66667
7871762,1,1,1,1,0,0,1,1829166.6667
7857686,1,1,1,1,0,0,1,1156666.6667
7903464,1,1,1,1,0,0,1,98333.333333
7795567,1,1,1,1,0,0,0,680000
7906849,1,1,1,1,0,0,1,2023333.3333
7877986,1,1,1,1,0,0,1,180000
7791208,1,1,1,1,0,0,1,636250
7830688,1,1,1,1,0,0,1,790000
7884856,1,1,1,1,0,0,1,900000
7829190,1,1,1,1,0,0,1,440000
7791725,1,1,1,1,0,0,0,3637083.3333
7829553,1,1,1,1,0,0,1,225000
7830717,1,1,1,1,0,0,1,856666.66667
7804488,1,1,1,1,0,0,1,141666.66667
7878518,1,1,1,1,0,0,1,500000
7869995,1,1,1,1,1,0,1,530000
7795246,2,1,2,1,0,0,1,330000
7863849,1,1,1,1,0,0,1,183333.33333
7840359,1,1,1,1,0,0,1,175000
7877555,1,1,1,1,0,0,1,1900000
7854590,1,1,1,1,0,0,1,850000
7875941,1,1,1,1,0,0,1,708333.33333
7856861,1,1,1,1,0,0,0,800000
7814875,1,1,1,1,0,0,1,650000
7845255,1,1,1,1,0,0,1,525000
7806822,1,1,1,1,0,0,0,1090000
7814195,1,1,1,1,0,0,1,1783333.3333
7827725,1,1,1,1,1,1,0,9083333.3333
7815400,1,1,1,1,0,0,1,1565833.3333
7883920,1,1,1,1,0,0,1,500000
7804614,1,1,1,1,0,0,1,500000
7818935,1,1,1,1,0,0,1,700000
7850482,1,1,1,1,0,0,0,2616666.6667
7815981,1,1,1,1,0,0,1,2430000
7802009,1,1,1,1,0,0,1,1300000
7845201,1,1,1,1,0,0,1,1258333.3333
7802177,1,1,1,1,0,0,1,1020000
7855594,1,1,1,1,0,0,1,1000000
7858046,1,1,1,1,0,0,0,1851666.6667
7794389,1,1,1,1,0,0,1,669500
7797865,1,1,1,1,0,0,1,1520000
7865623,1,1,1,1,0,0,1,83333.333333
7833315,1,1,1,1,0,0,1,390000
7850110,1,1,1,1,0,0,1,2685000
7838782,1,1,1,1,0,0,1,276666.66667
7881802,1,1,1,1,0,0,1,500000
7831639,1,1,1,1,0,0,1,1100000
7789684,1,1,1,1,0,0,1,200000
7866686,1,1,1,1,0,0,0,650000
7805679,1,1,1,1,0,0,1,861666.66667
7840627,1,1,1,1,0,0,1,1100000
7825045,1,1,1,1,0,0,1,1120000
7820904,1,1,1,1,0,0,0,660000
7818954,1,1,1,1,0,0,1,1750000
7857445,1,1,1,1,0,0,1,1355000
7856646,1,1,1,1,0,0,1,1573000
7863372,1,1,1,1,0,0,1,1416666.6667
7860489,1,1,1,1,0,0,1,1190000
7815986,1,1,1,1,0,1,0,3560000
7886263,1,1,1,1,0,0,0,1990000
7844846,1,1,1,1,0,0,1,520000
7789195,1,1,1,1,0,0,1,1741666.6667
7836503,1,1,1,1,0,0,1,550000
7878766,1,1,1,1,0,0,1,1816666.6667
7896389,1,1,1,1,0,0,1,700000
7869652,1,1,1,1,0,0,1,1810333.3333
7853360,1,1,1,1,0,0,1,1145000
7816073,1,1,1,1,0,0,1,2500000
7824563,1,1,1,1,0,0,1,1091666.6667
7872273,1,1,1,1,0,0,1,1180000
7821269,1,1,1,1,0,0,0,725000
7839444,1,1,1,1,0,0,1,280000
7901887,1,1,1,1,0,0,1,1100000
7862417,1,1,1,1,0,0,1,1650000
7828426,1,1,1,1,0,0,1,2250000
7836846,1,1,1,1,0,0,1,256666.66667
7795435,1,1,1,1,0,0,1,415000
7813468,1,1,1,1,0,0,0,250000
7864804,1,1,1,1,0,0,1,1080000
7884467,1,1,1,1,0,0,0,1466250
7821976,1,1,1,1,0,0,1,190000
7866624,1,1,1,1,0,0,1,788333.33333
7879743,1,1,1,1,0,0,1,195000
7899484,1,1,1,1,0,0,1,4033333.3333
7886111,1,1,1,1,0,0,1,800000
7801932,1,1,1,1,0,0,1,1016666.6667
7812876,1,1,1,1,0,0,1,2150000
7887142,1,1,1,1,0,0,1,100000
7885376,1,1,1,1,0,0,1,1030000
7802656,1,1,1,1,0,0,0,1075000
7877896,1,1,1,1,0,0,1,839333.33333
7829948,1,1,1,1,0,0,1,880000
7825220,1,1,1,1,0,0,1,1234750
7798354,1,1,1,1,0,0,1,492500
7840767,1,1,1,1,0,0,1,1478666.6667
7844620,1,1,1,1,0,0,1,496666.66667
7839057,1,1,1,1,0,1,0,2265000
7896267,1,1,1,1,0,0,1,800000
7902946,1,1,1,1,0,0,1,1075000
7827731,1,1,1,1,0,0,1,472083.33333
7825896,1,1,1,1,0,0,0,1000000
7853854,1,1,1,1,0,0,1,1903900
7796802,4,1,4,1,0,0,1,620000
7845185,1,1,1,1,0,0,1,551666.66667
7813252,1,1,1,1,0,0,1,1480000
7891323,1,1,1,1,0,0,1,1330000
7831037,1,1,1,1,1,0,1,1360000
7790119,1,1,1,1,0,0,1,1800000
7798661,1,1,1,1,0,0,1,205000
7813122,1,1,1,1,1,0,1,1300000
7884425,1,1,1,1,0,0,0,1475000
7811590,1,1,1,1,0,0,0,250000
7839222,1,1,1,1,0,1,0,2900000
7893717,1,1,1,1,0,0,1,945000
7807953,1,1,1,1,0,0,1,998333.33333
7846899,1,1,1,1,0,0,1,496666.66667
7813183,1,1,1,1,0,0,1,1060000
7856648,1,1,1,1,1,0,1,683333.33333
7879624,1,1,1,1,0,0,1,510000
7905960,1,1,1,1,0,0,1,1075000
7875998,1,1,1,1,0,0,1,795000
7828804,1,1,1,1,0,0,1,1100000
7805253,1,1,1,1,0,0,0,1806666.6667
7794605,1,1,1,1,0,1,1,3207500
7793765,1,1,1,1,0,0,1,1263333.3333
7895065,1,1,1,1,0,1,1,1300000
7811758,1,1,1,1,0,1,0,4700000
7794284,1,1,1,1,0,0,1,1225000
7880239,1,1,1,1,0,0,1,936666.66667
7821687,1,1,1,1,0,0,1,320000
7847697,1,1,1,1,0,0,1,975000
7842265,1,1,1,1,0,0,0,535000
7880622,1,1,1,1,1,0,1,1504000
7863378,1,1,1,1,0,0,1,198333.33333
7820759,1,1,1,1,0,0,1,1207000
7820421,1,1,1,1,0,0,0,1000000
7813286,1,1,1,1,0,0,1,620000
7901106,1,1,1,1,0,0,1,250000
7823567,1,1,1,1,0,0,1,70000
7808206,1,1,1,1,0,0,1,1740000
7858522,1,1,1,1,0,0,1,716666.66667
7880425,1,1,1,1,0,0,0,680000
7856482,1,1,1,1,0,0,0,500000
7896395,1,1,1,1,0,0,1,1238005.3333
7909494,1,1,1,1,0,0,1,1490000
7809078,1,1,1,1,0,0,1,1520500
7852595,1,1,1,1,0,0,1,389916.66667
7857410,1,1,1,1,0,0,1,1140000
7808869,1,1,1,1,0,0,1,750000
7813504,1,1,1,1,0,0,1,960000
7831102,1,1,1,1,0,0,1,516666.66667
7821500,1,1,1,1,0,0,1,4433000
7824342,1,1,1,1,0,0,1,337000
7857026,1,1,1,1,0,0,1,3400000
7872278,1,1,1,1,0,0,1,154166.66667
7875791,1,1,1,1,0,0,1,2520000
7906128,1,1,1,1,0,0,1,525000
7882021,1,1,1,1,0,0,0,416666.66667
7833670,1,1,1,1,0,0,1,200000
7817090,1,1,1,1,0,0,1,500000
7829936,1,1,1,1,0,0,1,920000
7798498,1,1,1,1,0,0,1,1511000
7839437,1,1,1,1,0,0,1,650000
7818294,1,1,1,1,0,0,1,1800000
7837510,1,1,1,1,0,0,1,1271666.6667
7830179,1,1,1,1,1,0,1,533333.33333
7846772,1,1,1,1,0,0,1,800000
7898935,1,1,1,1,0,0,0,180000
7787940,1,1,1,1,0,0,0,1850000
7857159,1,1,1,1,0,0,1,1617000
7802605,1,1,1,1,1,0,1,1241666.6667
7872878,1,1,1,1,0,0,1,573333.33333
7854717,1,1,1,1,0,0,1,1226666.6667
7883019,1,1,1,1,0,0,1,1790000
7835498,1,1,1,1,0,0,1,1650000
7804653,1,1,1,1,0,0,1,2541666.6667
7881019,1,1,1,1,0,0,1,300000
7804171,1,1,1,1,0,0,1,565000
7835024,1,1,1,1,0,0,1,221250
7842216,1,1,1,1,0,0,1,792500
7871339,1,1,1,1,0,0,1,321666.66667
7862520,1,1,1,1,0,0,1,1090000
7808157,1,1,1,1,0,0,1,363333.33333
7832820,1,1,1,1,0,0,0,1600000
7906939,1,1,1,1,0,0,0,700000
7796608,1,1,1,1,0,0,1,1600000
7859373,1,1,1,1,0,0,1,1500000
7820811,1,1,1,1,0,0,1,1330000
7902073,1,1,1,1,0,0,1,240000
7833894,1,1,1,1,0,0,1,800000
7866105,1,1,1,1,0,0,1,10750000
7858704,1,1,1,1,0,0,1,550000
7833222,1,1,1,1,0,0,1,1375000
7832732,1,1,1,1,1,0,1,5559166.6667
7821008,1,1,1,1,0,0,1,1066666.6667
7880583,1,1,1,1,0,0,0,510833.33333
7907780,1,1,1,1,0,0,1,200000
7811489,1,1,1,1,0,0,1,1280000
7811748,1,1,1,1,0,0,0,350000
7896190,1,1,1,1,0,0,1,1920000
7876802,1,1,1,1,1,0,0,1697500
7828717,1,1,1,1,0,0,1,200000
7880834,1,1,1,1,0,0,1,860000
7867854,1,1,1,1,0,0,1,466666.66667
7793003,1,1,1,1,0,0,1,300000
7894674,1,1,1,1,0,0,1,410000
7798397,1,1,1,1,0,0,0,653333.33333
7821742,1,1,1,1,0,0,1,760000
7790320,1,1,1,1,0,0,0,550000
7790889,1,1,1,1,0,0,1,840000
7863782,1,1,1,1,0,0,1,1674000
7897025,1,1,1,1,0,0,0,1793333.3333
7830763,1,1,1,1,0,0,1,450000
7868115,1,1,1,1,0,0,0,750000
7797265,1,1,1,1,0,1,1,1096083.3333
7881647,1,1,1,1,0,0,1,112500
7870304,1,1,1,1,0,0,1,1541666.6667
7870683,1,1,1,1,0,0,1,1850000
7815530,1,1,1,1,0,0,1,1544666.6667
7824962,1,1,1,1,0,0,1,756666.66667
7797460,1,1,1,1,0,0,1,1425000
7866818,1,1,1,1,0,0,1,740000
7809004,1,1,1,1,0,0,1,428333.33333
7858887,1,1,1,1,0,0,1,1112500
7850985,1,1,1,1,0,0,1,640000
7893358,1,1,1,1,0,0,0,314166.66667
7890452,1,1,1,1,0,0,1,1399166.6667
7836006,1,1,1,1,0,0,1,700000
7850390,1,1,1,1,0,0,1,1301666.6667
7906270,1,1,1,1,0,0,1,1319500
7829563,1,1,1,1,0,0,1,1400000
7835882,1,1,1,1,0,0,1,2700000
7882425,1,1,1,1,0,0,1,700000
7876174,1,1,1,1,0,0,1,800000
7906157,1,1,1,1,0,0,1,2457333.3333
7867697,1,1,1,1,0,0,1,150000
7793567,1,1,1,1,1,1,1,1666666.6667
7849262,1,1,1,1,0,0,1,1141666.6667
7876221,1,1,1,1,0,0,1,1200000
7846988,1,1,1,1,0,0,0,320000
7882870,1,1,1,1,0,0,1,665000
7902977,1,1,1,1,0,0,1,513333.33333
7838099,1,1,1,1,0,0,0,360000
7908340,1,1,1,1,0,0,1,2938333.3333
7814488,1,1,1,1,0,0,1,1716666.6667
7859456,1,1,1,1,0,0,1,572000
7826293,1,1,1,1,0,0,0,1000000
7803582,1,1,1,1,0,0,1,1650000
7820686,1,1,1,1,0,0,1,1000000
7815578,1,1,1,1,0,0,1,2187333.3333
7871387,1,1,1,1,0,0,1,335833.33333
7876471,1,1,1,1,0,0,0,1200000
7867212,1,1,1,1,0,0,1,1150000
7896401,1,1,1,1,1,0,1,225000
7844717,1,1,1,1,0,0,1,66666.666667
7862993,1,1,1,1,0,0,1,350000
7801758,1,1,1,1,0,0,1,880000
7865731,1,1,1,1,1,0,1,1360000
7862174,1,1,1,1,0,0,1,1480000
7838628,1,1,1,1,0,0,1,880000
7888302,1,1,1,1,0,0,1,1080000
7891660,1,1,1,1,0,0,1,1000000
7884884,1,1,1,1,0,0,1,620000
7822823,1,1,1,1,0,0,1,1083333.3333
7899719,1,1,1,1,0,0,0,852500
7829994,1,1,1,1,0,0,0,987500
7888378,1,1,1,1,0,0,1,2105000
7825909,1,1,1,1,0,0,0,1200000
7874014,1,1,1,1,1,0,1,633333.33333
7902030,1,1,1,1,0,0,1,1080000
7838672,1,1,1,1,0,0,0,1010000
7882599,1,1,1,1,0,0,1,750000
7894530,1,1,1,1,0,0,1,1076666.6667
7870897,1,1,1,1,0,0,1,735833.33333
7837395,1,1,1,1,0,0,1,300000
7795232,1,1,1,1,0,0,1,966666.66667
7817927,1,1,1,1,0,0,1,276666.66667
7844577,1,1,1,1,0,0,0,1482500
7893236,1,1,1,1,0,0,1,533333.33333
7858587,1,1,1,1,0,1,1,1116666.6667
7817943,1,1,1,1,0,0,1,900000
7851363,1,1,1,1,0,0,1,1345833.3333
7805269,2,1,2,1,0,0,0,302500
7903890,1,1,1,1,0,0,1,550000
7808274,1,1,1,1,0,0,1,1493333.3333
7798268,1,1,1,1,0,0,1,913333.33333
7909656,1,1,1,1,0,0,1,250000
7817262,1,1,1,1,0,0,1,2050000
7865392,1,1,1,1,1,0,1,416666.66667
7804231,1,1,1,1,0,0,1,650000
7858635,1,1,1,1,0,0,1,350000
7850861,1,1,1,1,0,0,1,805000
7840981,1,1,1,1,0,0,1,713000
7865074,1,1,1,1,0,0,1,1450000
7825751,1,1,1,1,0,0,1,716666.66667
7897711,1,1,1,1,0,0,1,700000
7870909,1,1,1,1,0,0,1,3100000
7838138,1,1,1,1,0,0,1,660000
7907151,1,1,1,1,0,0,1,1225000
7852271,1,1,1,1,0,0,1,1590000
7817260,1,1,1,1,1,0,1,287500
7806916,1,1,1,1,1,0,0,6200000
7853930,1,1,1,1,0,0,1,355000
7819349,1,1,1,1,0,0,1,1008333.3333
7908501,1,1,1,1,0,0,1,2037383.3333
7855391,1,1,1,1,0,0,1,780000
7801778,1,1,1,1,0,0,1,6848333.3333
7856776,1,1,1,1,0,0,1,342500
7858434,1,1,1,1,0,0,1,825000
7815461,1,1,1,1,0,0,1,1449166.6667
7886865,1,1,1,1,0,0,1,623833.33333
7803591,1,1,1,1,0,0,0,1824166.6667
7870687,1,1,1,1,0,0,1,600000
7789535,1,1,1,1,0,0,1,687500
7885510,1,1,1,1,0,0,0,385000
7825736,1,1,1,1,0,0,0,866666.66667
7818982,1,1,1,1,0,0,1,755000
7883275,1,1,1,1,0,0,1,616666.66667
7856504,1,1,1,1,0,0,0,1400000
7866976,1,1,1,1,0,0,1,1600000
7812728,1,1,1,1,0,0,1,550000
7866215,1,1,1,1,0,0,1,300000
7844079,1,1,1,1,0,0,1,180000
7796549,1,1,1,1,0,0,1,1003000
7864912,1,1,1,1,0,0,1,703500
7808694,1,1,1,1,0,0,1,1300000
7859802,1,1,1,1,0,0,0,1340000
7792294,1,1,1,1,0,0,0,328333.33333
7858751,1,1,1,1,0,0,1,1250000
7804184,1,1,1,1,0,0,0,1700000
7824136,1,1,1,1,0,0,0,1355000
7874935,1,1,1,1,0,0,1,980000
7866788,1,1,1,1,0,0,1,211666.66667
7894989,1,1,1,1,0,0,1,1980000
7821748,1,1,1,1,0,0,1,493333.33333
7788669,1,1,1,1,0,0,1,1383333.3333
7844502,1,1,1,1,0,0,1,2350000
7909829,1,1,1,1,1,0,1,130000
7876223,1,1,1,1,0,0,0,3260000
7881305,1,1,1,1,0,0,1,2675000
7850044,1,1,1,1,0,0,1,1056250
7805321,1,1,1,1,0,0,1,1038333.3333
7819469,1,1,1,1,0,0,1,1450000
7815826,1,1,1,1,0,0,1,616666.66667
7864065,1,1,1,1,0,0,1,3600000
7831664,1,1,1,1,0,0,1,1106666.6667
7858008,1,1,1,1,0,0,1,700000
7824270,1,1,1,1,0,0,1,600000
7857536,1,1,1,1,0,0,1,100000
7876599,1,1,1,1,0,0,0,1523500
7888540,1,1,1,1,0,0,1,633333.33333
7846271,1,1,1,1,0,0,1,1630000
7884583,1,1,1,1,0,1,1,4000000
7804170,1,1,1,1,0,0,1,1112000
7855646,1,1,1,1,0,0,0,1733333.3333
7791471,1,1,1,1,0,0,0,6050000
7880855,1,1,1,1,0,0,1,560000
7813591,1,1,1,1,0,0,0,2350000
7802680,1,1,1,1,0,0,1,600000
7792415,1,1,1,1,0,0,1,1342500
7903327,1,1,1,1,0,0,0,200000
7791695,1,1,1,1,0,0,1,1300000
7847262,1,1,1,1,0,0,1,400000
7862738,1,1,1,1,0,0,1,790000
7907084,1,1,1,1,0,0,1,1400000
7860509,1,1,1,1,0,0,0,2238333.3333
7864349,1,1,1,1,0,0,1,1540000
7793094,1,1,1,1,0,0,1,1891206.3333
7808952,1,1,1,1,0,0,0,4631166.6667
7860317,1,1,1,1,1,0,1,673333.33333
7795063,1,1,1,1,0,0,1,2192500
7832620,1,1,1,1,0,0,1,1580000
7813917,1,1,1,1,0,0,1,740000
7896742,1,1,1,1,0,0,1,380000
7835257,1,1,1,1,0,0,1,301666.66667
7803488,1,1,1,1,0,0,1,400000
7815095,1,1,1,1,0,0,1,1776666.6667
7904253,1,1,1,1,0,0,1,500000
7893322,1,1,1,1,0,0,0,600000
7877021,1,1,1,1,0,0,0,1300333.3333
7826658,1,1,1,1,0,0,0,2400000
7884709,1,1,1,1,0,0,1,2600000
7794018,1,1,1,1,0,0,1,2271338.6667
7819302,1,1,1,1,0,0,1,1200000
7849341,1,1,1,1,0,0,1,1300000
7843093,1,1,1,1,0,0,0,232500
7857057,1,1,1,1,0,0,1,400000
7849352,1,1,1,1,0,0,1,360000
7840470,1,1,1,1,0,0,1,1645000
7887217,1,1,1,1,0,0,1,143333.33333
7853610,1,1,1,1,0,0,0,350000
7827700,1,1,1,1,0,0,1,220000
7870860,1,1,1,1,0,0,1,1117500
7794653,1,1,1,1,0,0,1,1162500
7853496,1,1,1,1,0,0,1,400000
7877816,1,1,1,1,0,0,1,700000
7897071,1,1,1,1,0,0,1,220000
7845208,1,1,1,1,0,0,1,3145666.6667
7877006,1,1,1,1,0,0,1,1095000
7830015,1,1,1,1,0,0,1,1250000
7833227,1,1,1,1,0,0,1,1242500
7844436,1,1,1,1,0,0,1,1200000
7851379,1,1,1,1,0,0,1,1812916.6667
7867427,1,1,1,1,0,0,1,763333.33333
7898795,1,1,1,1,0,0,1,460000
7836409,1,1,1,1,0,0,0,1346166.6667
7844154,1,1,1,1,0,0,1,2017711
7798021,1,1,1,1,0,0,1,271666.66667
7902648,1,1,1,1,0,0,0,867500
7847864,1,1,1,1,0,0,0,1180000
7828341,1,1,1,1,0,0,1,300000
7864072,1,1,1,1,0,0,1,702000
7818408,1,1,1,1,0,0,1,163333.33333
7790337,1,1,1,1,0,0,1,1069583.3333
7852950,1,1,1,1,0,0,1,941666.66667
7862171,1,1,1,1,0,0,1,3205833.3333
7871353,1,1,1,1,0,0,1,2925000
7881262,1,1,1,1,0,0,1,395000
7803873,1,1,1,1,0,0,1,225000
7873726,1,1,1,1,0,0,1,2080000
7871936,1,1,1,1,0,0,1,440000
7815159,1,1,1,1,0,0,1,550000
7807505,1,1,1,1,0,0,1,1110000
7820509,1,1,1,1,0,0,0,1031666.6667
7899278,1,1,1,1,0,0,1,866666.66667
7867825,1,1,1,1,0,0,1,1100000
7807729,1,1,1,1,0,1,1,1680000
7847720,1,1,1,1,0,0,1,760000
7864694,1,1,1,1,0,0,1,3176500
7869849,1,1,1,1,0,0,1,446666.66667
7908826,1,1,1,1,0,0,1,690000
7849856,1,1,1,1,0,0,0,400000
7814162,1,1,1,1,0,0,1,875000
7854134,1,1,1,1,0,0,1,600000
7850254,1,1,1,1,0,0,1,700000
7824984,1,1,1,1,0,0,1,763333.33333
7790453,1,1,1,1,0,0,1,1732500
7867444,1,1,1,1,0,0,1,1250000
7804327,1,1,1,1,0,0,1,2000000
7873657,1,1,1,1,0,0,1,190000
7844180,1,1,1,1,0,0,1,400000
7837241,1,1,1,1,0,0,1,1875000
7849524,1,1,1,1,0,0,1,331666.66667
7877208,1,1,1,1,0,0,1,625000
7849264,1,1,1,1,0,0,1,1340000
7841731,1,1,1,1,0,0,0,1325505.3333
7844290,2,1,2,1,0,0,0,330000
7841593,1,1,1,1,0,0,1,1120000
7803824,1,1,1,1,0,0,1,1625833.3333
7884833,1,1,1,1,0,0,1,3230000
7820320,1,1,1,1,0,0,1,820000
7845788,1,1,1,1,0,0,1,213333.33333
7788246,1,1,1,1,0,0,1,265000
7840037,1,1,1,1,0,0,1,410000
7891287,1,1,1,1,0,0,1,1796666.6667
7883299,1,1,1,1,0,0,0,470833.33333
7889057,1,1,1,1,0,0,1,2200000
7811738,1,1,1,1,0,0,1,108333.33333
7879764,1,1,1,1,0,0,1,900000
7791953,1,1,1,1,0,0,1,1592500
7848121,1,1,1,1,0,0,1,1500000
7875235,1,1,1,1,0,0,1,2065000
7904100,1,1,1,1,0,0,1,1100000
7891018,1,1,1,1,0,0,1,300000
7845335,1,1,1,1,0,0,0,908333.33333
7794207,1,1,1,1,0,0,1,1230000
7833246,1,1,1,1,0,0,1,1280000
7802184,1,1,1,1,0,0,1,1144166.6667
7858557,1,1,1,1,0,0,1,1192172
7807243,1,1,1,1,0,0,1,936666.66667
7807225,1,1,1,1,0,0,1,663333.33333
7847216,1,1,1,1,0,0,0,1690000
7793679,1,1,1,1,0,0,0,1231666.6667
7858220,1,1,1,1,0,0,0,527500
7847005,1,1,1,1,0,0,1,970000
7837876,1,1,1,1,0,0,1,1066666.6667
7858024,1,1,1,1,0,0,0,366666.66667
7877055,1,1,1,1,0,0,0,1000000
7859358,1,1,1,1,0,0,1,1240000
7847882,1,1,1,1,0,0,1,310000
7901760,1,1,1,1,1,0,1,1886666.6667
7824180,1,1,1,1,0,0,0,600000
7849303,1,1,1,1,1,0,1,100000
7877552,1,1,1,1,0,0,0,1978333.3333
7881441,1,1,1,1,0,0,1,883333.33333
7897287,1,1,1,1,0,0,1,750000
7794949,1,1,1,1,0,0,1,1016666.6667
7852868,1,1,1,1,1,0,1,374166.66667
7867908,1,1,1,1,0,0,1,645000
7839632,1,1,1,1,0,0,1,300000
7804159,1,1,1,1,0,0,1,1100000
7907738,1,1,1,1,0,0,0,340000
7871833,1,1,1,1,0,0,1,1135000
7884518,1,1,1,1,0,0,0,2050000
7860151,1,1,1,1,0,0,0,1486666.6667
7804434,1,1,1,1,0,0,1,988333.33333
7862553,1,1,1,1,0,0,1,715000
7881282,1,1,1,1,0,0,1,250000
7853319,1,1,1,1,0,0,1,460000
7873826,1,1,1,1,0,0,1,851666.66667
7864570,1,1,1,1,0,0,1,1000000
7788882,1,1,1,1,0,0,1,1615000
7905627,1,1,1,1,0,0,1,1140833.3333
7811830,1,1,1,1,0,0,1,780000
7804195,1,1,1,1,0,1,0,2850000
7797715,1,1,1,1,0,0,1,1715333.3333
7884393,1,1,1,1,1,0,1,693333.33333
7894173,1,1,1,1,0,0,1,337500
7875412,1,1,1,1,0,0,1,2487000
7899835,1,1,1,1,0,0,1,2400000
7901343,1,1,1,1,0,0,1,1170833.3333
7886560,1,1,1,1,0,0,0,2558838.6667
7848189,1,1,1,1,0,0,1,1560000
7877032,1,1,1,1,0,0,1,1200000
7825030,1,1,1,1,0,0,1,2303666.6667
7852456,1,1,1,1,0,0,1,1483333.3333
7821830,1,1,1,1,0,0,1,180000
7841638,1,1,1,1,0,0,0,385000
7872990,1,1,1,1,0,0,1,340000
7791843,1,1,1,1,0,0,1,700000
7816706,1,1,1,1,0,0,0,1130000
7828409,1,1,1,1,0,0,0,2350333.3333
7828164,1,1,1,1,0,0,0,260000
7822947,1,1,1,1,0,0,0,2633000
7803161,1,1,1,1,0,0,0,787000
7883237,1,1,1,1,0,0,1,1550000
7818214,1,1,1,1,0,0,1,640000
7877631,1,1,1,1,0,0,0,1417000
7830761,1,1,1,1,0,0,1,1005000
7884624,1,1,1,1,0,0,1,218000
7817959,1,1,1,1,0,0,1,1130000
7878566,1,1,1,1,0,0,1,155000
7804398,1,1,1,1,0,0,1,680000
7789981,1,1,1,1,0,0,0,1275000
7818469,1,1,1,1,0,0,1,569166.66667
7861344,1,1,1,1,0,0,1,1000000
7904169,1,1,1,1,0,0,1,1091666.6667
7829583,1,1,1,1,0,0,1,593000
7792194,1,1,1,1,1,0,1,2210000
7822437,1,1,1,1,0,0,1,650000
7876560,1,1,1,1,0,0,1,595000
7842534,1,1,1,1,0,0,1,428333.33333
7878196,1,1,1,1,0,0,1,135000
7886503,1,1,1,1,0,0,1,413333.33333
7789445,1,1,1,1,0,0,1,450000
7901702,1,1,1,1,0,0,1,570000
7838436,1,1,1,1,0,0,1,1671333.3333
7806158,1,1,1,1,0,0,1,230000
7824668,1,1,1,1,0,0,1,465000
7858343,1,1,1,1,0,0,1,850000
7900554,1,1,1,1,0,0,1,825000
7863593,1,1,1,1,0,0,0,76666.666667
7796740,1,1,1,1,0,0,1,585000
7805811,1,1,1,1,0,0,0,75000
7857840,1,1,1,1,0,0,1,700000
7806498,1,1,1,1,0,0,1,1000000
7869764,1,1,1,1,0,0,1,960000
7806459,1,1,1,1,0,0,1,300000
7851683,1,1,1,1,0,0,1,2958333.3333
7788264,1,1,1,1,0,0,1,425000
7814916,1,1,1,1,0,0,0,1603333.3333
7899273,1,1,1,1,0,0,1,2950000
7892987,1,1,1,1,0,0,0,2475010.6667
7808011,1,1,1,1,0,0,0,700000
7815867,1,1,1,1,0,0,1,18325000
7897302,1,1,1,1,0,0,1,150000
7841071,1,1,1,1,0,0,1,350000
7798208,1,1,1,1,0,0,1,1016666.6667
7892911,1,1,1,1,0,0,1,1000000
7830883,1,1,1,1,0,0,1,2010000
7868834,1,1,1,1,0,0,1,1100000
7808973,1,1,1,1,0,0,1,100000
7789175,1,1,1,1,0,0,1,216666.66667
7880280,1,1,1,1,1,0,1,750000
7889267,1,1,1,1,0,0,1,1200000
7829973,1,1,1,1,0,0,1,284166.66667
7903550,1,1,1,1,0,0,0,1600000
7848220,1,1,1,1,0,0,1,1970000
7876207,1,1,1,1,0,0,0,230000
7898641,1,1,1,1,0,0,1,900000
7823840,1,1,1,1,0,0,1,3030000
7823784,1,1,1,1,0,0,1,313333.33333
7848961,1,1,1,1,0,0,1,1237000
7839514,1,1,1,1,0,0,1,1975000
7867631,1,1,1,1,0,0,1,366666.66667
7875429,1,1,1,1,1,0,1,325000
7906820,1,1,1,1,0,0,1,556666.66667
7819267,1,1,1,1,0,0,1,1150000
7805812,1,1,1,1,0,0,1,900000
7867239,1,1,1,1,0,0,0,811666.66667
7884885,1,1,1,1,0,0,0,1020000
7893675,1,1,1,1,1,0,1,1345000
7841931,1,1,1,1,0,0,0,735000
7833620,1,1,1,1,1,0,1,2241666.6667
7823603,1,1,1,1,0,0,1,2117172
7862741,1,1,1,1,0,0,1,1237750
7821732,1,1,1,1,0,0,1,978333.33333
7795566,1,1,1,1,0,0,1,595000
7876587,1,1,1,1,0,0,1,1460000
7872512,1,1,1,1,0,0,1,1605000
7855378,1,1,1,1,0,0,1,1330000
7890806,1,1,1,1,0,0,1,1850000
7864028,1,1,1,1,0,0,1,350000
7905959,1,1,1,1,0,0,0,550000
7820015,1,1,1,1,1,0,0,430000
7864174,1,1,1,1,0,0,0,333333.33333
7890794,1,1,1,1,0,0,1,695000
7790788,1,1,1,1,0,0,1,166666.66667
7793507,1,1,1,1,0,0,1,1750000
7803963,1,1,1,1,0,0,1,456666.66667
7839343,1,1,1,1,0,0,1,500000
7880589,1,1,1,1,0,0,0,750000
7883401,1,1,1,1,0,0,1,140000
7832109,1,1,1,1,0,0,1,1946666.6667
7898558,1,1,1,1,0,0,1,823333.33333
7837565,1,1,1,1,0,0,1,1510000
7895888,1,1,1,1,0,0,1,1600000
7791863,1,1,1,1,0,0,1,1110000
7838979,1,1,1,1,0,0,1,1493000
7857930,1,1,1,1,0,0,1,1065000
7820171,1,1,1,1,0,0,1,2541666.6667
7828973,1,1,1,1,0,0,1,1233333.3333
7848724,1,1,1,1,0,0,1,2450000
7826442,1,1,1,1,0,0,1,541666.66667
7842108,1,1,1,1,0,0,1,600000
7792984,1,1,1,1,0,0,0,847500
7819684,1,1,1,1,0,0,0,1366666.6667
7838721,1,1,1,1,0,0,1,500000
7865229,1,1,1,1,0,0,1,500000
7840545,1,1,1,1,0,0,0,805000
7905979,1,1,1,1,0,0,1,1112500
7812372,1,1,1,1,0,0,1,950000
7886532,1,1,1,1,0,0,1,2317500
7886260,1,1,1,1,1,0,1,1800000
7789047,1,1,1,1,0,0,1,229166.66667
7829406,1,1,1,1,0,0,1,800000
7871884,1,1,1,1,0,0,0,1575000
7833542,1,1,1,1,0,0,1,670000
7818561,1,1,1,1,0,0,1,1120000
7795193,1,1,1,1,0,0,0,880833.33333
7875878,1,1,1,1,0,0,0,533333.33333
7817594,1,1,1,1,0,0,1,308333.33333
7795668,1,1,1,1,0,0,1,400000
7855448,1,1,1,1,0,0,1,2311666.6667
7883020,1,1,1,1,0,0,1,1680000
7893951,1,1,1,1,0,0,0,1487172
7813859,1,1,1,1,0,0,1,800000
7793257,1,1,1,1,0,0,0,4422833.3333
7904636,1,1,1,1,0,0,1,153333.33333
7789902,1,1,1,1,0,0,1,5750000
7831353,1,1,1,1,0,0,1,750000
7843908,1,1,1,1,0,0,1,350000
7794073,1,1,1,1,0,0,1,2420000
7841797,1,1,1,1,0,0,1,1449833.3333
7814374,1,1,1,1,0,0,1,1050000
7882961,1,1,1,1,0,0,1,330000
7853553,1,1,1,1,0,0,1,1280000
7904836,1,1,1,1,0,0,1,406666.66667
7872040,1,1,1,1,0,0,0,200000
7830925,1,1,1,1,0,0,1,1020000
7848138,1,1,1,1,0,0,1,1145000
7907713,1,1,1,1,0,0,1,2269166.6667
7878353,1,1,1,1,0,0,1,2114166.6667
7885137,1,1,1,1,0,0,0,860000
7879584,1,1,1,1,0,0,1,1785000
7899115,1,1,1,1,0,0,0,1285833.3333
7865033,1,1,1,1,0,0,0,391666.66667
7807519,1,1,1,1,0,0,1,1570000
7818775,1,1,1,1,0,0,0,825000
7861245,1,1,1,1,0,0,1,880000
7816281,1,1,1,1,0,0,1,2250000
7827941,1,1,1,1,0,0,0,670000
7798394,1,1,1,1,0,0,1,350000
7865629,1,1,1,1,0,0,1,150000
7832219,1,1,1,1,0,0,1,330000
7791265,1,1,1,1,0,0,1,1161666.6667
7788289,1,1,1,1,0,0,1,800000
7807535,1,1,1,1,0,0,0,950000
7792063,1,1,1,1,0,0,1,600000
7821032,1,1,1,1,0,0,0,412500
7815148,1,1,1,1,0,0,1,505000
7903126,1,1,1,1,0,0,1,466666.66667
7898466,1,1,1,1,0,0,1,630000
7888315,1,1,1,1,0,0,1,567500
7812010,1,1,1,1,0,0,1,1668000
7854045,1,1,1,1,0,0,1,845000
7881067,1,1,1,1,0,0,1,950000
7895532,1,1,1,1,0,0,1,230000
7882334,1,1,1,1,0,0,1,1090000
7836515,1,1,1,1,0,0,1,1034166.6667
7873851,1,1,1,1,0,0,1,2992677.3333
7870689,1,1,1,1,0,0,1,740000
7863574,1,1,1,1,0,0,1,900000
7865885,1,1,1,1,0,0,1,20900000
7805722,1,1,1,1,0,0,1,1267500
7843536,1,1,1,1,0,0,1,3294344
7838750,1,1,1,1,0,0,1,1607500
7851136,1,1,1,1,0,0,1,1120000
7814392,1,1,1,1,0,0,1,950000
7859922,1,1,1,1,1,0,1,740000
7821346,1,1,1,1,0,0,1,500000
7805061,1,1,1,1,0,0,1,1023333.3333
7846080,1,1,1,1,1,0,1,1430000
7883391,1,1,1,1,0,0,1,950833.33333
7899746,1,1,1,1,0,0,1,360000
7856304,1,1,1,1,0,0,0,1570000
7828875,1,1,1,1,0,0,1,2400000
7874355,1,1,1,1,0,0,1,1352500
7881120,1,1,1,1,0,0,1,1356666.6667
7806813,1,1,1,1,0,0,1,60000
7836591,1,1,1,1,0,0,1,346666.66667
7870976,1,1,1,1,1,0,1,567083.33333
7837037,1,1,1,1,0,0,1,900000
7847620,1,1,1,1,0,0,1,1200000
7873338,1,1,1,1,0,0,1,1000000
7905407,1,1,1,1,0,0,0,1000000
7883587,1,1,1,1,0,0,1,134166.66667
7905742,1,1,1,1,0,0,1,900000
7872563,1,1,1,1,0,0,1,1765000
7848907,1,1,1,1,0,0,1,1174166.6667
7840115,1,1,1,1,0,0,1,376666.66667
7835149,1,1,1,1,0,0,0,7625000
7898445,1,1,1,1,0,0,1,2100000
7871074,1,1,1,1,0,0,0,1850000
7837017,1,1,1,1,0,0,1,1450000
7840218,1,1,1,1,0,0,1,3910000
7814464,1,1,1,1,0,0,1,1100000
7889165,1,1,1,1,0,0,1,920833.33333
7790885,1,1,1,1,0,0,0,1550000
7830509,1,1,1,1,0,0,1,1108333.3333
7866382,1,1,1,1,0,0,1,150000
7901145,1,1,1,1,0,0,1,700000
7796859,1,1,1,1,0,0,1,10600000
7901767,1,1,1,1,0,0,1,740000
7905398,1,1,1,1,0,0,1,895000
7804977,1,1,1,1,0,0,1,307500
7860898,1,1,1,1,0,0,0,318333.33333
7869082,1,1,1,1,0,0,1,2191666.6667
7804706,1,1,1,1,0,0,0,2441666.6667
7901210,1,1,1,1,0,1,1,5104666.6667
7802532,1,1,1,1,0,0,1,1229166.6667
7843717,1,1,1,1,0,0,0,2000000
7812949,1,1,1,1,0,0,1,725000
7850880,1,1,1,1,0,0,1,790000
7896025,1,1,1,1,0,0,1,695000
7801660,1,1,1,1,0,0,1,5290000
7841852,1,1,1,1,0,0,0,3234344
7865518,1,1,1,1,0,0,1,453333.33333
7794943,1,1,1,1,0,0,0,760000
7849286,1,1,1,1,0,0,1,1344583.3333
7845993,1,1,1,1,0,0,1,125000
7841201,1,1,1,1,0,0,0,1117500
7865080,1,1,1,1,1,0,0,1800000
7854367,1,1,1,1,0,1,1,2500000
7821384,1,1,1,1,0,0,1,550000
7815505,1,1,1,1,0,0,1,800000
7884138,1,1,1,1,0,0,1,300000
7840075,1,1,1,1,0,0,1,1320000
7884509,1,1,1,1,0,0,1,600000
7873960,1,1,1,1,0,0,1,150000
7867196,1,1,1,1,0,0,1,600000
7874040,1,1,1,1,0,0,1,2300000
7832003,1,1,1,1,0,0,1,345000
7856292,1,1,1,1,0,0,1,400000
7903383,1,1,1,1,0,0,1,368333.33333
7803711,1,1,1,1,1,0,1,665833.33333
7894433,1,1,1,1,0,0,1,1650000
7823454,1,1,1,1,0,0,1,2366666.6667
7886680,1,1,1,1,0,0,1,1255000
7788066,1,1,1,1,1,0,1,780000
7872976,1,1,1,1,0,0,1,1855172
7798823,1,1,1,1,0,0,0,2000000
7873777,1,1,1,1,0,0,0,750000
7849442,1,1,1,1,0,0,1,1402000
7882283,1,1,1,1,0,0,1,1000000
7860047,1,1,1,1,0,0,1,3520000
7820591,1,1,1,1,0,0,1,1090000
7811819,1,1,1,1,0,0,0,580000
7844191,1,1,1,1,0,0,0,250000
7890441,1,1,1,1,0,0,1,1383500
7805491,1,1,1,1,1,0,0,1100000
7793737,1,1,1,1,0,0,0,881666.66667
7845203,1,1,1,1,0,0,1,1930000
7866690,1,1,1,1,0,0,1,1340000
7872671,1,1,1,1,0,0,1,186666.66667
7801757,1,1,1,1,0,0,1,1341666.6667
7795957,1,1,1,1,0,0,1,2944166.6667
7906007,1,1,1,1,0,0,1,780000
7882514,1,1,1,1,0,0,1,2313333.3333
7809146,1,1,1,1,1,1,1,3200000
7834628,1,1,1,1,0,0,1,1183333.3333
7830758,1,1,1,1,0,0,1,150000
7895769,1,1,1,1,0,0,1,1939000
7796229,1,1,1,1,0,0,1,1716666.6667
7893710,1,1,1,1,0,0,1,460000
7874819,2,1,2,1,0,0,1,865000
7851077,1,1,1,1,0,0,1,280000
7906514,1,1,1,1,0,0,1,450000
7815794,1,1,1,1,0,0,1,1100000
7887083,1,1,1,1,0,0,1,225000
7801909,1,1,1,1,0,0,0,930833.33333
7795865,1,1,1,1,0,0,1,1270000
7857119,1,1,1,1,0,0,1,930000
7878792,1,1,1,1,0,0,0,1200000
7819181,1,1,1,1,0,0,0,553333.33333
7792387,1,1,1,1,0,0,1,900000
7870500,1,1,1,1,0,0,1,620000
7851411,1,1,1,1,0,0,0,111666.66667
7909832,1,1,1,1,0,0,1,225000
7878319,1,1,1,1,0,0,0,1865333.3333
7791361,1,1,1,1,0,0,1,1500000
7835853,1,1,1,1,0,0,0,377500
7829516,1,1,1,1,0,0,1,438333.33333
7902654,1,1,1,1,0,0,1,1700000
7862534,1,1,1,1,0,0,1,1586250
7852732,1,1,1,1,0,0,1,315000
7795882,1,1,1,1,1,0,1,700000
7804387,1,1,1,1,0,0,1,865000
7898126,1,1,1,1,0,0,0,1041666.6667
7887320,1,1,1,1,0,0,1,1300000
7831232,1,1,1,1,0,0,1,1250000
7851657,1,1,1,1,0,0,1,2483750
7876660,1,1,1,1,0,0,1,298333.33333
7879014,1,1,1,1,0,0,1,630000
7831043,1,1,1,1,0,0,1,1408333.3333
7905679,1,1,1,1,0,0,1,750000
7825105,1,1,1,1,0,0,1,850000
7815575,1,1,1,1,0,0,1,2042250
7861406,1,1,1,1,1,0,0,1050000
7808617,1,1,1,1,0,0,1,1380000
7905650,1,1,1,1,0,0,1,1475000
7900165,1,1,1,1,0,0,1,93333.333333
7862909,1,1,1,1,0,0,1,1865166.6667
7847754,1,1,1,1,0,0,1,91666.666667
7788861,1,1,1,1,0,0,1,1050000
7820356,1,1,1,1,1,0,1,100000
7870844,1,1,1,1,0,1,1,5410000
7890231,1,1,1,1,0,0,1,140000
7889864,1,1,1,1,0,0,1,1750000
7816204,1,1,1,1,0,0,1,525000
7839217,1,1,1,1,0,0,0,2379500
7873995,1,1,1,1,0,0,1,400000
7862002,1,1,1,1,0,0,0,1480000
7894938,1,1,1,1,0,0,1,1083333.3333
7835762,1,1,1,1,0,0,1,1318333.3333
7901378,1,1,1,1,0,0,1,1100000
7863714,1,1,1,1,0,0,1,715000
7829766,1,1,1,1,0,0,1,2425000
7809393,1,1,1,1,1,0,0,1120000
7848698,1,1,1,1,0,0,1,500000
7897188,1,1,1,1,0,0,1,180000
7849453,1,1,1,1,0,0,0,866666.66667
7900833,1,1,1,1,0,0,1,900000
7893936,1,1,1,1,0,1,1,1100000
7842003,1,1,1,1,0,0,1,1230000
7890705,1,1,1,1,0,0,1,550000
7901796,1,1,1,1,0,0,1,950000
7819296,1,1,1,1,0,0,1,2241666.6667
7836200,1,1,1,1,0,0,0,1825505.3333
7898969,1,1,1,1,0,0,1,1170000
7863360,1,1,1,1,0,1,1,1530000
7801619,1,1,1,1,0,0,0,316666.66667
7831478,1,1,1,1,0,0,1,1100000
7908705,1,1,1,1,0,0,1,1800000
7897029,1,1,1,1,0,0,1,800000
7873256,1,1,1,1,0,0,1,2480000
7802362,1,1,1,1,0,0,1,1583666.6667
7840874,1,1,1,1,0,0,0,700000
7817712,1,1,1,1,0,0,1,700000
7828356,1,1,1,1,0,0,1,669166.66667
7821585,1,1,1,1,0,0,1,230000
7884259,1,1,1,1,0,0,0,825000
7815137,1,1,1,1,0,0,1,1959166.6667
7835174,1,1,1,1,0,0,1,941666.66667
7804147,1,1,1,1,0,0,1,1147083.3333
7889528,1,1,1,1,0,0,1,525000
7842983,1,1,1,1,0,0,1,863333.33333
7894396,1,1,1,1,0,0,0,834000
7826630,1,1,1,1,0,0,1,750000
7860168,1,1,1,1,0,0,1,1991666.6667
7877497,1,1,1,1,0,0,0,1580000
7904849,1,1,1,1,0,0,1,2351666.6667
7848553,1,1,1,1,0,0,1,1200000
7843949,1,1,1,1,0,0,1,2566666.6667
7798787,1,1,1,1,0,0,1,1567200
7868291,1,1,1,1,0,0,1,1590000
7869314,3,1,3,1,0,0,0,1875000
7796210,1,1,1,1,0,0,1,1020000
7871810,1,1,1,1,0,0,1,926666.66667
7828659,1,1,1,1,0,0,1,2585000
7797158,1,1,1,1,0,0,0,1954166.6667
7809140,1,1,1,1,0,0,1,1700000
7898331,1,1,1,1,0,0,1,1400000
7878066,1,1,1,1,0,0,1,1929833.3333
7831761,1,1,1,1,0,1,1,2200000
7827251,1,1,1,1,0,0,1,1225000
7858701,1,1,1,1,0,0,1,1220000
7794597,1,1,1,1,0,0,1,800000
7790899,1,1,1,1,0,0,1,3840000
7873839,1,1,1,1,0,0,1,770000
7822367,1,1,1,1,0,0,0,900000
7807034,1,1,1,1,0,0,1,600000
7857991,1,1,1,1,0,0,1,266666.66667
7858746,2,1,2,1,0,0,0,515000
7905154,1,1,1,1,0,0,0,450000
7820641,1,1,1,1,0,0,1,783333.33333
7854323,1,1,1,1,0,0,1,2581666.6667
7864184,1,1,1,1,0,0,1,175000
7894382,1,1,1,1,0,0,1,180000
7850860,1,1,1,1,0,0,1,230000
7793769,1,1,1,1,0,0,1,1893510.6667
7889028,1,1,1,1,0,0,1,1270000
7820044,1,1,1,1,0,0,0,1217500
7840293,1,1,1,1,0,0,1,600000
7898500,1,1,1,1,1,0,1,580000
7874063,1,1,1,1,1,0,1,541666.66667
7847669,1,1,1,1,0,0,0,650000
7849168,1,1,1,1,1,0,1,1800000
7867285,1,1,1,1,0,0,0,950000
7844974,1,1,1,1,0,0,1,1050000
7842742,1,1,1,1,1,0,1,1090000
7823577,1,1,1,1,0,0,1,200000
7843288,1,1,1,1,0,0,0,290250
7853821,1,1,1,1,0,0,1,380000
7792098,1,1,1,1,0,0,1,980000
7833452,1,1,1,1,0,0,1,768333.33333
7847577,1,1,1,1,0,0,1,722500
7894536,1,1,1,1,0,0,1,4543333.3333
7885978,1,1,1,1,0,0,1,1990833.3333
7881366,1,1,1,1,0,0,1,1715000
7910032,1,1,1,1,0,0,1,1583333.3333
7868217,1,1,1,1,0,0,1,100000
7796831,1,1,1,1,1,0,1,6975333.3333
7841844,1,1,1,1,0,0,0,1601666.6667
7821789,1,1,1,1,0,0,1,1480000
7854442,1,1,1,1,1,1,1,5275000
7838106,1,1,1,1,0,0,0,100000
7813442,1,1,1,1,0,0,1,12080000
7792260,1,1,1,1,0,0,0,1320000
7838618,1,1,1,1,0,0,1,1233333.3333
7893582,1,1,1,1,0,0,1,930000
7905698,1,1,1,1,0,0,1,1966666.6667
7841997,1,1,1,1,0,0,0,451666.66667
7902513,1,1,1,1,0,0,1,1191666.6667
7811862,1,1,1,1,0,0,1,1200000
7880586,1,1,1,1,0,0,0,810000
7819188,1,1,1,1,0,0,0,250833.33333
7892471,1,1,1,1,0,0,1,2780000
7889251,1,1,1,1,0,0,1,355000
7803563,1,1,1,1,0,0,0,450000
7844685,1,1,1,1,0,0,1,600000
7851576,1,1,1,1,0,0,1,1200000
7854275,1,1,1,1,0,0,1,850000
7868244,1,1,1,1,0,0,1,450000
7806490,1,1,1,1,0,0,1,872000
7823788,1,1,1,1,0,0,0,3350833.3333
7881858,1,1,1,1,0,0,1,1294000
7804422,1,1,1,1,0,0,1,1258333.3333
7837087,1,1,1,1,0,0,1,325000
7881916,1,1,1,1,0,0,1,510000
7888104,1,1,1,1,0,0,1,471666.66667
7877266,1,1,1,1,0,0,1,210000
7826642,1,1,1,1,0,0,0,1110000
7898140,1,1,1,1,0,0,1,2400333.3333
7880745,1,1,1,1,0,0,1,116666.66667
7816786,1,1,1,1,0,0,1,1045000
7842208,1,1,1,1,0,0,0,1174500
7827889,1,1,1,1,0,0,1,1375000
7840805,1,1,1,1,1,0,1,290000
7896490,1,1,1,1,0,0,0,500833.33333
7905667,1,1,1,1,0,0,0,133333.33333
7825797,1,1,1,1,0,1,1,1330000
7795759,1,1,1,1,0,0,0,621666.66667
7791751,1,1,1,1,0,0,0,950000
7876670,1,1,1,1,0,0,0,2317333.3333
7811493,1,1,1,1,0,0,1,700000
7870440,1,1,1,1,0,0,1,2803333.3333
7798548,1,1,1,1,1,0,1,2000000
7878054,1,1,1,1,0,0,1,246666.66667
7896690,1,1,1,1,0,0,1,1830000
7837935,1,1,1,1,0,0,1,1120000
7870378,1,1,1,1,0,0,1,450000
7841073,1,1,1,1,0,0,0,2403666.6667
7886840,1,1,1,1,0,0,1,350000
7831999,1,1,1,1,0,0,1,640000
7883962,1,1,1,1,0,0,1,375000
7876362,1,1,1,1,1,0,0,766666.66667
7796061,1,1,1,1,0,0,0,2538166.6667
7861012,1,1,1,1,0,0,1,1285000
7852258,1,1,1,1,0,0,1,700000
7789085,1,1,1,1,0,0,1,2590505.3333
7859606,1,1,1,1,0,0,1,500000
7853114,1,1,1,1,0,0,1,3960333.3333
7879710,1,1,1,1,0,0,0,1405000
7817283,1,1,1,1,0,0,1,1881666.6667
7884351,1,1,1,1,0,0,1,875000
7899256,1,1,1,1,0,1,1,248333.33333
7816232,1,1,1,1,0,0,1,1143333.3333
7878571,1,1,1,1,0,0,1,620000
7794637,1,1,1,1,0,0,0,412000
7791692,1,1,1,1,0,0,1,558333.33333
7847773,1,1,1,1,0,0,0,1200000
7790068,1,1,1,1,0,0,1,350000
7873461,1,1,1,1,0,0,1,280000
7856641,1,1,1,1,0,0,1,2340000
7853709,1,1,1,1,0,0,1,250000
7818584,1,1,1,1,0,0,1,1650000
7828347,1,1,1,1,0,0,1,233333.33333
7867461,1,1,1,1,0,0,0,558000
7876243,1,1,1,1,0,0,1,1730000
7792974,1,1,1,1,0,0,1,1350000
7814120,1,1,1,1,0,0,1,400000
7828077,1,1,1,1,0,0,1,2330000
7789414,1,1,1,1,0,0,1,891666.66667
7860930,1,1,1,1,0,0,1,710500
7893992,1,1,1,1,1,0,1,1880000
7866053,1,1,1,1,0,0,1,110000
7883217,1,1,1,1,0,0,1,790000
7868895,1,1,1,1,0,0,1,105000
7821343,1,1,1,1,0,0,1,1450000
7864494,1,1,1,1,0,0,1,750000
7886167,1,1,1,1,0,0,1,1500000
7791761,1,1,1,1,0,0,1,271666.66667
7882108,1,1,1,1,0,1,1,600000
7893445,1,1,1,1,0,0,0,2601833.3333
7905518,1,1,1,1,0,0,0,1183333.3333
7905440,1,1,1,1,1,0,1,1700000
7882818,1,1,1,1,0,0,1,780000
7905958,1,1,1,1,0,0,1,1500000
7815014,1,1,1,1,1,0,1,1352803
7859351,1,1,1,1,0,0,1,1900000
7907452,1,1,1,1,0,0,1,700000
7877214,1,1,1,1,0,0,1,291666.66667
7861427,1,1,1,1,0,0,1,1231666.6667
7873818,1,1,1,1,0,0,1,383333.33333
7858748,1,1,1,1,0,0,1,600000
7798765,1,1,1,1,0,0,1,1830000
7819512,1,1,1,1,0,0,1,1010000
7868318,1,1,1,1,0,0,1,491666.66667
7808199,1,1,1,1,0,0,1,1275000
7846554,1,1,1,1,0,0,1,494166.66667
7831793,1,1,1,1,0,0,1,2250000
7904461,1,1,1,1,0,0,1,360000
7871279,1,1,1,1,0,0,1,1376666.6667
7827563,1,1,1,1,0,0,1,1417172
7895034,1,1,1,1,0,0,1,290000
7856118,1,1,1,1,0,0,1,80000
7820341,1,1,1,1,0,0,1,300000
7893982,1,1,1,1,0,0,1,748500
7802292,1,1,1,1,0,0,1,212500
7829723,1,1,1,1,0,0,1,3043500
7812662,1,1,1,1,0,0,1,380000
7837780,1,1,1,1,0,0,1,300000
7817285,1,1,1,1,0,0,0,723333.33333
7842015,1,1,1,1,0,0,0,1230000
7871068,1,1,1,1,0,0,1,1000000
7824488,1,1,1,1,0,0,1,1595000
7856775,1,1,1,1,1,0,1,750000
7890208,1,1,1,1,0,0,1,710000
7850317,1,1,1,1,0,0,1,950000
7857693,1,1,1,1,0,0,1,1937500
7805187,1,1,1,1,0,0,1,583333.33333
7848204,1,1,1,1,0,0,1,186666.66667
7897181,1,1,1,1,0,0,1,383333.33333
7856886,1,1,1,1,0,0,1,2380000
7817472,1,1,1,1,0,0,1,1205000
7903597,1,1,1,1,0,0,1,941666.66667
7899148,1,1,1,1,0,0,0,1120833.3333
7808880,1,1,1,1,0,1,1,18505000
7789255,1,1,1,1,1,0,1,2085000
7843044,1,1,1,1,0,0,0,1083333.3333
7806909,1,1,1,1,0,0,1,2480000
7865634,1,1,1,1,0,0,1,741666.66667
7892460,1,1,1,1,0,0,0,70000
7852749,1,1,1,1,0,0,1,516666.66667
7791087,1,1,1,1,0,0,1,1050000
7888598,1,1,1,1,0,0,1,1300000
7803677,1,1,1,1,0,1,1,1308666.6667
7906857,1,1,1,1,0,0,1,1030000
7793186,1,1,1,1,0,0,1,566666.66667
7809082,1,1,1,1,0,0,1,1305000
7839707,1,1,1,1,0,0,1,133333.33333
7849215,1,1,1,1,0,0,1,1500000
7903982,1,1,1,1,0,0,1,25800000
7816266,1,1,1,1,0,0,1,245000
7838479,1,1,1,1,0,0,0,1836666.6667
7874360,1,1,1,1,0,0,0,604166.66667
7794849,1,1,1,1,0,0,1,366666.66667
7839032,1,1,1,1,0,0,1,1683333.3333
7869404,1,1,1,1,0,0,1,817500
7894907,1,1,1,1,1,1,1,13927333.333
7841949,1,1,1,1,0,0,1,1516666.6667
7819551,1,1,1,1,0,0,1,2286666.6667
7795807,1,1,1,1,0,0,1,2152200
7858065,1,1,1,1,0,0,1,1300000
7868650,1,1,1,1,0,0,1,900000
7840215,1,1,1,1,0,0,1,930000
7813828,1,1,1,1,0,0,1,500000
7883913,1,1,1,1,0,0,1,350000
7837449,1,1,1,1,0,0,1,1815000
7831938,1,1,1,1,0,0,0,700000
7808446,1,1,1,1,0,0,0,2500000
7863484,1,1,1,1,0,0,0,600000
7843476,1,1,1,1,0,0,1,450000
7900647,1,1,1,1,0,0,1,800000
7807233,1,1,1,1,0,0,1,575000
7891305,1,1,1,1,0,0,1,1281666.6667
7909113,1,1,1,1,0,0,1,6700000
7859499,1,1,1,1,0,0,1,2670000
7818426,1,1,1,1,0,0,0,850000
7839586,1,1,1,1,0,0,1,500000
7806754,1,1,1,1,1,0,1,4321000
7795041,1,1,1,1,0,0,1,352500
7866602,1,1,1,1,0,0,1,596666.66667
7866702,1,1,1,1,0,0,1,1300000
7847423,1,1,1,1,0,0,1,666666.66667
7805241,1,1,1,1,0,0,1,591666.66667
7863991,1,1,1,1,0,0,1,1000000
7869811,1,1,1,1,0,0,1,2500000
7889421,1,1,1,1,0,0,0,495000
7813123,1,1,1,1,0,0,1,1493333.3333
7796743,1,1,1,1,0,0,1,412500
7885062,1,1,1,1,0,0,1,550000
7845088,1,1,1,1,0,0,1,366666.66667
7804552,1,1,1,1,0,0,1,1775000
7828165,1,1,1,1,0,0,1,750000
7881317,1,1,1,1,0,0,1,850000
7807741,1,1,1,1,0,0,0,433333.33333
7805561,1,1,1,1,0,0,1,835000
7885229,1,1,1,1,0,0,1,1043333.3333
7824873,1,1,1,1,0,0,1,100000
7851338,1,1,1,1,0,0,1,3428333.3333
7813951,1,1,1,1,0,0,1,400000
7880958,1,1,1,1,0,0,1,620000
7876310,1,1,1,1,0,0,1,435000
7863538,1,1,1,1,0,0,1,871666.66667
7878714,1,1,1,1,0,0,1,448183.33333
7806064,1,1,1,1,0,0,1,213333.33333
7902279,1,1,1,1,0,0,1,250000
7842783,1,1,1,1,1,0,0,1600000
7825278,1,1,1,1,0,0,1,200000
7796754,1,1,1,1,0,0,1,661666.66667
7891781,1,1,1,1,0,0,1,660000
7814292,1,1,1,1,0,0,1,1306666.6667
7865213,1,1,1,1,0,0,1,1350000
7812123,1,1,1,1,0,0,1,900000
7828986,1,1,1,1,0,0,0,1272500
7866027,1,1,1,1,0,0,1,466666.66667
7886913,1,1,1,1,0,0,0,60000
7796398,1,1,1,1,0,0,1,375000
7896188,1,1,1,1,0,0,1,503333.33333
7808524,1,1,1,1,0,0,1,1100000
7827131,1,1,1,1,0,0,1,3400666.6667
7838756,1,1,1,1,0,0,1,1150000
7808873,1,1,1,1,0,0,1,4415000
7887862,1,1,1,1,0,0,1,320000
7791107,1,1,1,1,0,0,1,2675833.3333
7805144,1,1,1,1,0,0,1,1033333.3333
7790769,1,1,1,1,0,0,1,680000
7794777,1,1,1,1,0,0,1,280000
7848995,1,1,1,1,0,0,1,792500
7871347,1,1,1,1,0,0,1,540000
7879423,1,1,1,1,0,0,1,1100000
7895451,1,1,1,1,1,0,1,1900000
7837839,1,1,1,1,0,0,1,118333.33333
7832911,1,1,1,1,0,0,0,1450000
7832318,1,1,1,1,0,0,1,2361050
7793056,1,1,1,1,0,0,1,218666.66667
7860904,1,1,1,1,0,0,0,300000
7862431,1,1,1,1,0,0,1,120000
7903564,1,1,1,1,0,0,1,1355000
7829411,1,1,1,1,0,0,1,520000
7793893,1,1,1,1,0,0,1,600000
7896196,1,1,1,1,0,0,1,687000
7827581,1,1,1,1,0,0,0,650000
7825066,1,1,1,1,0,0,0,500000
7806886,1,1,1,1,1,0,1,200000
7888300,1,1,1,1,0,0,1,1390000
7868641,1,1,1,1,0,0,0,1200000
7834877,1,1,1,1,0,0,1,2188333.3333
7826826,1,1,1,1,0,0,1,1316666.6667
7904635,1,1,1,1,0,0,1,1895000
7839116,1,1,1,1,0,0,0,2565833.3333
7818015,1,1,1,1,0,0,1,1090000
7837163,1,1,1,1,0,0,0,150000
7794081,1,1,1,1,0,0,1,580000
7794935,1,1,1,1,0,0,1,1550000
7869770,1,1,1,1,0,0,0,600000
7907374,1,1,1,1,0,0,1,33383333.333
7861846,1,1,1,1,0,0,1,391666.66667
7856839,1,1,1,1,0,0,1,2179166.6667
7909293,1,1,1,1,0,0,1,1350333.3333
7851851,2,1,2,1,0,0,0,2815000
7893222,1,1,1,1,0,0,1,609166.66667
7863645,1,1,1,1,0,0,1,860000
7850956,1,1,1,1,0,0,0,428333.33333
7809314,1,1,1,1,0,0,1,1448000
7806719,1,1,1,1,0,0,1,840000
7838536,1,1,1,1,0,0,1,800000
7860180,1,1,1,1,0,0,1,1298500
7807055,1,1,1,1,0,0,1,858000
7881685,1,1,1,1,0,0,1,436666.66667
7794072,1,1,1,1,0,0,1,1080000
7901124,1,1,1,1,0,0,1,891333.33333
7877951,1,1,1,1,0,0,1,75000
7888338,1,1,1,1,0,0,1,1000000
7866078,1,1,1,1,0,0,1,900000
7877525,1,1,1,1,0,0,1,716666.66667
7856272,1,1,1,1,0,0,1,600000
7896090,1,1,1,1,0,0,1,500000
7870685,1,1,1,1,0,0,1,850000
7879181,1,1,1,1,0,0,1,460000
7892333,1,1,1,1,0,0,1,450000
7874690,1,1,1,1,0,0,1,700000
7805514,1,1,1,1,0,0,1,211666.66667
7836599,1,1,1,1,0,0,1,326666.66667
7824834,1,1,1,1,0,0,1,900000
7839862,1,1,1,1,1,0,1,316666.66667
7849995,1,1,1,1,0,0,1,449333.33333
7794224,1,1,1,1,0,0,1,950000
7907139,1,1,1,1,0,0,1,1066666.6667
7905147,1,1,1,1,0,0,1,812083.33333
7792923,1,1,1,1,0,0,1,426666.66667
7854622,1,1,1,1,0,0,1,1231666.6667
7818444,1,1,1,1,0,0,0,140833.33333
7820432,1,1,1,1,0,0,1,1200000
7864878,1,1,1,1,0,0,1,705000
7893216,1,1,1,1,0,0,1,858000
7832570,1,1,1,1,0,0,1,955000
7811415,1,1,1,1,1,0,1,8725000
7852111,1,1,1,1,0,0,1,1095000
7826238,1,1,1,1,0,0,1,1200000
7862852,1,1,1,1,0,0,1,2233333.3333
7903571,1,1,1,1,0,0,1,2669166.6667
7826666,1,1,1,1,0,0,1,806666.66667
7881215,1,1,1,1,0,0,1,188333.33333
7862582,1,1,1,1,0,0,0,2750000
7898110,1,1,1,1,1,0,1,441666.66667
7841864,1,1,1,1,0,0,1,383333.33333
7899412,1,1,1,1,0,0,1,2503333.3333
7798712,1,1,1,1,0,0,1,2144000
7868061,1,1,1,1,0,0,1,680000
7835299,1,1,1,1,0,0,1,2155000
7891102,1,1,1,1,0,0,1,100000
7868023,1,1,1,1,0,0,1,1732500
7803670,1,1,1,1,0,0,1,1000000
7821307,1,1,1,1,0,0,1,458333.33333
7906592,1,1,1,1,0,0,1,1400505.3333
7797529,1,1,1,1,0,0,0,2116666.6667
7796507,1,1,1,1,0,0,1,883333.33333
7843843,1,1,1,1,0,0,1,1300000
7827201,1,1,1,1,0,0,1,886666.66667
7877169,1,1,1,1,0,0,1,1366000
7814781,1,1,1,1,0,1,1,2673333.3333
7873825,1,1,1,1,0,0,1,1042000
7909099,1,1,1,1,1,1,1,1500000
7829608,1,1,1,1,0,0,1,2546666.6667
7882827,1,1,1,1,0,0,1,1050000
7881987,1,1,1,1,0,0,1,220000
7835869,1,1,1,1,0,0,1,750000
7806431,1,1,1,1,0,0,1,600000
7889829,1,1,1,1,0,0,0,816666.66667
7871621,1,1,1,1,0,0,1,550000
7837936,1,1,1,1,0,0,1,1237500
7837129,1,1,1,1,0,0,1,1600000
7893346,1,1,1,1,0,0,0,560833.33333
7875337,1,1,1,1,1,0,1,547500
7843881,1,1,1,1,0,0,1,508333.33333
7824359,1,1,1,1,0,0,1,245000
7855739,1,1,1,1,0,0,1,899166.66667
7874193,1,1,1,1,1,0,0,700000
7805558,1,1,1,1,0,0,1,1208666.6667
7805668,1,1,1,1,0,0,1,720000
7888496,1,1,1,1,0,0,1,1733333.3333
7796419,1,1,1,1,0,0,1,130000
7824955,1,1,1,1,0,0,1,600000
7877401,1,1,1,1,0,0,1,2080000
7813233,1,1,1,1,0,0,1,650000
7829602,1,1,1,1,0,0,1,2038333.3333
7819965,1,1,1,1,0,0,0,885000
7850812,1,1,1,1,0,0,1,1660503.3333
7856162,1,1,1,1,0,0,1,433333.33333
7909519,1,1,1,1,0,0,1,341666.66667
7820100,1,1,1,1,0,0,0,330000
7874095,1,1,1,1,0,0,1,783000
7882236,1,1,1,1,0,0,1,313333.33333
7851418,1,1,1,1,0,0,0,912500
7858205,1,1,1,1,0,0,1,961666.66667
7795030,1,1,1,1,0,0,1,637500
7880828,1,1,1,1,0,0,1,760000
7888997,1,1,1,1,0,0,1,1700000
7875905,1,1,1,1,0,0,1,1400000
7883830,1,1,1,1,1,0,1,1858333.3333
7805344,1,1,1,1,0,0,1,1825791.6667
7862237,1,1,1,1,0,0,1,575000
7820537,1,1,1,1,1,0,0,1387500
7806858,1,1,1,1,0,0,1,300000
7883543,1,1,1,1,0,0,1,1872500
7865472,1,1,1,1,0,0,1,668333.33333
7803093,1,1,1,1,0,0,1,250000
7857886,1,1,1,1,0,0,1,950000
7825268,1,1,1,1,0,0,1,414000
7836547,1,1,1,1,0,0,0,120833.33333
7866366,1,1,1,1,0,0,1,400000
7900803,1,1,1,1,0,0,1,1200000
7844286,1,1,1,1,0,0,1,400000
7792418,1,1,1,1,0,0,1,1200000
7846124,1,1,1,1,0,0,1,440000
7822864,1,1,1,1,0,0,0,2208000
7862960,1,1,1,1,1,0,1,173333.33333
7796906,1,1,1,1,0,0,0,857916.66667
7894949,1,1,1,1,0,1,1,100000
7822040,1,1,1,1,0,0,1,600000
7802475,1,1,1,1,0,0,1,875000
7850228,1,1,1,1,0,0,1,383333.33333
7886655,1,1,1,1,0,0,1,330000
7837496,1,1,1,1,0,0,1,600000
7849969,1,1,1,1,0,0,1,605000
7793299,1,1,1,1,0,0,0,205000
7848812,1,1,1,1,0,0,0,460000
7845174,1,1,1,1,0,0,1,1400000
7830743,1,1,1,1,0,0,1,1675000
7806540,1,1,1,1,0,0,1,450000
7827952,1,1,1,1,1,0,1,641666.66667
7857181,1,1,1,1,0,0,0,1083333.3333
7855537,1,1,1,1,0,0,0,535000
7815500,1,1,1,1,0,1,1,2283333.3333
7884451,1,1,1,1,0,0,0,927500
7863105,1,1,1,1,0,0,0,123333.33333
7904359,1,1,1,1,0,0,1,268600
7892760,1,1,1,1,0,0,1,2622333.3333
7893656,1,1,1,1,1,0,1,550000
7880600,1,1,1,1,0,0,1,92500
7905068,1,1,1,1,0,0,0,500000
7821826,1,1,1,1,0,0,0,300000
7908367,1,1,1,1,0,0,1,1383333.3333
7840734,1,1,1,1,0,0,0,966666.66667
7792337,1,1,1,1,0,0,0,309000
7790494,1,1,1,1,1,0,1,941666.66667
7889594,1,1,1,1,0,0,1,1300000
7889450,1,1,1,1,0,0,1,478333.33333
7853818,1,1,1,1,0,0,1,395000
7850866,1,1,1,1,0,0,1,1291666.6667
7803470,1,1,1,1,0,0,1,410000
7842313,1,1,1,1,0,0,1,1091666.6667
7883858,1,1,1,1,0,0,1,1325000
7848931,1,1,1,1,0,0,1,1375000
7881887,1,1,1,1,0,0,0,760000
7828417,1,1,1,1,0,0,1,700000
7830367,1,1,1,1,0,0,1,1016666.6667
7850785,1,1,1,1,0,0,1,250000
7900629,1,1,1,1,0,0,1,600000
7807197,1,1,1,1,0,0,1,310000
7828423,1,1,1,1,0,0,0,2990000
7863229,1,1,1,1,0,0,1,1200000
7899891,1,1,1,1,0,0,1,2500000
7811822,1,1,1,1,0,0,1,2021666.6667
7887136,1,1,1,1,0,0,1,1780000
7811629,1,1,1,1,1,0,1,1300000
7809005,1,1,1,1,0,0,1,1000000
7878636,1,1,1,1,0,0,1,520000
7860882,1,1,1,1,0,0,1,1106666.6667
7880634,1,1,1,1,0,0,1,550000
7813530,1,1,1,1,0,0,1,600000
7805995,1,1,1,1,0,0,1,1575000
7862683,1,1,1,1,0,0,1,650000
7890718,1,1,1,1,0,0,0,1146500
7857493,1,1,1,1,0,0,1,772500
7861646,1,1,1,1,0,0,0,66666.666667
7850965,1,1,1,1,0,0,1,657500
7846856,1,1,1,1,0,0,0,400000
7812166,1,1,1,1,0,0,1,800000
7859725,1,1,1,1,0,0,1,750000
7892467,1,1,1,1,0,0,0,69166.666667
7823934,1,1,1,1,0,0,1,300000
7905160,1,1,1,1,1,0,1,1910000
7794600,1,1,1,1,0,0,0,1200000
7895839,1,1,1,1,0,0,1,1000000
7878787,1,1,1,1,0,0,1,370000
7866867,1,1,1,1,0,0,1,780000
7836736,1,1,1,1,0,0,1,300000
7837893,1,1,1,1,0,0,1,373333.33333
7889672,1,1,1,1,0,1,0,3100000
7860592,1,1,1,1,0,0,1,1325000
7867353,1,1,1,1,0,0,0,800000
7806648,1,1,1,1,0,0,1,1160000
7885917,1,1,1,1,1,0,1,300000
7824242,1,1,1,1,0,0,0,1500000
7895676,1,1,1,1,0,0,1,1150000
7894426,1,1,1,1,0,0,1,1702666.6667
7848078,1,1,1,1,0,0,1,737500
7834707,1,1,1,1,0,0,1,250000
7856431,1,1,1,1,0,0,0,3103666.6667
7852394,1,1,1,1,0,0,1,2400000
7829866,1,1,1,1,0,0,0,1800000
7895971,1,1,1,1,0,0,1,1315623
7850530,1,1,1,1,0,0,1,600000
7850389,1,1,1,1,0,0,0,2775000
7837107,1,1,1,1,0,0,1,900000
7884688,1,1,1,1,0,0,1,720000
7874896,1,1,1,1,0,0,0,900000
7839971,1,1,1,1,0,0,1,1400000
7852967,1,1,1,1,0,0,1,900000
7877742,1,1,1,1,0,0,1,1447500
7831389,1,1,1,1,0,0,1,1200000
7909427,1,1,1,1,1,0,0,886666.66667
7834026,1,1,1,1,0,0,1,200000
7834890,1,1,1,1,0,0,1,1465000
7871778,2,1,2,1,0,0,0,900000
7878417,1,1,1,1,0,0,1,1200000
7851098,1,1,1,1,0,0,1,348333.33333
7903307,1,1,1,1,0,0,1,2400000
7868731,1,1,1,1,0,0,1,1288333.3333
7900620,1,1,1,1,0,0,1,380000
7839228,1,1,1,1,0,0,1,825000
7886670,1,1,1,1,0,0,0,1243333.3333
7829436,1,1,1,1,0,0,1,1766666.6667
7803035,1,1,1,1,0,0,0,380000
7858552,1,1,1,1,0,0,1,2000000
7905323,1,1,1,1,0,0,0,1477166.6667
7808441,2,1,2,1,0,0,1,615833.33333
7865331,1,1,1,1,0,0,1,4575000
7807777,1,1,1,1,0,0,1,690000
7866145,1,1,1,1,0,0,1,2380000
7795005,1,1,1,1,0,0,1,845000
7806362,1,1,1,1,0,0,1,500000
7834525,1,1,1,1,0,0,0,438000
7831290,1,1,1,1,0,0,1,1140000
7791419,1,1,1,1,0,0,1,1450000
7835277,1,1,1,1,0,0,1,180000
7798073,1,1,1,1,0,0,1,287500
7864785,1,1,1,1,0,0,1,845000
7806751,1,1,1,1,0,0,1,920000
7846834,1,1,1,1,0,0,0,2188000
7873209,1,1,1,1,0,0,0,1000000
7886773,1,1,1,1,0,0,1,1675000
7859698,1,1,1,1,0,0,1,2000000
7896136,1,1,1,1,0,0,1,1308333.3333
7837476,1,1,1,1,0,0,0,350000
7823338,1,1,1,1,0,0,1,2618000
7899164,1,1,1,1,0,0,0,2034583.3333
7831860,1,1,1,1,0,0,1,166666.66667
7852805,1,1,1,1,1,0,1,1063333.3333
7834792,1,1,1,1,0,0,0,907500
7862177,1,1,1,1,0,0,0,950000
7888279,1,1,1,1,0,0,0,1529583.3333
7849391,1,1,1,1,0,0,1,1305000
7797143,1,1,1,1,0,0,1,945000
7816613,1,1,1,1,0,0,1,800000
7806598,1,1,1,1,0,0,1,1000000
7846794,1,1,1,1,0,0,0,1000000
7821300,1,1,1,1,0,0,1,570000
7887214,1,1,1,1,0,0,1,618333.33333
7852341,1,1,1,1,0,0,0,2016666.6667
7794067,1,1,1,1,0,0,1,1523333.3333
7806274,1,1,1,1,0,0,1,615000
7863961,1,1,1,1,0,0,1,790000
7873384,1,1,1,1,0,0,1,4600000
7906014,1,1,1,1,0,0,1,550000
7858007,1,1,1,1,1,0,1,4102000
7823876,1,1,1,1,0,0,1,300000
7828951,1,1,1,1,0,0,1,900000
7899301,1,1,1,1,0,0,1,150000
7896709,1,1,1,1,0,0,1,1596666.6667
7794006,1,1,1,1,0,0,1,320833.33333
7806709,1,1,1,1,0,0,0,550000
7792237,1,1,1,1,0,0,1,500000
7836391,1,1,1,1,0,0,1,1615000
7859681,1,1,1,1,0,0,0,1775000
7799054,1,1,1,1,0,0,1,1000000
7815708,1,1,1,1,0,0,1,1100000
7808692,1,1,1,1,0,0,0,906666.66667
7797579,1,1,1,1,0,0,1,785833.33333
7855933,1,1,1,1,0,0,1,600000
7857531,1,1,1,1,0,0,1,10563333.333
7862932,1,1,1,1,0,0,1,1446000
7884965,1,1,1,1,0,0,1,616666.66667
7829476,1,1,1,1,1,0,1,721666.66667
7907051,1,1,1,1,0,0,0,1095000
7858554,1,1,1,1,0,0,1,2150000
7837139,1,1,1,1,0,0,1,1180000
7869922,1,1,1,1,0,0,1,2402500
7834409,1,1,1,1,0,0,1,2003838.6667
7874589,1,1,1,1,0,0,1,1100000
7854270,1,1,1,1,0,0,1,1386666.6667
7878748,1,1,1,1,0,0,0,954166.66667
7858254,1,1,1,1,0,0,0,6250000
7853726,1,1,1,1,0,0,1,2200000
7886373,1,1,1,1,0,0,1,1429166.6667
7829474,1,1,1,1,0,0,1,400000
7862003,1,1,1,1,0,0,1,596666.66667
7828398,1,1,1,1,0,0,1,835000
7896949,1,1,1,1,0,0,0,6027490
7876597,1,1,1,1,0,0,0,1800000
7867369,1,1,1,1,0,0,1,800000
7846693,1,1,1,1,0,0,1,738333.33333
7824534,1,1,1,1,0,0,1,1338838.6667
7793871,1,1,1,1,0,0,1,1273333.3333
7864580,1,1,1,1,0,0,1,1010000
7833458,1,1,1,1,0,0,1,70000
7818217,1,1,1,1,0,0,0,390000
7818565,1,1,1,1,0,0,1,555000
7899026,1,1,1,1,0,0,1,320000
7891308,1,1,1,1,0,0,1,216666.66667
7875157,1,1,1,1,0,0,1,930000
7905495,1,1,1,1,1,0,1,1300000
7831229,1,1,1,1,0,0,0,329166.66667
7826732,1,1,1,1,0,0,1,212500
7836659,1,1,1,1,0,0,1,600000
7874531,1,1,1,1,0,0,1,1964000
7835203,1,1,1,1,0,0,1,164166.66667
7906587,1,1,1,1,0,0,1,1800000
7806687,1,1,1,1,0,0,0,700000
7845643,1,1,1,1,0,0,1,1050000
7875214,1,1,1,1,1,0,1,3240000
7823033,1,1,1,1,0,0,1,783333.33333
7818844,1,1,1,1,0,0,1,2851333.3333
7836068,1,1,1,1,0,0,1,2812500
7866504,1,1,1,1,0,0,0,1300000
7836251,1,1,1,1,0,0,1,1760000
7881625,1,1,1,1,0,0,1,120000
7897243,1,1,1,1,0,0,1,300000
7805691,1,1,1,1,0,0,0,700000
7865000,1,1,1,1,0,0,1,406666.66667
7858648,1,1,1,1,0,0,1,800000
7834926,1,1,1,1,0,0,0,1720366.6667
7796262,1,1,1,1,0,0,1,1100000
7836667,1,1,1,1,0,0,1,1500000
7794666,1,1,1,1,0,0,1,995000
7888963,1,1,1,1,0,0,1,1850000
7853209,1,1,1,1,0,0,1,1475000
7858611,1,1,1,1,0,0,1,1226666.6667
7852467,1,1,1,1,0,1,1,3700000
7816420,1,1,1,1,0,0,0,400000
7802170,1,1,1,1,0,0,0,520000
7805320,1,1,1,1,0,0,0,468750
7845917,1,1,1,1,0,0,1,500000
7830750,1,1,1,1,0,0,1,2300000
7854999,1,1,1,1,0,0,1,750000
7909665,1,1,1,1,0,0,1,610000
7843808,1,1,1,1,0,0,1,1196666.6667
7840536,1,1,1,1,0,0,1,480000
7881440,1,1,1,1,0,0,1,1250000
7907339,1,1,1,1,0,0,1,1850333.3333
7820819,1,1,1,1,0,0,1,1845505.3333
7845681,1,1,1,1,0,0,0,1717000
7822209,1,1,1,1,0,0,1,1056000
7874143,1,1,1,1,0,0,1,7060333.3333
7907746,1,1,1,1,0,0,1,1350000
7828767,1,1,1,1,0,0,1,241666.66667
7788558,1,1,1,1,0,0,0,2000000
7834476,1,1,1,1,0,0,1,350000
7789399,1,1,1,1,0,0,0,200000
7829208,1,1,1,1,0,1,1,300000
7868286,1,1,1,1,1,0,1,4141666.6667
7829504,1,1,1,1,0,0,1,4326666.6667
7853753,1,1,1,1,0,0,1,650000
7797731,4,1,4,1,0,0,1,949166.66667
7854237,1,1,1,1,0,0,1,265000
7813338,1,1,1,1,0,0,1,18700000
7880538,1,1,1,1,0,0,1,413333.33333
7857340,1,1,1,1,0,0,1,196666.66667
7867039,1,1,1,1,0,0,1,258000
7907907,1,1,1,1,0,0,1,3300666.6667
7793542,1,1,1,1,0,0,1,150000
7875022,1,1,1,1,0,0,1,910000
7855618,1,1,1,1,0,0,1,1767500
7870503,1,1,1,1,0,0,1,195833.33333
7789795,1,1,1,1,1,0,1,833333.33333
7796770,1,1,1,1,0,0,1,423333.33333
7824894,1,1,1,1,0,0,0,350000
7803300,1,1,1,1,0,0,1,3145000
7836971,1,1,1,1,0,0,1,1030000
7804840,1,1,1,1,0,0,1,370000
7875703,1,1,1,1,0,0,1,1250000
7891078,1,1,1,1,0,0,1,1840000
7839379,1,1,1,1,0,0,1,1510000
7837035,1,1,1,1,0,0,1,850000
7899475,1,1,1,1,0,0,1,583333.33333
7883790,1,1,1,1,0,0,1,1000000
7899442,1,1,1,1,0,0,1,2250000
7879846,1,1,1,1,0,0,1,2000000
7905707,1,1,1,1,0,0,0,810000
7860581,1,1,1,1,0,1,0,3638838.6667
7827948,1,1,1,1,0,0,0,750000
7794250,1,1,1,1,0,0,1,1710000
7897728,1,1,1,1,0,0,1,1150000
7896167,1,1,1,1,0,0,0,620000
7886541,1,1,1,1,0,0,0,1207500
7811978,1,1,1,1,0,0,0,897500
7874327,1,1,1,1,0,0,1,850000
7856363,1,1,1,1,0,0,1,1440000
7822509,1,1,1,1,0,0,1,119166.66667
7843209,1,1,1,1,0,0,1,650000
7859162,1,1,1,1,0,0,1,1783333.3333
7886533,1,1,1,1,0,0,1,1121000
7802842,1,1,1,1,0,0,0,1233333.3333
7852378,1,1,1,1,0,0,0,221666.66667
7862353,1,1,1,1,0,0,1,2433333.3333
7872429,1,1,1,1,0,0,1,1065833.3333
7837535,1,1,1,1,0,0,1,625000
7790362,1,1,1,1,0,0,1,1733333.3333
7874831,1,1,1,1,0,0,1,650000
7853741,1,1,1,1,0,0,1,1426500
7807923,1,1,1,1,0,0,1,432500
7894830,1,1,1,1,0,0,1,270833.33333
7841507,1,1,1,1,0,0,1,1100000
7813006,1,1,1,1,0,0,1,511333.33333
7856291,1,1,1,1,0,0,1,700000
7821190,1,1,1,1,0,0,1,1283333.3333
7865541,1,1,1,1,0,0,1,1750000
7851451,1,1,1,1,0,0,1,1000000
7795656,1,1,1,1,0,0,1,510000
7826000,1,1,1,1,0,0,0,2275000
7884571,1,1,1,1,0,0,1,800000
7840665,1,1,1,1,0,0,1,3100000
7891615,1,1,1,1,0,0,0,1301000
7861583,1,1,1,1,0,0,1,1700000
7903751,1,1,1,1,0,0,1,1550000
7837329,1,1,1,1,0,0,1,1600000
7797730,1,1,1,1,0,0,1,1250000
7795789,1,1,1,1,0,0,1,1100000
7907672,1,1,1,1,0,0,0,1308583.3333
7878209,1,1,1,1,0,0,1,1090000
7882187,1,1,1,1,0,0,0,730000
7877356,1,1,1,1,0,0,1,1150000
7839861,1,1,1,1,0,0,1,2438500
7799009,1,1,1,1,0,0,1,505000
7892143,1,1,1,1,0,0,1,1415000
7893972,1,1,1,1,0,0,1,400000
7842343,1,1,1,1,0,0,1,656666.66667
7876169,1,1,1,1,0,1,0,1513666.6667
7886401,1,1,1,1,0,0,1,600000
7817329,1,1,1,1,0,0,1,1175000
7837468,1,1,1,1,0,0,0,305833.33333
7853665,1,1,1,1,0,0,1,1281666.6667
7873967,1,1,1,1,0,0,0,2800000
7893361,1,1,1,1,0,0,0,989166.66667
7794195,1,1,1,1,0,0,0,508666.66667
7884664,1,1,1,1,0,0,1,500000
7907737,1,1,1,1,0,0,1,550000
7856589,1,1,1,1,0,0,0,1270833.3333
7836785,1,1,1,1,0,0,1,1100000
7865173,1,1,1,1,0,0,0,800000
7812364,1,1,1,1,0,0,1,600000
7802288,1,1,1,1,0,0,1,1375000
7813205,1,1,1,1,1,0,1,1175000
7852383,1,1,1,1,0,0,1,165000
7881271,1,1,1,1,1,0,1,1531666.6667
7856805,1,1,1,1,0,0,1,3900000
7855923,1,1,1,1,0,0,0,680000
7814063,1,1,1,1,0,0,1,959666.66667
7905837,1,1,1,1,0,0,1,1798833.3333
7848056,1,1,1,1,0,0,0,400000
7850016,1,1,1,1,0,0,1,1455000
7825537,1,1,1,1,0,0,1,850000
7869843,1,1,1,1,0,0,1,670833.33333
7849366,1,1,1,1,0,0,1,371666.66667
7824469,1,1,1,1,0,0,0,400000
7881453,1,1,1,1,0,0,1,1200000
7835684,1,1,1,1,0,0,1,850000
7815827,1,1,1,1,0,0,1,256666.66667
7860036,1,1,1,1,0,0,0,840000
7858647,1,1,1,1,0,0,0,266666.66667
7909793,1,1,1,1,0,0,1,120833.33333
7875107,1,1,1,1,0,0,1,5410000
7859840,1,1,1,1,0,0,1,1400000
7885160,1,1,1,1,0,0,0,2017172
7842273,1,1,1,1,0,0,1,500000
7895996,1,1,1,1,0,0,1,2494833.3333
7883745,1,1,1,1,0,0,1,308333.33333
7791169,1,1,1,1,0,0,1,1141666.6667
7792129,1,1,1,1,0,0,1,125000
7819812,1,1,1,1,0,0,1,300000
7869278,1,1,1,1,0,0,1,540000
7830547,1,1,1,1,0,0,1,1330000
7873935,1,1,1,1,0,0,1,701666.66667
7804047,1,1,1,1,0,0,0,1100000
7838933,1,1,1,1,0,0,1,1010833.3333
7831119,1,1,1,1,0,0,0,1045000
7830404,1,1,1,1,0,0,1,26965000
7893552,1,1,1,1,0,0,1,1480833.3333
7841919,1,1,1,1,0,0,1,450000
7896166,1,1,1,1,0,0,1,200000
7858369,1,1,1,1,0,0,1,293333.33333
7846770,1,1,1,1,0,0,1,116666.66667
7837954,1,1,1,1,0,0,1,1600000
7887815,1,1,1,1,0,0,1,971666.66667
7848186,1,1,1,1,0,0,1,2383333.3333
7856107,1,1,1,1,0,0,0,450000
7908776,1,1,1,1,0,0,1,1200000
7882693,1,1,1,1,0,0,1,1260000
7850441,1,1,1,1,0,0,1,1050000
7833462,1,1,1,1,0,0,1,700000
7896361,1,1,1,1,0,0,1,600000
7905813,1,1,1,1,0,0,1,1220000
7818871,1,1,1,1,0,0,0,1920000
7872224,1,1,1,1,0,0,1,1150000
7811719,1,1,1,1,0,0,1,1074166.6667
7819744,1,1,1,1,0,0,1,930000
7882857,1,1,1,1,0,0,0,638333.33333
7901154,1,1,1,1,0,0,0,1685000
7896262,1,1,1,1,0,0,1,1000000
7834084,1,1,1,1,0,0,1,1000000
7827853,1,1,1,1,0,0,1,903333.33333
7837082,1,1,1,1,0,0,1,1300000
7790346,1,1,1,1,0,0,1,508333.33333
7868337,1,1,1,1,0,0,1,1625000
7907473,1,1,1,1,0,0,1,1950000
7794315,1,1,1,1,0,0,1,600000
7881558,1,1,1,1,0,0,1,1203333.3333
7907886,1,1,1,1,0,0,1,1145000
7832701,1,1,1,1,0,0,0,491250
7873659,1,1,1,1,0,0,1,1051833.3333
7890422,1,1,1,1,0,0,1,280000
7860458,1,1,1,1,0,0,1,501666.66667
7828697,1,1,1,1,0,0,1,2725000
7869613,1,1,1,1,0,0,1,500000
7789411,1,1,1,1,0,0,1,167916.66667
7828955,1,1,1,1,0,0,1,2207000
7792072,1,1,1,1,0,0,0,393333.33333
7876260,1,1,1,1,0,0,1,1400000
7804851,1,1,1,1,0,0,0,755833.33333
7817926,1,1,1,1,0,0,0,3727172
7884233,1,1,1,1,0,0,1,1337083.3333
7895644,1,1,1,1,0,0,1,975000
7865617,1,1,1,1,0,0,0,2580000
7848694,1,1,1,1,0,0,1,1509000
7794354,1,1,1,1,0,0,1,1500000
7789008,1,1,1,1,0,0,0,2117166.6667
7866494,1,1,1,1,0,0,0,1185000
7805301,1,1,1,1,0,0,1,1217500
7815560,1,1,1,1,0,0,1,106666.66667
7904464,1,1,1,1,1,0,0,221666.66667
7880373,1,1,1,1,0,0,1,523000
7900319,1,1,1,1,0,0,1,1050000
7827610,1,1,1,1,0,0,1,2644833.3333
7850504,1,1,1,1,0,0,1,2170000
7857118,1,1,1,1,0,0,1,150000
7820726,1,1,1,1,1,0,1,250000
7903752,1,1,1,1,0,0,0,1000000
7815129,1,1,1,1,0,0,1,710000
7852845,1,1,1,1,0,0,1,225000
7789455,1,1,1,1,0,0,1,390000
7817793,1,1,1,1,0,0,1,950000
7853181,1,1,1,1,0,0,1,1600000
7888645,1,1,1,1,0,0,1,875000
7816221,1,1,1,1,0,0,0,1300000
7813602,1,1,1,1,0,0,0,1340000
7878948,1,1,1,1,0,0,0,1400000
7844027,1,1,1,1,0,0,1,4236666.6667
7848471,1,1,1,1,0,0,1,206666.66667
7789716,1,1,1,1,0,0,1,1100000
7833550,1,1,1,1,0,0,1,580000
7894848,1,1,1,1,0,0,1,150000
7835186,1,1,1,1,0,0,1,1475000
7853607,1,1,1,1,0,0,1,487500
7809254,1,1,1,1,0,0,1,150000
7857269,1,1,1,1,0,0,1,1433333.3333
7788164,1,1,1,1,0,0,0,595000
7855528,1,1,1,1,0,0,0,289166.66667
7886825,1,1,1,1,0,0,0,527500
7846872,1,1,1,1,0,0,0,210000
7889572,1,1,1,1,0,0,1,2864466.6667
7792166,1,1,1,1,0,0,1,1150000
7856821,1,1,1,1,0,0,1,500000
7807478,1,1,1,1,0,0,1,815000
7866617,1,1,1,1,0,0,1,586666.66667
7793199,1,1,1,1,0,0,1,3334066.6667
7788165,1,1,1,1,0,0,0,1320000
7881313,1,1,1,1,0,1,0,2892200
7794883,1,1,1,1,0,0,0,405000
7880084,1,1,1,1,0,0,1,1150000
7842466,1,1,1,1,0,0,1,730000
7887523,1,1,1,1,0,0,1,1000000
7821666,1,1,1,1,1,0,1,608000
7901383,1,1,1,1,0,0,1,350000
7820948,1,1,1,1,0,0,1,2641666.6667
7839841,1,1,1,1,0,0,1,950000
7884533,1,1,1,1,0,0,1,238333.33333
7811909,1,1,1,1,0,0,1,1321666.6667
7898267,2,1,2,1,0,0,1,455000
7888981,1,1,1,1,0,0,1,450000
7821753,1,1,1,1,0,0,1,855000
7805504,1,1,1,1,0,0,1,602500
7802891,1,1,1,1,0,0,1,255000
7793458,1,1,1,1,0,0,1,1000000
7793697,1,1,1,1,0,0,1,1210000
7851921,1,1,1,1,0,0,1,1200000
7878962,1,1,1,1,0,0,1,1216666.6667
7877853,1,1,1,1,0,0,1,537500
7820150,1,1,1,1,0,0,1,4816666.6667
7841017,1,1,1,1,0,0,1,900000
7905795,1,1,1,1,0,0,0,460833.33333
7837684,1,1,1,1,0,0,1,700000
7865570,1,1,1,1,0,0,1,200000
7858029,1,1,1,1,0,0,1,823333.33333
7816783,1,1,1,1,0,0,1,1182500
7823664,1,1,1,1,0,0,0,575000
7857276,1,1,1,1,0,0,1,798333.33333
7830352,1,1,1,1,0,0,1,1433333.3333
7792249,1,1,1,1,0,0,1,1270000
7843129,1,1,1,1,0,0,1,2000000
7884987,1,1,1,1,0,0,0,790000
7803087,1,1,1,1,0,0,1,10056666.667
7856300,1,1,1,1,0,1,1,2341666.6667
7880542,1,1,1,1,0,0,1,102500
7840902,1,1,1,1,0,0,0,650000
7835914,1,1,1,1,0,0,1,997500
7890847,1,1,1,1,0,0,1,646666.66667
7806319,1,1,1,1,0,0,0,433000
7791142,1,1,1,1,0,0,1,1050000
7824230,1,1,1,1,0,0,1,2920000
7796482,1,1,1,1,0,0,1,990000
7842500,1,1,1,1,0,0,0,445000
7887127,1,1,1,1,0,0,1,9490000
7792306,1,1,1,1,0,0,1,334166.66667
7859421,1,1,1,1,0,0,1,543333.33333
7852678,1,1,1,1,1,0,1,1310000
7880082,1,1,1,1,0,0,1,692500
7831889,1,1,1,1,0,0,0,716666.66667
7852098,1,1,1,1,0,0,1,1000000
7855189,1,1,1,1,0,0,1,1600000
7907221,1,1,1,1,1,0,1,1657500
7845512,1,1,1,1,0,0,1,1451000
7806814,1,1,1,1,0,0,1,930000
7788978,1,1,1,1,0,0,0,1175000
7803404,1,1,1,1,0,0,0,440000
7819550,1,1,1,1,0,0,1,776666.66667
7854708,1,1,1,1,0,0,0,1291666.6667
7819530,1,1,1,1,0,0,1,1000000
7803944,1,1,1,1,0,0,1,531666.66667
7805760,1,1,1,1,0,0,0,700000
7847388,1,1,1,1,0,0,1,1150000
7850722,1,1,1,1,0,0,0,696666.66667
7843864,1,1,1,1,0,0,1,1717172
7856914,1,1,1,1,0,0,1,936666.66667
7839565,1,1,1,1,0,0,1,2050000
7895129,1,1,1,1,0,0,1,650000
7857614,1,1,1,1,0,0,1,2875000
7856450,1,1,1,1,0,0,0,730000
7849704,1,1,1,1,0,0,1,895833.33333
7892999,1,1,1,1,0,0,0,4092172
7898841,1,1,1,1,0,0,1,269166.66667
7791583,1,1,1,1,0,0,1,550000
7836429,1,1,1,1,0,0,1,860000
7840609,1,1,1,1,0,0,1,800000
7895693,1,1,1,1,0,0,0,598333.33333
7842536,1,1,1,1,0,0,1,656666.66667
7868388,1,1,1,1,0,0,1,700000
7804439,1,1,1,1,0,0,1,1740505.3333
7794060,1,1,1,1,0,0,0,1310000
7880854,1,1,1,1,0,0,1,200000
7840254,1,1,1,1,0,0,1,418333.33333
7862720,1,1,1,1,0,0,1,1717000
7844640,1,1,1,1,0,0,0,631666.66667
7808335,1,1,1,1,0,0,1,875000
7822964,1,1,1,1,0,0,1,2450000
7851454,1,1,1,1,1,0,1,355000
7855927,1,1,1,1,0,0,1,390000
7791564,1,1,1,1,0,0,1,756666.66667
7790035,1,1,1,1,1,1,1,6150000
7829408,1,1,1,1,0,0,0,695000
7833271,1,1,1,1,0,0,1,1190000
7806277,1,1,1,1,0,0,1,280000
7818120,1,1,1,1,1,0,1,1000000
7814610,1,1,1,1,0,0,1,1200000
7823834,1,1,1,1,0,0,0,1000000
7865101,1,1,1,1,0,0,1,795800
7813463,1,1,1,1,0,0,0,2266666.6667
7843257,1,1,1,1,0,0,1,620833.33333
7857033,1,1,1,1,0,0,1,250000
7804211,1,1,1,1,0,0,1,1350000
7893293,1,1,1,1,0,0,1,701333.33333
7899159,1,1,1,1,0,0,1,2650000
7868303,1,1,1,1,0,0,1,1100000
7837030,1,1,1,1,0,0,1,3565000
7824926,1,1,1,1,0,0,0,150000
7885870,1,1,1,1,0,0,1,1400000
7839017,1,1,1,1,0,0,1,279166.66667
7864129,1,1,1,1,0,0,0,1060000
7844866,1,1,1,1,0,0,1,1400000
7842765,1,1,1,1,0,0,1,1083750
7807138,1,1,1,1,0,0,1,455833.33333
7818849,1,1,1,1,0,0,1,800000
7797761,1,1,1,1,0,0,1,1391000
7857661,1,1,1,1,0,0,0,495000
7833010,1,1,1,1,0,0,1,483333.33333
7865022,1,1,1,1,0,0,1,1172500
7842632,1,1,1,1,0,0,1,2200000
7901577,1,1,1,1,0,0,1,550000
7848385,1,1,1,1,0,0,0,1117000
7887466,1,1,1,1,0,0,1,600000
7859818,1,1,1,1,0,0,1,800000
7867847,1,1,1,1,0,0,1,910000
7846444,1,1,1,1,0,0,1,1810000
7862241,1,1,1,1,0,0,1,191666.66667
7882052,1,1,1,1,0,1,1,1550000
7821456,1,1,1,1,0,0,0,900000
7859904,1,1,1,1,0,0,1,576666.66667
7887147,1,1,1,1,0,0,1,630000
7826090,1,1,1,1,0,0,0,1880000
7868179,1,1,1,1,0,0,0,2700000
7898456,1,1,1,1,0,0,1,4082500
7847166,1,1,1,1,0,0,1,283333.33333
7847070,1,1,1,1,0,0,1,1237500
7797137,1,1,1,1,1,0,1,850000
7880467,1,1,1,1,0,0,1,520000
7870579,1,1,1,1,0,0,1,477500
7820028,2,1,2,1,0,0,1,2415000
7867590,1,1,1,1,0,0,1,1616666.6667
7901726,1,1,1,1,0,0,1,830000
7828594,1,1,1,1,0,0,1,1831250
7868265,1,1,1,1,0,0,0,1106666.6667
7866055,1,1,1,1,0,0,0,300000
7845691,1,1,1,1,0,0,1,20155833.333
7796201,1,1,1,1,0,0,1,330000
7813965,1,1,1,1,0,0,1,74166.666667
7889414,1,1,1,1,0,0,1,4812500
7903086,1,1,1,1,0,0,1,375000
7805926,1,1,1,1,0,0,1,246666.66667
7827929,1,1,1,1,0,0,1,562500
7824835,1,1,1,1,0,0,1,660000
7876190,1,1,1,1,0,0,1,590000
7813697,1,1,1,1,0,0,0,97500
7803876,1,1,1,1,0,1,1,2200000
7815546,1,1,1,1,0,0,1,2000000
7878526,1,1,1,1,0,0,0,450000
7837096,1,1,1,1,0,0,1,1276666.6667
7795156,1,1,1,1,0,0,1,1117200
7905832,1,1,1,1,0,0,1,1477500
7878215,1,1,1,1,0,0,1,1250000
7893861,1,1,1,1,0,0,0,24800000
7830075,1,1,1,1,0,0,1,540000
7839628,1,1,1,1,0,0,1,167500
7812396,1,1,1,1,0,0,1,900000
7898253,1,1,1,1,0,0,0,998333.33333
7811829,1,1,1,1,0,0,1,360000
7811743,1,1,1,1,0,0,1,1683333.3333
7796310,1,1,1,1,0,0,1,755000
7855740,1,1,1,1,0,0,0,466666.66667
7874020,1,1,1,1,0,0,1,1783333.3333
7841584,1,1,1,1,1,0,1,1551666.6667
7854099,1,1,1,1,1,0,1,695833.33333
7904238,1,1,1,1,0,0,1,760000
7821609,1,1,1,1,0,0,1,180000
7817589,1,1,1,1,0,0,1,1050000
7897451,1,1,1,1,0,0,1,868666.66667
7788850,1,1,1,1,0,0,1,445000
7903286,1,1,1,1,0,0,1,1005000
7825899,1,1,1,1,0,0,0,1723000
7893781,1,1,1,1,0,0,1,2016666.6667
7822089,1,1,1,1,0,0,1,250000
7847566,1,1,1,1,0,0,1,580000
7874774,1,1,1,1,0,0,1,200000
7858756,1,1,1,1,0,0,1,2800000
7849338,1,1,1,1,0,0,1,1451666.6667
7856016,1,1,1,1,0,0,1,130000
7836847,1,1,1,1,0,1,1,3142500
7899346,1,1,1,1,0,0,0,600000
7873329,1,1,1,1,0,0,1,650000
7871244,1,1,1,1,0,0,1,554166.66667
7817278,1,1,1,1,0,0,1,672500
7909102,1,1,1,1,0,0,1,1300000
7883340,1,1,1,1,0,0,1,820000
7860341,1,1,1,1,0,0,1,1001000
7860398,1,1,1,1,0,0,0,1360000
7826602,1,1,1,1,0,0,1,300000
7792949,1,1,1,1,0,0,1,2090000
7889113,1,1,1,1,0,0,1,1200000
7843328,1,1,1,1,0,0,1,921666.66667
7898840,1,1,1,1,0,0,1,250000
7836850,1,1,1,1,1,0,1,1650000
7808897,1,1,1,1,0,0,1,1050000
7876224,1,1,1,1,0,0,0,1682500
7815580,1,1,1,1,0,0,1,1800000
7872691,1,1,1,1,0,0,1,322000
7857585,1,1,1,1,0,0,1,1382500
7896162,1,1,1,1,0,0,1,460000
7798904,1,1,1,1,0,0,1,1000000
7854720,1,1,1,1,0,0,1,800000
7871720,1,1,1,1,0,0,1,1331500
7893255,1,1,1,1,0,0,1,1035000
7816549,1,1,1,1,0,0,1,1100000
7799125,1,1,1,1,0,0,1,1190000
7805065,1,1,1,1,0,0,1,616666.66667
7870901,1,1,1,1,0,0,1,1070000
7842819,1,1,1,1,0,0,0,702500
7803004,1,1,1,1,1,0,1,400000
7870771,1,1,1,1,0,0,1,2741833.3333
7860998,1,1,1,1,0,0,1,573333.33333
7874963,1,1,1,1,0,0,1,3700000
7829313,1,1,1,1,0,0,1,700000
7905553,1,1,1,1,0,0,1,3108783.6667
7803530,1,1,1,1,0,0,0,580000
7893442,1,1,1,1,0,0,0,7580000
7855409,1,1,1,1,1,0,1,750000
7859820,1,1,1,1,0,0,1,1100000
7817395,1,1,1,1,0,0,1,1390000
7843999,1,1,1,1,0,0,1,830000
7821606,1,1,1,1,0,0,1,1021666.6667
7856554,1,1,1,1,0,0,1,2730000
7860078,1,1,1,1,0,0,1,1840000
7827191,1,1,1,1,0,0,1,495000
7886012,1,1,1,1,0,0,1,1523333.3333
7812887,1,1,1,1,0,0,1,737500
7867510,1,1,1,1,0,0,1,525000
7866855,1,1,1,1,0,0,0,370833.33333
7788456,1,1,1,1,0,0,1,1130000
7879695,1,1,1,1,0,0,0,25550000
7853060,1,1,1,1,0,0,1,325000
7881239,1,1,1,1,0,0,1,866666.66667
7789970,1,1,1,1,0,0,1,186666.66667
7864992,1,1,1,1,0,0,0,1640000
7873644,1,1,1,1,0,0,1,1330000
7843405,1,1,1,1,0,0,1,415000
7855848,1,1,1,1,0,0,1,700000
7788745,1,1,1,1,1,0,1,3571505.3333
7840517,1,1,1,1,0,0,1,210000
7872219,1,1,1,1,0,0,1,743333.33333
7853901,1,1,1,1,0,0,1,450000
7791236,1,1,1,1,0,0,1,900000
7841294,1,1,1,1,0,0,1,1410000
7837877,1,1,1,1,0,0,1,1965000
7802280,1,1,1,1,0,0,0,3016666.6667
7830070,1,1,1,1,0,0,1,705000
7875353,1,1,1,1,0,0,1,855000
7836310,1,1,1,1,0,0,1,2042500
7874739,1,1,1,1,0,0,1,600000
7883704,1,1,1,1,0,0,0,1550000
7793877,1,1,1,1,1,0,1,1800000
7858550,1,1,1,1,1,0,1,210000
7827118,1,1,1,1,0,0,1,950000
7904518,1,1,1,1,0,0,1,560000
7837206,1,1,1,1,0,0,1,1050000
7795325,1,1,1,1,0,0,1,1400000
7848530,1,1,1,1,0,0,1,583333.33333
7870652,1,1,1,1,0,0,1,973333.33333
7889822,1,1,1,1,0,0,1,600000
7823422,1,1,1,1,0,0,1,580000
7788127,1,1,1,1,0,0,1,1158666.6667
7819224,1,1,1,1,0,0,1,1845338.6667
7862917,1,1,1,1,0,0,1,285000
7885217,1,1,1,1,0,0,1,1530000
7876346,1,1,1,1,0,0,1,433333.33333
7791350,1,1,1,1,0,0,0,726666.66667
7899447,1,1,1,1,0,0,1,950000
7790066,1,1,1,1,0,0,1,501666.66667
7855108,1,1,1,1,1,0,1,425000
7869816,1,1,1,1,0,0,1,576666.66667
7870050,1,1,1,1,1,0,1,60000
7857259,1,1,1,1,0,0,1,233333.33333
7859921,1,1,1,1,0,0,1,1000000
7856208,1,1,1,1,0,0,1,385000
7831406,1,1,1,1,0,0,1,1000000
7830880,1,1,1,1,0,0,1,700000
7887315,1,1,1,1,0,0,0,233833.33333
7839750,1,1,1,1,0,0,1,450000
7902444,1,1,1,1,0,0,1,720000
7861059,1,1,1,1,1,0,1,496666.66667
7814402,1,1,1,1,0,0,1,1120000
7876612,1,1,1,1,0,0,1,950000
7840990,1,1,1,1,0,0,1,900000
7843816,1,1,1,1,0,0,1,700000
7821870,1,1,1,1,0,0,1,1300000
7905204,1,1,1,1,0,0,1,1296666.6667
7844679,1,1,1,1,0,0,1,400000
7831349,1,1,1,1,0,0,0,700000
7813651,1,1,1,1,0,0,1,1811000
7887883,1,1,1,1,0,0,1,216666.66667
7814947,1,1,1,1,0,0,0,650000
7889081,1,1,1,1,0,0,1,1100000
7904411,1,1,1,1,0,0,1,250000
7831922,1,1,1,1,0,0,1,834666.66667
7867079,1,1,1,1,0,0,1,780000
7846740,1,1,1,1,0,0,1,1100000
7797316,1,1,1,1,0,0,1,500000
7829329,1,1,1,1,0,0,1,1792000
7881903,1,1,1,1,0,0,1,850000
7867664,1,1,1,1,0,0,1,3565000
7909501,1,1,1,1,1,0,1,720000
7874641,1,1,1,1,0,0,0,112500
7823543,1,1,1,1,0,0,1,200000
7855008,1,1,1,1,0,0,1,716666.66667
7842046,1,1,1,1,0,0,0,1150000
7802285,1,1,1,1,0,0,1,1050000
7859245,1,1,1,1,0,0,1,200000
7820165,1,1,1,1,0,0,1,360000
7788369,1,1,1,1,1,0,1,720000
7866721,1,1,1,1,0,0,1,1100000
7814888,1,1,1,1,0,0,1,675000
7840102,1,1,1,1,0,0,1,985000
7792279,1,1,1,1,0,0,1,918333.33333
7879711,1,1,1,1,1,0,1,6750000
7886760,1,1,1,1,0,0,1,800000
7819908,1,1,1,1,0,0,0,802500
7790905,1,1,1,1,0,0,1,1300000
7835274,1,1,1,1,0,0,1,750000
7854426,1,1,1,1,0,0,1,965000
7882050,1,1,1,1,0,0,1,800000
7888518,1,1,1,1,0,0,1,800000
7881489,1,1,1,1,0,0,1,130000
7823367,1,1,1,1,0,0,1,800000
7839154,1,1,1,1,0,0,0,1250000
7907225,1,1,1,1,0,0,1,900000
7791827,1,1,1,1,0,0,0,480000
7820664,1,1,1,1,1,0,1,2046666.6667
7793684,1,1,1,1,0,0,0,956666.66667
7843589,1,1,1,1,0,0,1,2196666.6667
7832672,1,1,1,1,0,0,1,1453333.3333
7898366,1,1,1,1,0,0,1,270000
7892657,1,1,1,1,0,0,0,5522172
7871163,1,1,1,1,0,0,1,740000
7887447,1,1,1,1,0,0,1,2300000
7897591,1,1,1,1,0,0,1,370000
7806204,1,1,1,1,0,0,0,840000
7821527,1,1,1,1,0,0,1,1503333.3333
7806903,1,1,1,1,0,0,1,433333.33333
7826726,1,1,1,1,0,0,1,640000
7812381,1,1,1,1,0,0,1,845000
7814877,1,1,1,1,0,0,1,1600000
7857371,1,1,1,1,0,0,1,555000
7904829,1,1,1,1,0,0,1,600000
7813490,1,1,1,1,0,0,1,523500
7882256,1,1,1,1,0,0,1,1633333.3333
7857036,1,1,1,1,0,0,1,60000
7871415,1,1,1,1,0,0,1,408333.33333
7863544,1,1,1,1,0,0,1,1296666.6667
7798806,1,1,1,1,0,0,1,541666.66667
7857190,1,1,1,1,0,0,1,400000
7860857,1,1,1,1,0,0,1,1000000
7903960,1,1,1,1,0,0,1,2045000
7878345,1,1,1,1,0,0,0,866666.66667
7825420,1,1,1,1,0,0,1,1150000
7883055,1,1,1,1,0,0,1,1160000
7848250,1,1,1,1,0,0,1,956666.66667
7876762,1,1,1,1,0,0,1,1142500
7881597,1,1,1,1,0,0,1,1700000
7862713,1,1,1,1,0,0,1,786666.66667
7787950,1,1,1,1,0,0,1,1467833.3333
7798378,1,1,1,1,1,1,1,1610700
7832437,1,1,1,1,0,0,0,558000
7888473,1,1,1,1,0,0,1,1640000
7903301,1,1,1,1,0,0,1,2000000
7820134,1,1,1,1,0,0,1,388333.33333
7856237,1,1,1,1,0,1,1,1380000
7900843,1,1,1,1,0,0,1,295000
7832669,1,1,1,1,0,0,1,2275000
7896424,1,1,1,1,0,0,1,650000
7879664,1,1,1,1,0,0,1,1100000
7866627,1,1,1,1,0,0,1,880000
7815909,1,1,1,1,0,0,1,100000
7877345,1,1,1,1,0,0,1,3168000
7855988,1,1,1,1,0,0,1,1108333.3333
7893392,1,1,1,1,0,0,1,300000
7790444,1,1,1,1,1,0,1,1042500
7839423,1,1,1,1,0,0,1,808333.33333
7845686,1,1,1,1,0,0,1,966666.66667
7884720,1,1,1,1,0,0,1,1120000
7820323,1,1,1,1,0,0,1,350000
7798154,1,1,1,1,0,0,1,754166.66667
7828963,1,1,1,1,0,0,0,2616666.6667
7886888,1,1,1,1,0,0,1,546000
7844493,1,1,1,1,0,0,0,166666.66667
7853163,1,1,1,1,0,0,1,1100000
7858718,1,1,1,1,0,0,1,650000
7845567,1,1,1,1,0,0,1,3615000
7821836,1,1,1,1,0,1,0,4233333.3333
7854456,1,1,1,1,0,0,0,1433333.3333
7847969,1,1,1,1,0,0,1,1200000
7858625,1,1,1,1,0,0,1,191666.66667
7808382,1,1,1,1,0,0,1,2000000
7812317,1,1,1,1,0,0,1,1137500
7851527,1,1,1,1,0,0,1,500000
7808665,1,1,1,1,0,0,1,4753333.3333
7847784,1,1,1,1,0,0,1,1790000
7794721,1,1,1,1,0,0,0,1046666.6667
7890511,1,1,1,1,0,0,1,1700000
7864510,1,1,1,1,0,0,1,1575000
7825590,1,1,1,1,0,0,1,700000
7845623,1,1,1,1,0,0,0,910000
7792667,1,1,1,1,0,0,0,400000
7855800,1,1,1,1,0,0,1,440000
7837681,1,1,1,1,0,0,1,2078500
7859636,1,1,1,1,0,0,1,461666.66667
7840401,1,1,1,1,0,0,1,600000
7853167,1,1,1,1,0,0,0,383333.33333
7835249,1,1,1,1,0,0,1,746666.66667
7821469,1,1,1,1,0,0,1,1449166.6667
7880074,1,1,1,1,0,0,1,1670000
7866347,1,1,1,1,0,0,1,1593833.3333
7841619,1,1,1,1,0,0,1,1940000
7843556,1,1,1,1,0,0,1,1552500
7816748,1,1,1,1,0,0,1,1500000
7903517,1,1,1,1,0,0,1,700000
7901774,1,1,1,1,1,0,1,116666.66667
7846270,1,1,1,1,0,0,1,1563933.3333
7845729,1,1,1,1,0,0,1,1236666.6667
7857353,1,1,1,1,0,0,1,283333.33333
7820677,1,1,1,1,0,0,1,1030000
7828674,1,1,1,1,0,0,0,1570000
7837231,1,1,1,1,0,0,1,600000
7828349,1,1,1,1,0,0,1,824166.66667
7854073,1,1,1,1,0,0,1,1500000
7848936,1,1,1,1,0,0,0,205000
7822207,1,1,1,1,0,0,1,1245000
7798230,1,1,1,1,0,0,1,650000
7866680,1,1,1,1,0,0,0,1750000
7788829,1,1,1,1,0,0,0,268333.33333
7802778,1,1,1,1,0,0,1,466666.66667
7822035,1,1,1,1,0,0,1,666666.66667
7793362,1,1,1,1,0,0,1,1160000
7791368,1,1,1,1,0,0,1,1095000
7900742,1,1,1,1,0,0,1,1100000
7850148,1,1,1,1,0,0,1,380000
7905919,1,1,1,1,0,0,0,498333.33333
7842600,1,1,1,1,0,0,1,2178333.3333
7895468,1,1,1,1,0,0,0,1828838.6667
7824576,1,1,1,1,0,0,1,1050000
7845030,1,1,1,1,0,0,1,1549583.3333
7817769,1,1,1,1,0,0,0,1516666.6667
7899569,1,1,1,1,0,0,0,820000
7888490,1,1,1,1,0,0,0,700000
7874871,1,1,1,1,0,0,1,1120666.6667
7828548,1,1,1,1,0,0,1,355000
7851902,1,1,1,1,0,0,1,3415000
7813307,1,1,1,1,0,0,1,1275833.3333
7889192,1,1,1,1,0,0,1,1216666.6667
7789100,1,1,1,1,0,0,1,1045000
7808120,1,1,1,1,0,0,0,1830505.3333
7825253,1,1,1,1,0,0,1,712500
7794593,1,1,1,1,0,0,1,3117000
7825654,1,1,1,1,0,0,1,488333.33333
7857756,1,1,1,1,0,0,1,2370833.3333
7864334,1,1,1,1,0,0,1,750000
7852765,1,1,1,1,0,0,1,350000
7817934,1,1,1,1,0,0,1,558333.33333
7816565,1,1,1,1,0,0,1,177666.66667
7836160,1,1,1,1,0,0,1,1200750
7886777,1,1,1,1,0,0,1,400000
7869693,1,1,1,1,0,0,0,733333.33333
7884160,1,1,1,1,0,0,1,550000
7829905,1,1,1,1,0,0,1,1830666.6667
7807628,1,1,1,1,0,0,1,765000
7839561,1,1,1,1,0,0,1,600000
7885699,1,1,1,1,0,0,0,2093333.3333
7876280,1,1,1,1,0,0,1,80000
7869637,1,1,1,1,0,0,0,329166.66667
7789382,1,1,1,1,0,0,0,593333.33333
7832623,1,1,1,1,0,0,1,1450000
7816401,1,1,1,1,0,0,0,1500000
7854131,1,1,1,1,0,0,1,1687000
7814433,1,1,1,1,0,0,1,1925000
7808196,1,1,1,1,0,0,1,2110000
7842558,1,1,1,1,0,0,1,2070000
7901103,1,1,1,1,0,0,0,1092500
7881234,1,1,1,1,0,0,1,700000
7859626,1,1,1,1,0,0,1,1976666.6667
7883287,1,1,1,1,0,0,0,2556729
7845248,1,1,1,1,0,0,0,904166.66667
7822934,1,1,1,1,0,0,1,2530000
7805597,1,1,1,1,0,0,1,752500
7795784,1,1,1,1,0,0,0,341666.66667
7891762,1,1,1,1,0,0,1,1124000
7872518,1,1,1,1,0,0,0,1541666.6667
7879561,1,1,1,1,0,0,0,300000
7792672,1,1,1,1,0,0,1,1113333.3333
7868664,1,1,1,1,0,0,1,850000
7815204,1,1,1,1,0,0,1,280000
7792032,1,1,1,1,1,0,1,350000
7891372,1,1,1,1,0,0,0,1043000
7852021,1,1,1,1,0,0,1,650000
7791765,1,1,1,1,0,0,1,600000
7830567,1,1,1,1,0,1,1,2016666.6667
7879437,1,1,1,1,0,0,1,415000
7807345,1,1,1,1,0,0,1,617000
7835868,1,1,1,1,1,0,1,1791666.6667
7793772,1,1,1,1,1,0,1,200000
7797263,1,1,1,1,0,0,0,1000000
7796390,1,1,1,1,0,0,1,375000
7842095,1,1,1,1,0,0,0,491666.66667
7828285,1,1,1,1,0,0,1,115000
7901436,1,1,1,1,0,0,1,630000
7858593,1,1,1,1,0,0,0,3058766.6667
7808888,1,1,1,1,0,0,1,1650000
7798592,1,1,1,1,0,0,1,425000
7867998,1,1,1,1,0,0,1,880000
7817991,1,1,1,1,0,0,1,1690833.3333
7863472,1,1,1,1,1,0,1,1441666.6667
7852176,1,1,1,1,0,0,1,2301000
7850499,1,1,1,1,0,0,1,1600000
7884573,1,1,1,1,0,0,0,516666.66667
7788914,1,1,1,1,0,0,1,1596666.6667
7842767,1,1,1,1,0,0,1,1034166.6667
7869911,1,1,1,1,0,0,1,1038333.3333
7863292,1,1,1,1,0,0,1,800000
7889465,1,1,1,1,0,0,0,726666.66667
7867691,1,1,1,1,0,0,1,2612500
7909423,1,1,1,1,0,0,1,1465000
7847681,1,1,1,1,0,0,1,280000
7878167,1,1,1,1,0,0,1,2380666.6667
7803536,1,1,1,1,0,0,1,2000000
7812664,1,1,1,1,0,0,1,1500000
7836522,1,1,1,1,0,0,1,930000
7873227,1,1,1,1,0,0,1,870000
7850120,1,1,1,1,0,0,1,1030000
7813127,1,1,1,1,0,0,1,1080000
7898018,1,1,1,1,0,0,1,1216666.6667
7905415,1,1,1,1,0,0,1,948333.33333
7861276,1,1,1,1,0,0,1,1100000
7797606,1,1,1,1,0,0,1,700000
7840660,1,1,1,1,0,0,1,4200000
7908366,1,1,1,1,0,0,1,1912500
7794311,1,1,1,1,0,0,1,1050000
7805014,1,1,1,1,0,0,1,1926666.6667
7851268,1,1,1,1,0,0,1,955000
7791796,1,1,1,1,0,0,1,1765000
7873776,1,1,1,1,0,0,1,952500
7788871,1,1,1,1,0,0,1,3846666.6667
7811380,1,1,1,1,0,0,1,983333.33333
7854512,1,1,1,1,0,0,1,116666.66667
7870956,1,1,1,1,0,0,1,1445000
7819669,1,1,1,1,0,0,0,500000
7806545,1,1,1,1,0,0,1,696500
7886632,1,1,1,1,0,0,1,108000
7814039,1,1,1,1,0,0,1,800000
7819051,1,1,1,1,0,0,1,990000
7882581,1,1,1,1,0,0,0,808333.33333
7851640,1,1,1,1,1,0,1,1856583.3333
7878812,1,1,1,1,0,0,1,400000
7875500,1,1,1,1,0,0,0,2336666.6667
7884066,1,1,1,1,0,0,1,1988333.3333
7835276,1,1,1,1,0,0,1,180000
7862748,1,1,1,1,0,0,0,150000
7847340,1,1,1,1,0,0,1,643000
7843762,1,1,1,1,0,0,1,1282166.6667
7849523,1,1,1,1,1,0,1,1425000
7834269,1,1,1,1,0,0,1,863333.33333
7837634,1,1,1,1,0,0,1,869166.66667
7855593,1,1,1,1,0,0,0,400000
7833638,1,1,1,1,0,0,1,65000
7805923,1,1,1,1,0,0,1,1386666.6667
7897092,1,1,1,1,0,0,1,400000
7855105,1,1,1,1,0,0,1,1033333.3333
7868232,1,1,1,1,0,0,0,1208500
7817270,1,1,1,1,0,0,1,814666.66667
7837099,1,1,1,1,0,0,1,1936666.6667
7849657,1,1,1,1,0,0,1,3250000
7807231,1,1,1,1,0,0,1,2080000
7862529,1,1,1,1,0,0,0,595000
7861095,1,1,1,1,0,0,1,975000
7898994,1,1,1,1,0,0,1,170000
7900780,1,1,1,1,0,0,1,1160000
7818153,1,1,1,1,0,0,1,290000
7849805,1,1,1,1,0,0,1,1525000
7834513,1,1,1,1,0,0,1,304166.66667
7854521,1,1,1,1,0,0,1,1150000
7900709,1,1,1,1,1,0,1,758333.33333
7870034,1,1,1,1,0,0,0,1250000
7873195,1,1,1,1,0,0,1,966666.66667
7816834,1,1,1,1,0,0,1,399166.66667
7793957,1,1,1,1,0,0,1,2734000
7873257,1,1,1,1,0,0,1,1020000
7881108,1,1,1,1,0,0,1,880000
7854076,1,1,1,1,0,0,1,306666.66667
7874021,1,1,1,1,0,1,1,1500000
7826902,1,1,1,1,0,0,1,990000
7791228,1,1,1,1,0,0,1,222500
7895422,1,1,1,1,0,0,1,240000
7860842,1,1,1,1,0,0,1,1371666.6667
7857396,1,1,1,1,0,0,1,600000
7839453,1,1,1,1,0,0,1,505000
7896411,1,1,1,1,1,0,1,1320833.3333
7881270,1,1,1,1,0,0,1,1325000
7857747,1,1,1,1,0,0,1,740000
7898534,1,1,1,1,0,0,1,550000
7807863,1,1,1,1,0,0,1,887500
7855638,1,1,1,1,0,0,1,380000
7821701,1,1,1,1,0,0,1,215000
7857510,1,1,1,1,0,0,1,1500000
7831289,1,1,1,1,0,0,1,645000
7873606,1,1,1,1,0,0,1,600000
7852106,1,1,1,1,0,0,1,1220333.3333
7862793,1,1,1,1,0,0,1,330000
7857277,1,1,1,1,0,0,1,205000
7882038,1,1,1,1,0,0,1,1068333.3333
7878767,1,1,1,1,0,0,1,1925000
7794672,1,1,1,1,0,0,1,210000
7863014,1,1,1,1,0,0,1,1483333.3333
7829422,1,1,1,1,0,0,0,670000
7807500,1,1,1,1,0,0,0,600000
7905560,1,1,1,1,0,0,1,2116666.6667
7842985,1,1,1,1,0,0,0,587500
7898383,1,1,1,1,0,0,1,2650000
7856901,1,1,1,1,0,0,1,526833.33333
7804520,1,1,1,1,0,0,1,743333.33333
7814776,1,1,1,1,0,0,0,1200000
7884096,1,1,1,1,1,0,1,410000
7794432,1,1,1,1,0,0,1,187500
7865797,1,1,1,1,0,0,1,1517000
7894179,1,1,1,1,0,0,1,40300000
7840322,1,1,1,1,0,0,1,3320833.3333
7872369,1,1,1,1,0,0,1,850000
7826004,1,1,1,1,0,0,1,1683333.3333
7895810,1,1,1,1,0,0,0,2135166.6667
7877023,1,1,1,1,0,0,1,550000
7803323,1,1,1,1,0,0,1,1641505.3333
7819548,1,1,1,1,0,0,0,750000
7904117,1,1,1,1,0,0,0,1750000
7859596,1,1,1,1,0,0,1,418333.33333
7895757,1,1,1,1,1,0,0,1015000
7908363,1,1,1,1,0,0,1,281250
7859751,1,1,1,1,0,0,1,100000
7847603,1,1,1,1,0,0,1,140000
7847853,1,1,1,1,0,0,1,1080000
7818736,1,1,1,1,0,0,1,535000
7789345,1,1,1,1,0,0,1,665000
7873584,1,1,1,1,1,0,1,393333.33333
7814804,1,1,1,1,0,0,1,1493333.3333
7790458,1,1,1,1,0,0,1,1212500
7843915,1,1,1,1,0,0,1,600000
7797502,1,1,1,1,0,0,1,83333.333333
7834722,1,1,1,1,0,0,1,1410000
7894133,1,1,1,1,0,0,1,380000
7836079,1,1,1,1,0,0,0,1500000
7858247,1,1,1,1,0,0,1,844166.66667
7812806,1,1,1,1,0,0,1,100000
7801599,1,1,1,1,0,0,0,1340000
7875794,1,1,1,1,0,0,1,860000
7825569,1,1,1,1,1,0,1,1250000
7821217,1,1,1,1,0,0,1,826666.66667
7863772,1,1,1,1,0,0,1,758333.33333
7839719,1,1,1,1,0,0,1,1274000
7853296,1,1,1,1,0,0,1,850000
7894607,1,1,1,1,0,0,1,1680000
7833318,1,1,1,1,0,0,1,1417000
7865381,1,1,1,1,0,0,0,1300000
7828491,1,1,1,1,0,0,1,382500
7828226,1,1,1,1,0,0,1,660000
7891945,1,1,1,1,0,0,1,800000
7809251,1,1,1,1,0,0,1,1672500
7905736,1,1,1,1,0,0,1,480000
7868750,1,1,1,1,0,0,1,950000
7872521,1,1,1,1,0,0,1,2836666.6667
7908442,1,1,1,1,0,0,0,290000
7850161,1,1,1,1,0,0,0,1430000
7863210,1,1,1,1,0,0,1,1822833.3333
7826546,1,1,1,1,0,0,1,550000
7890144,1,1,1,1,0,0,1,72500
7828739,1,1,1,1,0,0,0,1020000
7816561,1,1,1,1,0,0,1,933333.33333
7910058,1,1,1,1,0,0,1,1625000
7885403,1,1,1,1,0,0,1,1555000
7814518,1,1,1,1,0,0,1,1050000
7885055,1,1,1,1,0,0,1,320000
7860910,1,1,1,1,0,0,1,730000
7790237,1,1,1,1,0,0,1,1150000
7835285,1,1,1,1,0,0,1,745833.33333
7805464,1,1,1,1,0,0,1,865000
7878508,1,1,1,1,0,0,1,1170833.3333
7848120,1,1,1,1,0,0,1,1930000
7858069,1,1,1,1,0,0,1,770000
7890783,1,1,1,1,1,0,1,250000
7881189,1,1,1,1,0,0,1,430000
7831049,1,1,1,1,0,0,1,1460000
7803508,1,1,1,1,0,0,1,550000
7790919,1,1,1,1,0,0,1,1716666.6667
7885892,1,1,1,1,0,0,1,1468333.3333
7862412,1,1,1,1,0,0,1,2292000
7887644,1,1,1,1,0,0,1,610000
7821819,1,1,1,1,0,0,1,192500
7845676,1,1,1,1,0,0,1,100000
7904000,1,1,1,1,0,0,1,210000
7841279,1,1,1,1,0,0,1,300000
7839265,1,1,1,1,0,0,1,473333.33333
7866552,1,1,1,1,0,0,1,225000
7795516,1,1,1,1,1,0,1,880000
7874499,1,1,1,1,0,0,1,1000000
7896228,1,1,1,1,0,0,1,345833.33333
7872516,1,1,1,1,0,0,1,1053333.3333
7845508,1,1,1,1,0,0,1,1000000
7819390,1,1,1,1,0,0,1,1551666.6667
7904367,1,1,1,1,0,0,1,66666.666667
7824378,1,1,1,1,0,0,1,352000
7835522,1,1,1,1,0,0,1,2583333.3333
7860764,1,1,1,1,0,0,1,309166.66667
7880400,1,1,1,1,0,0,1,945000
7813218,1,1,1,1,0,0,1,1152500
7824912,1,1,1,1,0,1,1,2410000
7813041,1,1,1,1,0,0,1,1472000
7852542,1,1,1,1,0,0,1,3927333.3333
7845840,1,1,1,1,0,0,1,400000
7791448,1,1,1,1,0,0,1,1096666.6667
7889126,1,1,1,1,0,0,0,800000
7828161,1,1,1,1,0,0,1,625000
7834543,1,1,1,1,0,0,0,3748000
7813128,1,1,1,1,0,0,1,1162500
7843327,1,1,1,1,0,0,1,3166666.6667
7804038,1,1,1,1,0,0,1,1027500
7821485,1,1,1,1,0,0,1,871666.66667
7807994,1,1,1,1,0,0,1,733333.33333
7804150,1,1,1,1,0,0,0,600000
7875892,1,1,1,1,0,0,1,1800000
7850059,1,1,1,1,0,0,1,240000
7873455,1,1,1,1,0,0,1,930000
7873782,1,1,1,1,0,0,0,2100000
7813454,1,1,1,1,0,0,0,635000
7802375,1,1,1,1,0,0,1,1001666.6667
7854278,1,1,1,1,0,0,1,552500
7845833,1,1,1,1,0,0,1,732500
7877616,1,1,1,1,0,0,0,1030000
7852444,1,1,1,1,0,0,1,690000
7888416,1,1,1,1,0,0,1,1510000
7825140,1,1,1,1,0,0,1,512500
7862800,1,1,1,1,0,0,1,795000
7794214,1,1,1,1,0,0,1,1980000
7824241,1,1,1,1,0,0,0,797500
7841701,1,1,1,1,0,0,1,250000
7830314,1,1,1,1,0,0,1,195833.33333
7894443,1,1,1,1,1,0,0,3200000
7893595,1,1,1,1,0,0,1,690000
7884033,1,1,1,1,0,0,1,520000
7838881,1,1,1,1,0,0,1,470833.33333
7832343,1,1,1,1,0,0,0,410000
7901944,1,1,1,1,0,0,1,900000
7864166,1,1,1,1,0,0,1,820000
7803315,1,1,1,1,0,0,1,2571666.6667
7822393,1,1,1,1,0,0,1,820000
7822210,1,1,1,1,0,1,1,3300000
7822016,1,1,1,1,0,0,1,300000
7851436,1,1,1,1,0,0,1,500000
7894798,1,1,1,1,0,0,0,275000
7883673,1,1,1,1,0,0,0,801666.66667
7879477,1,1,1,1,0,0,0,900000
7847695,1,1,1,1,0,0,1,1000000
7790975,1,1,1,1,1,0,1,380000
7790691,1,1,1,1,0,0,1,1578333.3333
7855460,1,1,1,1,0,0,1,1195000
7900860,1,1,1,1,1,0,1,380000
7871555,1,1,1,1,0,0,1,455000
7842483,1,1,1,1,0,0,1,920000
7845189,1,1,1,1,0,0,1,458333.33333
7884137,1,1,1,1,0,0,1,848333.33333
7826747,1,1,1,1,0,0,1,1100000
7867571,1,1,1,1,0,0,1,490000
7797032,1,1,1,1,0,0,1,1725050
7867219,1,1,1,1,0,0,0,640000
7865814,1,1,1,1,0,0,1,1700000
7801725,1,1,1,1,0,0,1,3761666.6667
7870982,1,1,1,1,0,0,1,525000
7871360,1,1,1,1,0,0,0,430000
7888336,1,1,1,1,0,0,1,466666.66667
7859756,1,1,1,1,0,0,0,2847500
7820417,1,1,1,1,0,0,1,653333.33333
7851283,1,1,1,1,0,0,1,928333.33333
7840039,1,1,1,1,0,0,1,1050000
7877197,1,1,1,1,0,1,1,4961833.3333
7855810,1,1,1,1,0,0,1,100000
7793805,1,1,1,1,0,0,1,1483333.3333
7846374,1,1,1,1,0,0,1,380000
7851035,1,1,1,1,0,0,1,880000
7849983,1,1,1,1,0,0,1,930000
7846356,1,1,1,1,0,0,1,1010833.3333
7824813,1,1,1,1,0,0,1,63333.333333
7850988,1,1,1,1,0,0,1,623333.33333
7901835,1,1,1,1,0,0,1,570000
7881983,1,1,1,1,0,0,1,81666.666667
7855758,1,1,1,1,0,0,1,430000
7791479,1,1,1,1,1,0,1,3766666.6667
7864096,1,1,1,1,0,0,1,730000
7845933,1,1,1,1,0,0,1,1950000
7873087,1,1,1,1,0,0,1,558333.33333
7808577,1,1,1,1,0,0,1,1286250
7820840,1,1,1,1,1,0,1,1310000
7803913,1,1,1,1,0,0,1,1670000
7898459,1,1,1,1,0,0,1,240000
7866967,1,1,1,1,0,0,1,263333.33333
7897378,1,1,1,1,0,0,1,1160000
7827754,1,1,1,1,0,0,1,1091666.6667
7888684,1,1,1,1,0,0,1,1530000
7836561,1,1,1,1,0,0,1,857500
7808799,1,1,1,1,0,1,1,1200000
7855302,1,1,1,1,0,0,0,2205000
7853184,1,1,1,1,0,0,0,1493333.3333
7806889,1,1,1,1,1,0,1,130000
7904039,1,1,1,1,0,0,1,6041666.6667
7838562,1,1,1,1,0,0,0,123333.33333
7885320,1,1,1,1,0,0,1,1150000
7893591,1,1,1,1,0,0,1,906666.66667
7796257,1,1,1,1,1,0,1,1336666.6667
7903874,1,1,1,1,0,0,1,485000
7859659,1,1,1,1,0,0,1,2655000
7806964,1,1,1,1,0,1,0,1006666.6667
7856511,1,1,1,1,1,0,1,670000
7866429,1,1,1,1,0,0,1,580000
7899252,2,1,2,1,0,0,0,1700000
7866069,1,1,1,1,0,0,1,900000
7900411,1,1,1,1,1,0,1,301666.66667
7796399,1,1,1,1,0,0,0,1143333.3333
7857377,1,1,1,1,0,0,1,750833.33333
7905354,1,1,1,1,0,0,1,500000
7808179,1,1,1,1,0,0,1,1957500
7872241,1,1,1,1,0,0,1,1242500
7856696,1,1,1,1,0,0,1,403000
7818576,1,1,1,1,0,0,1,1331088.6667
7881959,1,1,1,1,0,0,1,1375000
7816307,1,1,1,1,0,0,0,2000000
7851158,1,1,1,1,0,0,1,530000
7875225,1,1,1,1,0,0,1,2080000
7804815,1,1,1,1,1,0,1,539166.66667
7803800,1,1,1,1,0,0,1,2251666.6667
7799131,1,1,1,1,0,0,0,581666.66667
7905344,1,1,1,1,0,0,0,300000
7877227,1,1,1,1,0,0,1,1200000
7864758,1,1,1,1,0,0,0,955000
7870385,1,1,1,1,0,0,1,1733333.3333
7900676,1,1,1,1,1,0,1,400000
7827996,1,1,1,1,0,0,0,2200000
7861750,1,1,1,1,0,0,0,3033333.3333
7790287,1,1,1,1,0,0,1,2020000
7789567,1,1,1,1,0,0,1,1621666.6667
7798549,1,1,1,1,0,0,1,355000
7835831,1,1,1,1,0,0,0,400000
7855254,1,1,1,1,0,0,1,403000
7804169,1,1,1,1,0,0,1,1025000
7863859,1,1,1,1,0,0,0,1504000
7844066,1,1,1,1,0,0,1,20080000
7865512,1,1,1,1,0,0,1,480166.66667
7841583,1,1,1,1,0,0,1,5197000
7801811,1,1,1,1,0,0,1,370000
7807733,1,1,1,1,1,0,1,705000
7877540,1,1,1,1,0,0,1,900000
7822236,1,1,1,1,0,0,1,1243333.3333
7837487,1,1,1,1,0,0,1,600000
7880603,1,1,1,1,0,0,1,1000000
7891886,1,1,1,1,0,0,0,1000000
7803388,1,1,1,1,0,0,1,2340000
7806774,1,1,1,1,0,0,1,500000
7883478,1,1,1,1,0,0,1,1275000
7824765,1,1,1,1,0,0,1,150000
7852943,1,1,1,1,0,0,1,2175000
7841515,1,1,1,1,0,0,1,926666.66667
7836761,1,1,1,1,1,0,1,1033333.3333
7835028,1,1,1,1,0,0,1,800000
7797323,1,1,1,1,0,0,1,1391666.6667
7812276,1,1,1,1,0,0,1,8000000
7803931,1,1,1,1,0,0,1,416666.66667
7904973,1,1,1,1,0,0,0,2083333.3333
7837399,1,1,1,1,0,0,1,550000
7827756,2,1,2,1,0,0,0,1326666.6667
7829201,1,1,1,1,0,0,1,1200000
7850954,1,1,1,1,0,0,1,875000
7801657,1,1,1,1,0,0,1,1250000
7862903,1,1,1,1,0,0,1,1250000
7874865,1,1,1,1,0,0,1,2400000
7792866,1,1,1,1,0,0,1,750000
7867408,1,1,1,1,0,0,1,400833.33333
7902298,1,1,1,1,0,0,1,1800000
7797440,1,1,1,1,0,0,1,2450000
7803936,1,1,1,1,0,0,1,1243333.3333
7864688,1,1,1,1,0,0,1,1435000
7821317,1,1,1,1,0,1,1,1780000
7831595,1,1,1,1,0,0,1,591666.66667
7871807,1,1,1,1,0,0,1,700000
7813891,1,1,1,1,0,0,0,845000
7884257,1,1,1,1,0,0,1,603333.33333
7874904,1,1,1,1,1,0,1,190000
7879362,1,1,1,1,0,0,1,1404666.6667
7871528,1,1,1,1,0,0,1,4355000
7844440,1,1,1,1,0,0,0,1391666.6667
7788447,1,1,1,1,0,0,0,350000
7819421,1,1,1,1,0,0,1,680000
7801694,1,1,1,1,0,0,1,950000
7851634,1,1,1,1,1,0,0,296666.66667
7852275,1,1,1,1,0,0,1,660000
7868618,1,1,1,1,0,0,1,993500
7813996,1,1,1,1,0,0,1,3683333.3333
7886759,1,1,1,1,0,0,0,766666.66667
7797524,1,1,1,1,0,1,0,1933333.3333
7822457,1,1,1,1,0,0,1,2000000
7872947,1,1,1,1,0,0,1,530000
7870612,1,1,1,1,0,0,1,1495000
7815828,1,1,1,1,0,0,1,850000
7869325,1,1,1,1,0,0,1,1200000
7823572,1,1,1,1,0,0,1,808333.33333
7799104,1,1,1,1,0,0,1,2375000
7863463,1,1,1,1,0,0,1,1100000
7871806,1,1,1,1,0,0,1,408333.33333
7886647,1,1,1,1,0,0,0,75000
7851055,1,1,1,1,0,0,1,590000
7903900,1,1,1,1,0,0,1,1710000
7871026,1,1,1,1,0,0,1,2375541.6667
7868681,1,1,1,1,0,0,1,488333.33333
7904291,1,1,1,1,0,0,1,490000
7833646,1,1,1,1,0,0,1,854166.66667
7876132,1,1,1,1,0,0,1,1550000
7823003,1,1,1,1,0,0,1,650000
7854953,1,1,1,1,0,0,1,1475000
7818209,1,1,1,1,1,0,1,726666.66667
7858447,1,1,1,1,0,0,0,220000
7857307,1,1,1,1,0,0,1,90000
7904250,2,1,2,1,0,0,1,500000
7883376,1,1,1,1,0,0,1,455000
7817021,1,1,1,1,0,0,0,1800000
7874392,1,1,1,1,0,0,1,675000
7846737,1,1,1,1,0,0,0,400000
7840955,1,1,1,1,1,0,1,2019166.6667
7846837,1,1,1,1,0,0,0,1771833.3333
7887020,1,1,1,1,0,0,1,1180000
7809147,1,1,1,1,0,0,1,880000
7881386,1,1,1,1,0,0,1,1100000
7885890,1,1,1,1,0,0,1,1290000
7864237,1,1,1,1,0,0,1,155000
7849788,1,1,1,1,0,0,1,803333.33333
7839722,1,1,1,1,0,0,1,530000
7903217,1,1,1,1,0,0,1,2200000
7805827,1,1,1,1,1,0,1,1800000
7828864,1,1,1,1,0,0,1,800000
7833264,1,1,1,1,0,0,1,925000
7816358,1,1,1,1,0,0,0,2740000
7844290,1,1,1,1,0,0,0,916666.66667
7815300,1,1,1,1,0,0,0,1607000
7838067,1,1,1,1,0,0,0,358333.33333
7837529,1,1,1,1,0,0,0,234166.66667
7847517,1,1,1,1,0,0,0,1550000
7829943,1,1,1,1,0,0,1,1030000
7850872,1,1,1,1,0,0,1,455000
7866964,1,1,1,1,0,0,1,330000
7893248,1,1,1,1,0,0,1,425000
7843779,1,1,1,1,0,1,1,500000
7831683,1,1,1,1,0,0,0,2118416.6667
7873573,1,1,1,1,0,0,1,516666.66667
7893748,1,1,1,1,0,0,1,3784344
7837065,1,1,1,1,0,0,1,3562500
7878741,1,1,1,1,0,0,1,372500
7821361,1,1,1,1,0,0,1,1100000
7839187,1,1,1,1,0,0,1,1340000
7806272,1,1,1,1,0,0,1,1168333.3333
7828394,1,1,1,1,0,0,1,799166.66667
7886096,1,1,1,1,1,0,1,310000
7866473,1,1,1,1,0,0,1,658333.33333
7828867,1,1,1,1,0,0,0,1070000
7876394,1,1,1,1,0,0,1,470000
7843190,1,1,1,1,0,0,1,350000
7789363,1,1,1,1,0,0,1,1167916.6667
7823686,1,1,1,1,0,0,0,6840833.3333
7808401,1,1,1,1,0,0,1,1223333.3333
7813022,1,1,1,1,0,0,1,141666.66667
7822230,1,1,1,1,0,0,1,1400000
7865738,1,1,1,1,0,0,1,200000
7903470,1,1,1,1,0,0,0,615000
7815529,1,1,1,1,0,0,1,1117000
7816688,1,1,1,1,0,0,1,1666666.6667
7853716,1,1,1,1,0,0,0,907500
7882170,1,1,1,1,0,0,1,713333.33333
7875625,1,1,1,1,0,0,1,1177500
7891123,1,1,1,1,0,0,1,320000
7857265,1,1,1,1,0,0,1,1100000
7811889,1,1,1,1,1,0,1,1780000
7856704,1,1,1,1,0,0,1,403000
7837803,1,1,1,1,0,0,0,769583.33333
7790353,1,1,1,1,0,0,1,1902083.3333
7819826,1,1,1,1,0,0,0,500000
7827254,1,1,1,1,0,0,0,960000
7851308,1,1,1,1,0,0,1,416666.66667
7888903,1,1,1,1,0,0,1,2816666.6667
7831412,1,1,1,1,0,0,1,1230833.3333
7789066,1,1,1,1,1,0,1,1100000
7828419,1,1,1,1,0,0,0,620000
7884086,1,1,1,1,0,0,1,450000
7867801,1,1,1,1,0,0,1,1800000
7827732,1,1,1,1,0,0,1,2357000
7851522,1,1,1,1,0,0,1,746666.66667
7837656,1,1,1,1,0,0,1,860000
7807310,1,1,1,1,0,0,1,2135000
7901001,1,1,1,1,1,0,1,1985000
7877615,1,1,1,1,0,0,1,3100000
7885330,1,1,1,1,0,0,1,1150000
7818425,1,1,1,1,0,0,1,3285000
7878284,1,1,1,1,0,0,1,1010000
7884827,1,1,1,1,0,0,0,479166.66667
7886491,1,1,1,1,0,0,1,460000
7848916,1,1,1,1,0,0,1,1000000
7794492,1,1,1,1,0,0,0,410833.33333
7859651,1,1,1,1,0,0,0,1340000
7816196,1,1,1,1,0,0,1,1250000
7820790,1,1,1,1,0,0,1,1110000
7840168,1,1,1,1,0,0,0,1400000
7904332,1,1,1,1,0,0,0,1185000
7817034,1,1,1,1,0,0,0,1400000
7887382,1,1,1,1,0,0,1,230000
7884640,1,1,1,1,0,0,0,2359000
7868745,1,1,1,1,0,0,0,365000
7874015,1,1,1,1,0,0,1,666666.66667
7858708,1,1,1,1,0,0,1,1100000
7859276,1,1,1,1,0,0,1,465000
7893316,1,1,1,1,0,0,1,3337500
7808363,1,1,1,1,0,0,0,583333.33333
7812837,1,1,1,1,0,0,0,401666.66667
7884991,1,1,1,1,0,0,1,450000
7796772,1,1,1,1,0,0,1,3011666.6667
7804908,1,1,1,1,0,0,1,604166.66667
7876921,1,1,1,1,0,0,1,2700000
7870054,1,1,1,1,0,0,1,10580000
7858266,1,1,1,1,0,0,1,530000
7845789,1,1,1,1,0,0,0,1200000
7909461,1,1,1,1,0,0,1,1155000
7791683,1,1,1,1,0,0,1,1239166.6667
7852429,1,1,1,1,0,0,1,630000
7833645,1,1,1,1,0,0,1,348333.33333
7905152,1,1,1,1,0,0,1,1409000
7897471,1,1,1,1,0,0,1,2250000
7832622,1,1,1,1,0,0,1,631666.66667
7885194,1,1,1,1,0,0,1,726666.66667
7875200,1,1,1,1,0,0,0,926666.66667
7838176,1,1,1,1,0,0,1,858333.33333
7798439,1,1,1,1,0,0,1,438333.33333
7887030,1,1,1,1,0,0,1,575000
7832255,1,1,1,1,0,0,0,540000
7861508,1,1,1,1,0,0,1,838333.33333
7868391,1,1,1,1,0,0,0,920833.33333
7812403,1,1,1,1,1,0,1,125000
7790381,1,1,1,1,0,0,0,1894500
7863994,1,1,1,1,0,0,1,710000
7803787,1,1,1,1,0,0,1,1062500
7901789,1,1,1,1,0,0,1,1105000
7862834,1,1,1,1,0,0,1,600000
7885372,1,1,1,1,0,0,1,20500000
7890808,1,1,1,1,0,0,1,374000
7806184,1,1,1,1,0,0,1,560000
7795436,1,1,1,1,0,0,0,1175000
7842830,1,1,1,1,0,0,1,500000
7861521,1,1,1,1,0,0,1,3900750
7906080,1,1,1,1,0,0,1,810000
7874342,1,1,1,1,0,0,1,883000
7868822,1,1,1,1,0,0,1,1450000
7798943,1,1,1,1,0,0,0,1387000
7867879,1,1,1,1,1,0,1,683333.33333
7820757,1,1,1,1,0,0,1,600000
7793744,1,1,1,1,0,0,1,1025000
7842756,1,1,1,1,0,0,1,180000
7804230,1,1,1,1,0,0,1,90000
7891508,1,1,1,1,0,0,1,1000000
7880262,1,1,1,1,0,0,1,973333.33333
7819094,1,1,1,1,0,0,0,325000
7892888,1,1,1,1,0,0,1,550000
7850551,1,1,1,1,0,0,0,1350000
7828516,1,1,1,1,0,0,1,1566338.6667
7837692,1,1,1,1,0,0,1,441666.66667
7852661,1,1,1,1,0,0,1,630000
7884421,1,1,1,1,1,0,1,830000
7868404,1,1,1,1,0,0,1,4525000
7850320,1,1,1,1,0,0,0,2050000
7880050,1,1,1,1,0,0,1,513333.33333
7815652,1,1,1,1,0,0,1,2541666.6667
7898948,1,1,1,1,0,0,1,70000
7797425,1,1,1,1,0,0,1,526250
7866514,1,1,1,1,0,0,1,900000
7903870,1,1,1,1,0,0,1,193333.33333
7796666,1,1,1,1,0,0,1,913333.33333
7797899,1,1,1,1,0,0,0,1600000
7825560,1,1,1,1,0,0,1,920000
7847996,1,1,1,1,0,0,1,290000
7884591,1,1,1,1,0,0,1,931666.66667
7824871,1,1,1,1,1,0,1,3900000
7854079,1,1,1,1,0,0,1,1343333.3333
7827277,1,1,1,1,0,0,0,2645000
7806708,1,1,1,1,0,0,1,290000
7821022,1,1,1,1,1,1,1,5900000
7824915,1,1,1,1,0,0,0,2083333.3333
7869371,1,1,1,1,0,0,1,1508333.3333
7855873,1,1,1,1,1,0,1,1240000
7840949,1,1,1,1,0,0,1,300000
7899306,1,1,1,1,0,0,1,1428333.3333
7830568,1,1,1,1,0,0,1,775000
7858035,1,1,1,1,0,0,1,908333.33333
7852647,1,1,1,1,0,0,1,10520000
7861604,1,1,1,1,0,0,1,716666.66667
7789616,1,1,1,1,0,0,1,1575000
7866378,1,1,1,1,0,0,1,440000
7848188,1,1,1,1,0,0,1,705000
7872979,1,1,1,1,0,0,0,550000
7897343,1,1,1,1,0,1,0,8944500
7854002,1,1,1,1,0,0,1,741666.66667
7812052,1,1,1,1,0,0,1,300000
7806073,1,1,1,1,0,0,1,460000
7881855,1,1,1,1,1,0,1,1200000
7871498,1,1,1,1,0,0,1,630000
7847105,1,1,1,1,0,0,1,1370833.3333
7791270,1,1,1,1,0,0,0,712083.33333
7809412,1,1,1,1,0,0,1,150000
7827111,1,1,1,1,0,0,1,1290000
7859299,1,1,1,1,0,0,0,1120000
7890899,1,1,1,1,0,0,1,629000
7897216,1,1,1,1,0,0,1,1950000
7795179,1,1,1,1,0,0,1,674166.66667
7796873,1,1,1,1,1,0,1,240000
7846108,1,1,1,1,0,0,1,981666.66667
7849259,1,1,1,1,0,0,1,733333.33333
7842964,1,1,1,1,0,0,1,2096000
7893635,1,1,1,1,1,1,1,6358500
7839909,1,1,1,1,0,0,1,135000
7820676,1,1,1,1,0,0,1,1050000
7880757,1,1,1,1,0,0,1,200000
7858774,1,1,1,1,0,0,1,820000
7843462,1,1,1,1,0,0,0,1383333.3333
7813251,1,1,1,1,0,0,1,1300000
7859892,1,1,1,1,0,0,1,300000
7788674,1,1,1,1,0,0,0,690000
7816394,1,1,1,1,0,0,1,1610000
7812493,1,1,1,1,0,0,0,1888333.3333
7792355,1,1,1,1,0,0,1,875000
7905997,1,1,1,1,0,0,0,1573333.3333
7845857,1,1,1,1,0,0,1,825000
7829219,1,1,1,1,0,0,1,1483333.3333
7865542,1,1,1,1,0,0,0,2208333.3333
7813540,1,1,1,1,0,0,1,566666.66667
7851143,1,1,1,1,0,0,1,1080000
7802347,1,1,1,1,0,0,1,687500
7893509,1,1,1,1,1,0,1,2650000
7835003,1,1,1,1,0,0,0,1030000
7839121,1,1,1,1,0,0,0,215000
7837014,1,1,1,1,0,0,1,460000
7821521,1,1,1,1,0,0,1,2005000
7853317,1,1,1,1,0,0,1,1388333.3333
7844805,1,1,1,1,0,0,0,1068333.3333
7842362,1,1,1,1,0,0,1,1242000
7824714,1,1,1,1,0,0,1,531500
7824282,1,1,1,1,0,0,1,500000
7817521,1,1,1,1,0,1,0,1470000
7789636,1,1,1,1,0,0,1,1004166.6667
7798751,1,1,1,1,0,0,1,616666.66667
7851966,1,1,1,1,0,0,0,826666.66667
7830052,1,1,1,1,0,0,1,1465000
7803026,1,1,1,1,0,0,1,1933333.3333
7909730,1,1,1,1,0,0,1,715000
7881661,1,1,1,1,0,0,1,380000
7871058,1,1,1,1,0,0,1,450000
7806795,1,1,1,1,0,0,1,1400000
7888677,1,1,1,1,0,0,1,720000
7857616,1,1,1,1,0,0,0,1200000
7897874,1,1,1,1,1,0,1,1440333.3333
7874808,1,1,1,1,0,0,1,889000
7895033,1,1,1,1,0,0,1,800000
7830790,1,1,1,1,0,0,0,466666.66667
7877890,1,1,1,1,0,0,1,1050000
7880796,1,1,1,1,0,0,1,670000
7894070,1,1,1,1,0,0,1,500000
7799042,1,1,1,1,0,0,1,900000
7835670,1,1,1,1,0,0,1,350000
7883585,1,1,1,1,0,0,1,4797500
7893740,1,1,1,1,0,0,1,1090000
7869802,1,1,1,1,0,0,1,692000
7873800,1,1,1,1,0,0,0,1770000
7875216,1,1,1,1,0,0,1,1510000
7817745,1,1,1,1,0,0,1,500000
7850051,1,1,1,1,0,0,1,5566666.6667
7884548,1,1,1,1,0,0,1,1191666.6667
7888201,1,1,1,1,0,0,1,860000
7839961,1,1,1,1,0,0,1,600000
7851813,1,1,1,1,0,0,1,1000000
7826149,1,1,1,1,0,0,1,2266500
7863809,1,1,1,1,0,0,1,550000
7856275,1,1,1,1,0,0,1,420000
7905302,1,1,1,1,0,0,1,700000
7852879,1,1,1,1,0,0,0,1350000
7846524,1,1,1,1,0,0,1,2053000
7834038,1,1,1,1,0,0,1,1300000
7835263,1,1,1,1,0,0,1,262833.33333
7837874,1,1,1,1,0,0,1,1723333.3333
7880773,1,1,1,1,0,0,1,855000
7849249,1,1,1,1,0,0,1,1950000
7827236,1,1,1,1,0,0,1,1180000
7830035,1,1,1,1,0,0,1,400000
7850450,1,1,1,1,0,0,1,1000000
7835308,1,1,1,1,0,0,1,203333.33333
7875206,1,1,1,1,0,0,1,271666.66667
7834124,1,1,1,1,0,0,0,500000
7874688,1,1,1,1,0,0,1,480000
7883565,1,1,1,1,0,0,1,180000
7835895,1,1,1,1,0,0,1,1175000
7882261,1,1,1,1,0,0,1,1833333.3333
7789386,1,1,1,1,1,1,1,1300000
7900125,1,1,1,1,0,0,0,4150000
7850602,1,1,1,1,0,0,0,1000000
7871089,1,1,1,1,0,0,1,355000
7828139,1,1,1,1,0,0,1,700000
7837897,1,1,1,1,0,0,0,1250000
7909382,1,1,1,1,0,0,1,1688500
7893966,1,1,1,1,1,0,1,800000
7821594,1,1,1,1,0,0,1,711666.66667
7889314,1,1,1,1,0,0,1,900000
7890646,1,1,1,1,0,0,1,1547500
7826656,1,1,1,1,0,0,1,1634083.3333
7838936,1,1,1,1,0,0,0,1466666.6667
7886185,1,1,1,1,0,0,0,270833.33333
7835752,1,1,1,1,0,0,1,646666.66667
7844385,1,1,1,1,0,0,1,1389166.6667
7802493,1,1,1,1,0,0,1,585000
7857134,1,1,1,1,0,0,1,1000000
7818951,1,1,1,1,0,0,1,350000
7835884,1,1,1,1,0,0,1,1769500
7852579,1,1,1,1,0,0,1,1865000
7859924,1,1,1,1,0,0,1,950000
7872178,1,1,1,1,0,0,1,490000
7791402,1,1,1,1,0,0,1,908333.33333
7882019,1,1,1,1,0,0,0,300000
7904008,1,1,1,1,0,0,1,1750000
7875656,1,1,1,1,0,0,1,1467500
7866930,1,1,1,1,0,0,1,1255000
7903671,1,1,1,1,0,0,1,2120000
7865890,1,1,1,1,0,0,1,290000
7884162,1,1,1,1,0,0,1,338333.33333
7851256,1,1,1,1,0,0,1,425000
7802013,1,1,1,1,0,0,1,916666.66667
7855273,1,1,1,1,0,0,1,1050000
7798731,1,1,1,1,0,1,1,770000
7863793,1,1,1,1,0,0,1,410000
7898152,1,1,1,1,0,0,1,1205000
7866521,1,1,1,1,0,0,1,630000
7881456,1,1,1,1,0,0,1,1246000
7847614,1,1,1,1,1,0,1,2270000
7803644,1,1,1,1,0,0,1,120283333.33
7824468,1,1,1,1,0,0,1,4000000
7883341,1,1,1,1,0,0,1,1266666.6667
7808207,1,1,1,1,0,0,1,3891010.6667
7798622,1,1,1,1,0,0,1,440000
7793657,1,1,1,1,0,0,1,2158333.3333
7864394,1,1,1,1,0,0,1,1110000
7862509,1,1,1,1,0,0,1,1390000
7862703,1,1,1,1,0,0,1,5467050
7858670,1,1,1,1,0,0,1,1605000
7790528,1,1,1,1,0,0,1,1006666.6667
7799049,1,1,1,1,0,1,0,4934800
7829957,1,1,1,1,0,0,1,790000
7812449,1,1,1,1,0,0,1,1400000
7867247,1,1,1,1,0,0,1,513333.33333
7897176,1,1,1,1,0,0,0,2000000
7865553,1,1,1,1,0,0,1,666666.66667
7852482,1,1,1,1,0,0,1,1600000
7848091,1,1,1,1,0,0,1,280000
7872029,1,1,1,1,0,0,1,370000
7841108,1,1,1,1,0,0,1,1800000
7817868,1,1,1,1,0,0,1,2234000
7795054,1,1,1,1,0,0,1,440833.33333
7857397,1,1,1,1,0,0,1,1441666.6667
7830592,1,1,1,1,0,0,1,900000
7839321,1,1,1,1,0,0,1,700000
7843201,1,1,1,1,0,0,1,1116666.6667
7880666,1,1,1,1,0,0,1,1541666.6667
7903256,1,1,1,1,1,0,1,3650000
7834288,1,1,1,1,0,0,0,1050000
7808256,1,1,1,1,0,0,1,1000000
7806029,1,1,1,1,0,0,1,290000
7858993,1,1,1,1,0,0,1,395833.33333
7847564,1,1,1,1,0,0,1,726666.66667
7886796,1,1,1,1,0,0,1,320000
7803763,1,1,1,1,0,0,1,1191666.6667
7804598,1,1,1,1,0,0,1,2600000
7851142,1,1,1,1,0,0,1,1160833.3333
7795574,1,1,1,1,0,0,1,536666.66667
7828442,1,1,1,1,0,0,1,1335833.3333
7813075,1,1,1,1,0,0,1,390000
7836482,1,1,1,1,0,0,0,516666.66667
7817106,1,1,1,1,0,0,1,466666.66667
7843916,1,1,1,1,0,0,1,250000
7880252,1,1,1,1,1,0,1,200000
7792637,1,1,1,1,0,0,1,1350000
7872303,1,1,1,1,0,0,1,935000
7841092,1,1,1,1,0,0,1,1650000
7842140,1,1,1,1,0,0,1,800000
7905151,1,1,1,1,0,0,1,360000
7854563,1,1,1,1,0,0,1,700000
7896307,1,1,1,1,0,0,0,515000
7865130,1,1,1,1,0,0,1,1606666.6667
7818066,1,1,1,1,0,0,1,130000
7865825,1,1,1,1,0,0,1,280000
7821246,1,1,1,1,0,0,1,1005000
7837073,1,1,1,1,0,0,1,1156000
7874807,1,1,1,1,0,0,1,1500000
7796887,1,1,1,1,0,0,0,450000
7842405,1,1,1,1,0,0,1,450000
7891256,1,1,1,1,0,0,1,300000
7794310,1,1,1,1,0,0,0,1175000
7880405,1,1,1,1,0,0,1,2050000
7875741,1,1,1,1,0,0,1,850000
7796078,1,1,1,1,0,0,1,300000
7850676,1,1,1,1,0,0,1,175000
7805332,1,1,1,1,0,0,0,2758000
7854306,1,1,1,1,0,0,0,725000
7869161,1,1,1,1,0,0,0,1983251.6667
7865831,1,1,1,1,0,0,1,1466666.6667
7868298,1,1,1,1,0,0,1,467500
7854617,1,1,1,1,0,0,1,662500
7882621,1,1,1,1,0,0,1,2200000
7887528,1,1,1,1,0,0,1,2341666.6667
7828251,1,1,1,1,0,0,1,844166.66667
7888148,1,1,1,1,0,0,1,1110000
7813458,1,1,1,1,0,0,1,850000
7854886,1,1,1,1,0,0,1,1010000
7792479,1,1,1,1,0,0,1,300000
7902879,1,1,1,1,0,0,1,1000000
7888180,1,1,1,1,0,0,1,120000
7894025,1,1,1,1,0,0,0,2337500
7787992,1,1,1,1,1,0,1,2044000
7909288,1,1,1,1,0,0,1,2317333.3333
7853124,1,1,1,1,0,0,1,395000
7861389,1,1,1,1,0,0,1,1450000
7858484,1,1,1,1,0,0,1,700000
7821517,1,1,1,1,0,0,0,700000
7829687,1,1,1,1,0,0,0,1204166.6667
7812326,1,1,1,1,0,0,1,500000
7870313,1,1,1,1,0,0,1,790000
7841612,1,1,1,1,0,0,1,733333.33333
7832416,1,1,1,1,0,0,0,1195000
7848066,1,1,1,1,0,0,1,3733333.3333
7847147,1,1,1,1,0,0,1,1489166.6667
7852083,1,1,1,1,0,0,1,450000
7880826,1,1,1,1,0,0,1,360000
7789054,1,1,1,1,0,0,0,792500
7796654,1,1,1,1,0,0,0,642500
7791719,1,1,1,1,0,0,0,3428500
7872903,1,1,1,1,0,0,0,3789366.6667
7853206,1,1,1,1,0,0,1,2025000
7877864,1,1,1,1,1,0,1,10665000
7866863,1,1,1,1,0,0,1,1000000
7803466,1,1,1,1,0,0,1,320000
7793462,1,1,1,1,0,0,1,633333.33333
7870309,1,1,1,1,0,0,1,1065000
7884172,1,1,1,1,0,0,0,1900000
7816836,1,1,1,1,0,0,1,2400000
7827207,1,1,1,1,0,0,1,492000
7849684,2,1,2,1,0,0,1,900000
7838655,1,1,1,1,0,0,1,500000
7899294,1,1,1,1,0,0,0,2045000
7827769,1,1,1,1,0,0,1,6900000
7828668,1,1,1,1,0,0,0,2225000
7871119,1,1,1,1,0,0,0,1871666.6667
7803210,1,1,1,1,0,0,0,1120000
7854549,1,1,1,1,0,0,0,2100000
7901932,1,1,1,1,1,0,1,700000
7813081,1,1,1,1,0,0,0,2805333.3333
7805854,1,1,1,1,0,0,1,2290000
7880259,1,1,1,1,1,0,0,3221666.6667
7802101,1,1,1,1,0,0,1,705000
7864670,1,1,1,1,0,0,1,1253333.3333
7859972,1,1,1,1,0,0,1,320000
7798686,1,1,1,1,0,0,0,860000
7811976,1,1,1,1,0,0,1,963333.33333
7884379,1,1,1,1,0,0,1,1521166.6667
7838927,1,1,1,1,0,0,1,934166.66667
7869166,1,1,1,1,0,0,1,716666.66667
7807414,1,1,1,1,0,0,1,1295000
7856066,1,1,1,1,0,0,1,2208333.3333
7847009,1,1,1,1,0,0,1,625000
7881231,1,1,1,1,0,0,1,2107000
7836351,1,1,1,1,0,0,1,1200000
7850204,1,1,1,1,0,0,1,800000
7884380,1,1,1,1,1,0,1,911666.66667
7842224,1,1,1,1,0,0,1,600000
7808032,1,1,1,1,0,0,1,766666.66667
7838726,1,1,1,1,0,0,1,2856666.6667
7869920,1,1,1,1,0,0,0,2100000
7839609,1,1,1,1,0,0,1,755000
7828964,1,1,1,1,0,0,0,2480000
7797910,1,1,1,1,0,0,0,343333.33333
7797689,1,1,1,1,0,0,0,1208333.3333
7814541,1,1,1,1,0,0,1,2130000
7868250,1,1,1,1,0,0,0,700000
7856549,1,1,1,1,0,0,0,3870833.3333
7880806,1,1,1,1,0,0,1,1500000
7792639,1,1,1,1,0,0,0,955000
7872660,1,1,1,1,0,0,0,1470000
7853460,1,1,1,1,0,0,0,669166.66667
7817705,1,1,1,1,0,0,1,300000
7839832,1,1,1,1,0,0,1,516666.66667
7816710,1,1,1,1,0,0,1,1503333.3333
7885895,1,1,1,1,0,0,1,760000
7812023,1,1,1,1,0,0,1,1895000
7797548,1,1,1,1,0,1,1,3423666.6667
7894797,1,1,1,1,0,0,0,400000
7880598,1,1,1,1,0,0,1,650000
7859819,1,1,1,1,0,0,1,1000000
7807108,1,1,1,1,0,0,1,1870000
7837310,1,1,1,1,0,0,0,850000
7907323,1,1,1,1,0,0,0,880000
7907160,1,1,1,1,0,0,1,1907333.3333
7824842,1,1,1,1,0,0,1,100000
7788721,1,1,1,1,0,0,0,1591666.6667
7855769,1,1,1,1,0,0,1,800000
7813690,1,1,1,1,0,0,1,1210000
7890238,1,1,1,1,0,0,1,100000
7871890,1,1,1,1,0,0,1,930000
7854505,1,1,1,1,0,0,1,2350000
7803920,1,1,1,1,0,0,1,1071666.6667
7838332,1,1,1,1,0,0,1,1040000
7896735,1,1,1,1,0,0,1,990000
7868568,1,1,1,1,0,0,1,846000
7808898,1,1,1,1,0,0,1,5599666.6667
7883302,1,1,1,1,0,0,1,480000
7812851,1,1,1,1,1,0,1,450000
7806251,1,1,1,1,0,0,1,1850000
7793207,1,1,1,1,0,0,1,1295000
7860566,1,1,1,1,0,0,1,242000
7867626,1,1,1,1,0,1,1,4200000
7880853,1,1,1,1,0,0,1,640000
7828972,1,1,1,1,0,0,1,720000
7839547,1,1,1,1,0,0,1,1245000
7854303,1,1,1,1,0,0,1,980000
7875562,1,1,1,1,0,0,0,1620000
7818541,1,1,1,1,0,0,0,630000
7814414,1,1,1,1,0,0,1,370000
7873779,1,1,1,1,0,0,1,350000
7870706,1,1,1,1,0,0,1,90000
7889926,1,1,1,1,0,0,1,2550000
7903227,1,1,1,1,0,0,1,1096000
7872066,1,1,1,1,0,0,1,1000000
7900802,1,1,1,1,0,0,1,1195000
7876985,1,1,1,1,0,0,1,356666.66667
7887029,1,1,1,1,0,0,1,440000
7818779,1,1,1,1,0,0,1,3576666.6667
7903087,1,1,1,1,0,0,1,1050000
7832812,1,1,1,1,0,0,1,3195000
7829492,1,1,1,1,0,0,1,141666.66667
7852279,1,1,1,1,0,0,1,3117677.3333
7804213,1,1,1,1,0,0,1,476666.66667
7863324,1,1,1,1,0,0,1,150000
7891618,1,1,1,1,0,0,1,1000000
7866715,1,1,1,1,0,0,1,2843333.3333
7811740,1,1,1,1,0,0,1,1466666.6667
7906090,1,1,1,1,0,0,1,1100000
7909467,1,1,1,1,0,0,1,1075000
7877409,1,1,1,1,0,0,1,1035333.3333
7796675,1,1,1,1,0,0,1,500000
7903634,1,1,1,1,1,0,0,2100000
7845699,1,1,1,1,0,0,0,1425000
7860783,1,1,1,1,0,0,1,525000
7831422,1,1,1,1,0,0,1,217500
7880063,1,1,1,1,0,0,1,2540000
7841799,1,1,1,1,0,0,1,1858838.6667
7818082,1,1,1,1,0,0,1,900000
7871977,1,1,1,1,0,0,1,600000
7841239,1,1,1,1,0,0,1,880000
7832080,1,1,1,1,0,0,1,750000
7844712,1,1,1,1,0,0,0,1415000
7862387,1,1,1,1,0,0,1,1200000
7827083,1,1,1,1,0,0,1,1030000
7853938,1,1,1,1,0,0,1,1840000
7844270,1,1,1,1,0,0,1,800000
7838428,1,1,1,1,0,0,1,203000
7874488,1,1,1,1,0,0,0,800000
7797559,1,1,1,1,0,0,1,250000
7908845,1,1,1,1,0,0,1,3693500
7899908,1,1,1,1,0,0,0,750000
7788084,1,1,1,1,1,0,0,6342833.3333
7849834,1,1,1,1,1,0,1,1260000
7796563,1,1,1,1,0,0,1,550000
7849747,1,1,1,1,0,0,0,2096333.3333
7842218,1,1,1,1,0,0,1,1550000
7892083,1,1,1,1,0,0,1,385000
7843132,1,1,1,1,0,0,1,2100000
7827807,1,1,1,1,0,0,1,400000
7875183,1,1,1,1,0,0,1,300000
7795273,1,1,1,1,0,0,1,400000
7839326,1,1,1,1,0,0,1,250000
7855689,1,1,1,1,0,0,1,743333.33333
7884676,1,1,1,1,0,0,1,1000000
7837218,1,1,1,1,0,0,1,380000
7825734,1,1,1,1,1,0,1,1023333.3333
7791753,1,1,1,1,1,0,0,10025000
7851440,1,1,1,1,0,0,1,1190000
7814375,1,1,1,1,0,0,1,300000
7857384,1,1,1,1,0,0,1,1565833.3333
7792007,1,1,1,1,0,0,0,200000
7828083,1,1,1,1,0,0,0,900000
7841959,1,1,1,1,0,0,1,1100000
7874091,1,1,1,1,0,0,0,2101000
7902096,1,1,1,1,0,0,1,1010000
7839855,1,1,1,1,1,0,1,810833.33333
7851309,1,1,1,1,0,0,1,20400000
7795704,1,1,1,1,1,0,1,530000
7821359,1,1,1,1,0,0,1,780000
7817509,1,1,1,1,1,0,1,1812500
7789611,1,1,1,1,0,0,1,1003333.3333
7880625,1,1,1,1,1,0,1,720000
7859858,1,1,1,1,0,0,1,2563333.3333
7841025,1,1,1,1,0,0,1,235000
7811751,1,1,1,1,0,0,1,593333.33333
7833470,1,1,1,1,0,0,0,100000
7815641,1,1,1,1,0,0,0,1352500
7883614,1,1,1,1,0,0,1,865000
7803252,1,1,1,1,0,0,1,633333.33333
7836075,1,1,1,1,0,0,1,700000
7882262,1,1,1,1,0,0,0,1663666.6667
7890682,1,1,1,1,0,0,1,945000
7846408,1,1,1,1,0,0,1,3335000
7908951,1,1,1,1,0,0,0,3618333.3333
7849997,1,1,1,1,0,0,1,627083.33333
7905635,1,1,1,1,0,0,1,2407500
7866296,1,1,1,1,0,0,1,1741666.6667
7797995,1,1,1,1,0,0,1,2585000
7819427,1,1,1,1,0,0,1,985000
7813753,1,1,1,1,0,0,1,1631666.6667
7807928,1,1,1,1,0,0,0,400000
7840167,1,1,1,1,0,0,1,311250
7849743,1,1,1,1,0,0,0,1300000
7876129,1,1,1,1,0,0,1,330000
7837739,1,1,1,1,1,0,1,470000
7815594,1,1,1,1,0,0,1,4700333.3333
7896009,1,1,1,1,0,0,1,550000
7883799,1,1,1,1,0,0,1,920833.33333
7842427,1,1,1,1,0,0,1,835000
7902018,1,1,1,1,0,0,0,225000
7811785,1,1,1,1,0,0,1,2650000
7856151,1,1,1,1,0,0,1,100000
7841667,1,1,1,1,0,0,1,900000
7905444,1,1,1,1,0,0,1,300000
7880080,1,1,1,1,0,0,1,975000
7849344,1,1,1,1,0,0,1,1737000
7838525,1,1,1,1,0,0,0,500000
7846939,1,1,1,1,0,0,1,2130000
7791195,1,1,1,1,0,0,1,530000
7823750,1,1,1,1,0,0,0,1295000
7862373,1,1,1,1,0,0,0,450000
7837209,1,1,1,1,0,0,1,900000
7867395,1,1,1,1,1,0,1,300000
7835784,1,1,1,1,1,0,1,805000
7829368,1,1,1,1,0,0,1,760000
7796799,1,1,1,1,1,0,1,383333.33333
7842032,1,1,1,1,0,0,0,1130000
7889230,1,1,1,1,0,0,0,1333666.6667
7872282,1,1,1,1,0,0,0,400000
7863427,1,1,1,1,1,0,1,341666.66667
7874653,1,1,1,1,1,1,1,1880000
7817371,1,1,1,1,0,0,1,603333.33333
7837842,1,1,1,1,0,0,1,2200000
7829195,1,1,1,1,0,0,1,15106666.667
7903147,1,1,1,1,0,0,1,900000
7880431,1,1,1,1,0,0,1,150000
7883027,1,1,1,1,0,0,1,1966667.4167
7876199,1,1,1,1,0,0,1,954166.66667
7845873,1,1,1,1,0,0,1,91666.666667
7855692,1,1,1,1,0,0,0,1150000
7818233,1,1,1,1,0,0,1,158333.33333
7872775,1,1,1,1,0,0,1,508333.33333
7817176,1,1,1,1,0,0,1,200000
7863685,1,1,1,1,0,0,1,780000
7854398,1,1,1,1,0,0,1,1967000
7835544,1,1,1,1,0,0,1,432500
7794125,1,1,1,1,0,0,1,199000
7856054,1,1,1,1,0,0,1,1090000
7880892,1,1,1,1,0,0,1,623000
7848865,1,1,1,1,0,0,1,1160000
7795216,1,1,1,1,0,0,0,1115416.6667
7872749,1,1,1,1,0,0,1,2160000
7846762,1,1,1,1,0,0,1,933333.33333
7799014,1,1,1,1,0,0,1,2310000
7788286,1,1,1,1,0,0,1,302500
7890577,1,1,1,1,0,0,1,1281666.6667
7866226,1,1,1,1,0,0,1,1040000
7844623,1,1,1,1,0,0,1,800000
7881243,1,1,1,1,0,0,1,180000
7846796,1,1,1,1,0,0,1,6250000
7843360,1,1,1,1,0,0,1,850000
7825241,1,1,1,1,0,0,1,560000
7814988,1,1,1,1,0,0,0,1100000
7805380,1,1,1,1,0,0,0,2773672
7838977,1,1,1,1,0,0,1,632500
7855331,1,1,1,1,0,0,1,506666.66667
7806748,1,1,1,1,0,0,1,1225000
7794538,1,1,1,1,0,0,0,1333333.3333
7836519,1,1,1,1,0,0,1,1200000
7898868,1,1,1,1,0,0,0,79166.666667
7857278,1,1,1,1,0,0,1,500000
7842628,1,1,1,1,0,0,1,223750
7864664,1,1,1,1,0,0,1,458333.33333
7854825,1,1,1,1,0,0,1,836666.66667
7845160,1,1,1,1,0,0,1,1413333.3333
7802321,1,1,1,1,0,0,1,1517000
7858762,1,1,1,1,0,0,1,1156666.6667
7790278,1,1,1,1,0,0,1,450000
7890860,1,1,1,1,0,0,1,1100000
7890779,1,1,1,1,0,0,1,2856666.6667
7851858,1,1,1,1,0,0,1,1156666.6667
7855161,1,1,1,1,0,0,1,403000
7852238,1,1,1,1,0,0,1,243333.33333
7839618,1,1,1,1,0,0,1,2450000
7857275,1,1,1,1,0,0,1,2431000
7898155,1,1,1,1,0,0,1,1210000
7837641,1,1,1,1,0,0,0,405000
7872679,1,1,1,1,0,0,1,1500000
7805134,1,1,1,1,0,0,1,352500
7820550,1,1,1,1,0,0,1,1400000
7790206,1,1,1,1,0,0,1,850000
7904486,1,1,1,1,1,0,1,330000
7858546,1,1,1,1,0,0,1,2208333.3333
7891414,1,1,1,1,0,0,1,1650000
7870229,1,1,1,1,0,0,1,1300000
7903996,1,1,1,1,0,0,1,1533333.3333
7860983,1,1,1,1,0,0,1,1800000
7842196,1,1,1,1,0,0,0,2100000
7878523,1,1,1,1,0,0,1,700000
7848345,1,1,1,1,0,0,1,650000
7808346,1,1,1,1,0,0,0,2063005.3333
7849330,1,1,1,1,0,0,1,1177400
7902290,1,1,1,1,0,0,1,650000
7834846,1,1,1,1,0,0,1,866666.66667
7885307,1,1,1,1,0,0,0,450000
7860348,1,1,1,1,0,0,0,4384000
7858494,1,1,1,1,0,0,0,2140000
7867309,1,1,1,1,0,0,1,3000000
7822429,1,1,1,1,0,0,1,1035833.3333
7855065,1,1,1,1,0,0,1,625000
7875736,1,1,1,1,0,0,1,650000
7836704,1,1,1,1,0,0,1,844166.66667
7815258,1,1,1,1,0,0,1,466666.66667
7820495,1,1,1,1,0,0,1,1920833.3333
7791812,1,1,1,1,0,0,1,358333.33333
7888095,1,1,1,1,0,0,1,1743333.3333
7822433,1,1,1,1,0,0,1,866666.66667
7820527,1,1,1,1,0,0,1,725000
7908987,1,1,1,1,1,0,1,500000
7873848,1,1,1,1,0,0,1,148333.33333
7855993,1,1,1,1,0,0,1,920000
7828027,1,1,1,1,0,0,1,616666.66667
7863952,1,1,1,1,0,0,1,1000000
7834548,1,1,1,1,0,0,1,896666.66667
7903443,1,1,1,1,0,0,1,1030000
7874565,1,1,1,1,0,0,1,200000
7805111,1,1,1,1,0,0,1,100000
7814117,1,1,1,1,0,0,1,475000
7900764,1,1,1,1,0,0,1,676666.66667
7802283,1,1,1,1,0,0,1,2433333.3333
7881000,1,1,1,1,0,0,0,610000
7818879,1,1,1,1,0,0,0,752500
7903631,1,1,1,1,0,0,1,1700000
7860748,1,1,1,1,0,0,0,1400000
7832204,1,1,1,1,0,0,1,400000
7890838,1,1,1,1,0,0,1,1967000
7882409,1,1,1,1,0,0,1,650000
7882426,1,1,1,1,0,0,1,3000000
7871875,1,1,1,1,0,1,1,2033333.3333
7879461,1,1,1,1,0,0,1,869000
7850993,1,1,1,1,0,0,1,1300000
7806833,1,1,1,1,0,0,1,800000
7871278,1,1,1,1,0,0,1,620833.33333
7844524,1,1,1,1,0,0,1,200000
7803822,1,1,1,1,0,0,1,560000
7848425,1,1,1,1,0,0,1,1600000
7847922,1,1,1,1,0,0,1,800000
7808963,1,1,1,1,0,0,1,2486666.6667
7879720,1,1,1,1,0,0,1,1880000
7857082,1,1,1,1,0,0,1,766666.66667
7870882,1,1,1,1,0,0,0,2100000
7811875,1,1,1,1,0,0,1,1733333.3333
7870796,1,1,1,1,0,0,1,90000
7846324,1,1,1,1,0,0,1,150000
7889204,1,1,1,1,0,0,0,550000
7879473,1,1,1,1,0,0,1,440000
7796021,1,1,1,1,0,0,1,1150000
7860139,1,1,1,1,0,0,1,1001666.6667
7870339,2,1,2,1,0,0,1,350000
7833744,1,1,1,1,0,0,1,1800000
7790295,1,1,1,1,0,0,0,1228333.3333
7843675,1,1,1,1,0,0,1,560000
7818542,1,1,1,1,0,0,1,1105000
7873354,1,1,1,1,0,0,0,1714500
7877939,1,1,1,1,0,0,1,75000
7830949,1,1,1,1,0,0,0,78000
7854638,1,1,1,1,0,0,1,550000
7861741,1,1,1,1,0,0,1,1370505.3333
7812778,1,1,1,1,0,0,0,702500
7842255,1,1,1,1,0,1,1,3000000
7874102,1,1,1,1,0,0,1,734333.33333
7877980,1,1,1,1,0,0,1,1565000
7791100,1,1,1,1,0,0,1,2141666.6667
7891544,1,1,1,1,0,0,1,1250000
7827330,1,1,1,1,0,0,1,648333.33333
7908541,1,1,1,1,0,0,1,800000
7885174,1,1,1,1,0,0,1,850000
7840911,1,1,1,1,0,0,0,4017000
7801976,1,1,1,1,0,0,1,516666.66667
7864867,1,1,1,1,0,0,1,583333.33333
7816439,1,1,1,1,0,0,1,938333.33333
7839807,1,1,1,1,0,0,1,1400000
7881225,1,1,1,1,0,0,1,150000
7873459,1,1,1,1,0,0,1,310000
7905059,1,1,1,1,1,0,1,5400000
7840283,1,1,1,1,0,0,1,200000
7802989,1,1,1,1,0,0,0,1766666.6667
7847247,1,1,1,1,0,0,1,4406750
7838759,1,1,1,1,0,0,1,1500000
7826427,1,1,1,1,0,0,1,510000
7867035,1,1,1,1,1,0,1,851666.66667
7849447,1,1,1,1,0,0,0,2570000
7864533,1,1,1,1,0,0,1,1400000
7822766,1,1,1,1,0,0,1,1355000
7828617,1,1,1,1,0,0,1,750000
7811866,1,1,1,1,0,0,1,1000000
7796863,1,1,1,1,0,0,0,800000
7869452,1,1,1,1,0,0,1,2266666.6667
7901718,1,1,1,1,0,0,1,75000
7809259,1,1,1,1,0,0,0,2458333.3333
7812753,1,1,1,1,0,0,1,1123333.3333
7874701,1,1,1,1,1,0,1,300000
7831294,1,1,1,1,0,0,1,2420000
7829572,1,1,1,1,0,0,1,675000
7847751,1,1,1,1,0,0,1,261250
7793605,1,1,1,1,0,0,0,721750
7816236,1,1,1,1,0,0,0,2713666.6667
7805564,1,1,1,1,0,0,1,713333.33333
7874769,1,1,1,1,0,0,1,1500000
7866649,1,1,1,1,0,0,0,613333.33333
7790618,1,1,1,1,0,0,0,5250000
7789454,1,1,1,1,0,0,1,515000
7807538,1,1,1,1,0,0,1,1170833.3333
7846063,1,1,1,1,0,0,0,1277000
7830152,1,1,1,1,0,0,1,1750000
7797489,1,1,1,1,0,0,1,202500
7793782,1,1,1,1,0,0,1,300000
7874142,1,1,1,1,0,0,0,330000
7857957,1,1,1,1,0,0,1,1290000
7806023,1,1,1,1,0,0,1,680000
7821411,1,1,1,1,0,0,1,850000
7820629,1,1,1,1,0,0,0,1000000
7857877,1,1,1,1,0,0,1,200000
7875594,1,1,1,1,0,0,0,1336666.6667
7849650,1,1,1,1,0,0,1,1075000
7805773,1,1,1,1,0,0,1,610000
7826566,1,1,1,1,0,0,1,325000
7850416,1,1,1,1,0,0,1,2259366.6667
7848167,1,1,1,1,0,0,1,666666.66667
7837913,1,1,1,1,0,0,1,533333.33333
7871584,1,1,1,1,0,0,1,615000
7816378,2,1,2,1,0,0,0,750000
7794720,1,1,1,1,1,0,1,1450000
7906923,1,1,1,1,0,0,1,1400000
7838777,1,1,1,1,0,0,1,627500
7829093,1,1,1,1,0,0,0,320000
7804330,1,1,1,1,0,0,1,1332500
7891984,1,1,1,1,0,0,1,999166.66667
7825561,1,1,1,1,0,0,1,585000
7881471,1,1,1,1,0,0,0,9555000
7833128,1,1,1,1,0,0,1,245000
7853840,1,1,1,1,0,0,1,703333.33333
7849459,1,1,1,1,0,0,1,658333.33333
7860801,1,1,1,1,0,0,1,2580000
7820033,1,1,1,1,0,0,1,430000
7834341,1,1,1,1,0,0,0,1541666.6667
7791901,1,1,1,1,0,0,1,1783333.3333
7866957,1,1,1,1,0,0,0,725000
7896157,1,1,1,1,0,0,1,830000
7869307,1,1,1,1,0,0,1,150000
7792421,1,1,1,1,0,0,1,1213333.3333
7878084,1,1,1,1,0,0,1,100000
7795842,1,1,1,1,0,0,0,400000
7859742,1,1,1,1,0,1,0,1883333.3333
7827562,1,1,1,1,0,0,1,2105833.3333
7880816,1,1,1,1,0,0,1,1958750
7855093,1,1,1,1,0,0,1,1065833.3333
7816346,1,1,1,1,0,0,1,316000
7900134,1,1,1,1,0,0,1,93333.333333
7797668,1,1,1,1,0,0,1,450000
7833997,1,1,1,1,0,0,1,1260000
7865796,1,1,1,1,0,0,1,800000
7873268,1,1,1,1,0,0,1,450000
7804627,1,1,1,1,0,0,1,980000
7882171,1,1,1,1,0,0,1,1800000
7804320,1,1,1,1,0,1,1,2507000
7881442,1,1,1,1,0,0,1,236666.66667
7890898,1,1,1,1,0,0,1,450000
7834276,1,1,1,1,0,0,0,2600000
7798335,1,1,1,1,1,0,0,5609833.3333
7791987,1,1,1,1,0,0,1,900000
7859110,1,1,1,1,0,0,1,1616666.6667
7818770,1,1,1,1,0,0,1,78333.333333
7806592,1,1,1,1,0,0,0,908333.33333
7902284,1,1,1,1,0,0,1,1254166.6667
7791551,1,1,1,1,0,0,1,505000
7859346,1,1,1,1,0,0,1,305000
7859025,1,1,1,1,0,0,1,825000
7855510,1,1,1,1,0,0,0,470000
7828149,1,1,1,1,0,0,1,2355000
7815032,1,1,1,1,1,0,1,4435000
7887664,1,1,1,1,0,0,1,213333.33333
7830440,1,1,1,1,0,0,1,900000
7835728,1,1,1,1,0,0,1,515000
7875211,1,1,1,1,0,0,1,1536666.6667
7839723,1,1,1,1,0,0,1,1450000
7827744,1,1,1,1,0,0,1,650000
7895756,1,1,1,1,0,0,1,1635000
7881155,1,1,1,1,0,0,1,1201666.6667
7833154,1,1,1,1,0,0,1,1446666.6667
7837910,1,1,1,1,0,1,0,1450000
7880701,1,1,1,1,0,0,0,700000
7804523,1,1,1,1,0,0,1,1069500
7893725,1,1,1,1,0,0,1,850000
7803403,1,1,1,1,0,0,1,1080000
7864432,1,1,1,1,0,0,0,1885333.3333
7840906,1,1,1,1,0,0,1,1256000
7802209,1,1,1,1,0,0,1,600000
7819325,1,1,1,1,1,0,1,2320000
7830337,1,1,1,1,0,0,1,380000
7884874,1,1,1,1,0,0,1,2661666.6667
7805516,1,1,1,1,1,0,1,875000
7806397,1,1,1,1,0,1,1,900000
7871401,1,1,1,1,0,0,1,299166.66667
7848037,1,1,1,1,0,0,1,466666.66667
7812106,1,1,1,1,0,0,1,1340000
7803746,1,1,1,1,0,0,1,1500000
7871818,1,1,1,1,0,0,1,513333.33333
7835704,1,1,1,1,0,0,1,1880000
7879044,1,1,1,1,0,0,1,1865000
7898856,1,1,1,1,0,1,1,3416666.6667
7813211,1,1,1,1,0,0,0,1770833.3333
7789686,1,1,1,1,0,0,1,1400000
7807118,1,1,1,1,0,0,1,1540000
7832211,1,1,1,1,0,0,1,560000
7813217,1,1,1,1,0,0,1,350000
7877263,1,1,1,1,0,1,0,3634166.6667
7874270,1,1,1,1,0,0,1,1204166.6667
7844656,1,1,1,1,1,0,1,1941666.6667
7847393,1,1,1,1,0,0,1,735000
7882049,1,1,1,1,0,0,1,244166.66667
7789808,1,1,1,1,0,0,1,2183333.3333
7793851,1,1,1,1,0,0,1,1100000
7815888,1,1,1,1,0,0,1,1795000
7841502,1,1,1,1,1,0,0,500000
7856244,1,1,1,1,0,0,1,238333.33333
7858513,1,1,1,1,0,0,1,1186666.6667
7822496,1,1,1,1,0,0,1,100000
7856354,1,1,1,1,1,0,1,630000
7816237,1,1,1,1,0,0,0,1200000
7857338,1,1,1,1,0,0,1,809166.66667
7841675,1,1,1,1,0,0,0,1290000
7847227,1,1,1,1,0,0,1,1080000
7829134,1,1,1,1,0,0,1,400000
7904565,1,1,1,1,0,0,1,535000
7852130,1,1,1,1,0,0,1,610000
7832698,1,1,1,1,0,0,1,1242333.3333
7858023,1,1,1,1,0,0,1,1563333.3333
7802554,1,1,1,1,0,0,1,466666.66667
7883038,1,1,1,1,0,0,1,543333.33333
7814017,1,1,1,1,0,0,1,2050833.3333
7813542,1,1,1,1,0,0,1,1250000
7868576,1,1,1,1,0,0,1,1030000
7897637,1,1,1,1,1,0,1,160000
7852680,1,1,1,1,0,0,1,441666.66667
7828996,1,1,1,1,1,0,1,1100000
7875977,1,1,1,2,0,0,1,1020833.3333
7792835,1,1,1,2,1,0,1,2667000
7882119,1,1,1,2,0,0,1,2570166.6667
7887307,1,1,1,2,0,0,1,3300000
7789170,1,1,1,2,0,0,0,2350000
7853989,1,1,1,2,0,0,1,1260000
7849087,1,1,1,2,0,0,1,100000
7852469,1,1,1,2,0,0,1,2091500
7881135,1,1,1,2,0,0,1,3548500
7873232,1,1,1,2,0,0,1,321666.66667
7815569,1,1,1,2,0,0,1,1831500
7825333,1,1,1,2,1,1,1,3355000
7882692,1,1,1,2,0,0,1,1200000
7883336,1,1,1,2,0,0,1,1000000
7905247,1,1,1,2,0,0,1,1695833.3333
7849293,1,1,1,2,0,0,1,1741666.6667
7803364,1,1,1,2,0,0,1,1500000
7838440,1,1,1,2,0,0,1,1116666.6667
7806931,1,1,1,2,0,0,1,380000
7894819,1,1,1,2,0,0,1,2000000
7793705,1,1,1,2,1,0,1,4866666.6667
7904540,1,1,1,2,0,1,0,14400000
7818757,1,1,1,2,0,0,1,1752500
7793438,1,1,1,2,1,0,1,1180000
7844279,1,1,1,2,0,0,1,3600000
7871033,1,1,1,2,0,0,1,66666.666667
7839910,1,1,1,2,0,0,0,1041666.6667
7802078,1,1,1,2,0,0,1,3402083.3333
7820449,1,1,1,2,1,0,0,2130000
7849672,1,1,1,2,0,0,1,1611666.6667
7888232,1,1,1,2,0,0,1,900000
7883922,1,1,1,2,0,0,1,230000
7788312,1,1,1,2,0,0,1,3782000
7839819,1,1,1,2,0,1,1,2675333.3333
7821667,1,1,1,2,0,0,1,1385833.3333
7876219,1,1,1,2,0,0,1,800000
7834569,1,1,1,2,0,0,1,3787166.6667
7829942,1,1,1,2,1,1,1,8328166.6667
7788333,1,1,1,2,0,0,1,1458666.6667
7808941,1,1,1,2,1,1,0,1100000
7788821,1,1,1,2,0,0,1,1016666.6667
7896852,1,1,1,2,0,0,1,2584000
7880376,1,1,1,2,0,0,1,2092172
7802295,1,1,1,2,0,0,1,1350000
7818230,1,1,1,2,0,0,0,1170833.3333
7854230,1,1,1,2,0,0,1,1925000
7812650,1,1,1,2,0,0,1,1390000
7796449,1,1,1,2,0,0,0,2000000
7896925,1,1,1,2,0,0,1,1040000
7789194,1,1,1,2,0,0,1,1325000
7864484,1,1,1,2,0,0,1,1400000
7808760,1,1,1,2,1,0,0,3342000
7813319,1,1,1,2,0,0,0,2336666.6667
7900900,1,1,1,2,0,0,1,405000
7861201,1,1,1,2,0,1,1,3000000
7816562,1,1,1,2,0,0,1,1200000
7861291,1,1,1,2,1,1,1,8808333.3333
7893759,1,1,1,2,0,0,1,200000
7902609,1,1,1,2,0,0,0,2115000
7875735,1,1,1,2,0,0,1,2150000
7896589,1,1,1,2,1,1,1,12625000
7825381,1,1,1,2,0,0,1,1350000
7808119,1,1,1,2,0,0,1,1300000
7851897,1,1,1,2,0,0,1,1566666.6667
7824414,1,1,1,2,0,0,0,2700000
7834946,1,1,1,2,0,0,1,1766666.6667
7813500,1,1,1,2,0,0,1,2458666.6667
7907842,1,1,1,2,0,0,1,2997000
7893708,1,1,1,2,0,0,1,465000
7848739,1,1,1,2,1,0,1,946666.66667
7789433,1,1,1,2,0,1,0,3000000
7877975,1,1,1,2,0,0,1,5928333.3333
7868774,1,1,1,2,0,0,1,1510000
7814884,1,1,1,2,0,0,0,7908333.3333
7828292,1,1,1,2,0,0,1,2405000
7838483,1,1,1,2,0,0,1,1470000
7876008,1,1,1,2,0,0,1,3281500
7822636,1,1,1,2,0,1,1,3800000
7804394,1,1,1,2,0,0,1,500000
7852850,1,1,1,2,0,0,1,1200000
7842334,1,1,1,2,0,0,1,233333.33333
7885688,1,1,1,2,0,0,1,2320000
7791016,1,1,1,2,0,0,1,1550000
7854630,1,1,1,2,0,0,1,300000
7873530,1,1,1,2,0,0,1,1000000
7873847,1,1,1,2,0,0,1,3785000
7812699,1,1,1,2,0,0,1,591666.66667
7875376,1,1,1,2,0,0,1,2083333.3333
7887396,1,1,1,2,0,0,1,1110000
7842810,1,1,1,2,0,0,1,1467000
7813161,1,1,1,2,0,0,1,2450000
7901246,1,1,1,2,0,0,1,635000
7841074,1,1,1,2,0,0,1,9466666.6667
7831941,1,1,1,2,0,0,1,1716666.6667
7836305,1,1,1,2,0,0,1,7503166.6667
7813362,1,1,1,2,0,0,1,6000000
7830355,1,1,1,2,1,0,1,1390000
7895873,1,1,1,2,0,0,0,1300000
7861729,1,1,1,2,0,0,1,1610000
7802777,1,1,1,2,0,0,1,2125000
7879603,1,1,1,2,0,0,1,90000
7866795,1,1,1,2,0,1,1,2235833.3333
7852852,1,1,1,2,0,0,1,1221666.6667
7838677,1,1,1,2,0,0,1,750000
7883392,1,1,1,2,0,1,1,4470833.3333
7812944,1,1,1,2,1,0,1,2216666.6667
7902335,1,1,1,2,0,0,1,150000
7813888,1,1,1,2,0,1,1,1390000
7817154,1,1,1,2,0,1,1,2450000
7792988,1,1,1,2,0,1,0,4500000
7850411,1,1,1,2,0,0,1,1001666.6667
7889478,1,1,1,2,0,1,1,13541666.667
7863713,1,1,1,2,0,0,1,2150000
7901324,1,1,1,2,0,0,1,2200000
7804539,1,1,1,2,0,0,1,1350000
7816305,1,1,1,2,1,0,1,3275000
7901848,1,1,1,2,1,0,1,1740000
7886752,1,1,1,2,0,0,1,2887833.3333
7851169,1,1,1,2,1,0,1,2500000
7843668,1,1,1,2,0,0,1,1533333.3333
7898086,1,1,1,2,0,0,1,2066666.6667
7807291,1,1,1,2,0,0,1,2273666.6667
7903438,1,1,1,2,0,1,1,4087333.3333
7803079,1,1,1,2,1,1,1,1700000
7793487,1,1,1,2,0,0,1,4500000
7863062,1,1,1,2,0,0,1,1150000
7905661,1,1,1,2,0,0,1,4517116.6667
7813533,1,1,1,2,0,0,1,200000
7823749,1,1,1,2,0,1,0,2359000
7864489,1,1,1,2,0,0,1,880000
7821501,1,1,1,2,0,0,1,1500000
7871479,1,1,1,2,0,1,1,5510000
7875768,1,1,1,2,0,0,0,978333.33333
7909676,1,1,1,2,0,0,0,2513333.3333
7859559,1,1,1,2,0,0,1,3650666.6667
7887221,1,1,1,2,0,1,1,10700000
7878465,1,1,1,2,0,0,0,2162833.3333
7883172,1,1,1,2,0,0,1,269166.66667
7905455,1,1,1,2,0,1,0,3000000
7886176,1,1,1,2,0,0,1,847000
7839148,1,1,1,2,0,0,0,1550000
7874557,1,1,1,2,1,0,0,3483333.3333
7892227,1,1,1,2,0,0,1,1200000
7854667,1,1,1,2,0,1,1,1483666.6667
7884961,1,1,1,2,0,0,1,1100000
7833486,1,1,1,2,0,0,1,800000
7844202,1,1,1,2,0,0,1,3351010.6667
7791742,1,1,1,2,0,0,1,540000
7830990,1,1,1,2,0,0,1,1800000
7894591,1,1,1,2,1,0,1,1467172
7824459,1,1,1,2,0,0,1,340000
7862749,1,1,1,2,0,0,1,2360000
7839568,1,1,1,2,0,0,1,1530000
7861117,1,1,1,2,0,0,1,875000
7803321,1,1,1,2,1,0,1,1587500
7875838,1,1,1,2,0,0,1,1720000
7861543,1,1,1,2,0,0,1,5020833.3333
7851133,1,1,1,2,1,0,1,2300000
7828579,1,1,1,2,0,0,1,245000
7791245,1,1,1,2,0,0,0,2195833.3333
7857771,1,1,1,2,0,0,1,2570000
7846405,1,1,1,2,1,0,1,725000
7841016,1,1,1,2,0,0,1,895000
7903739,1,1,1,2,0,0,1,2399166.6667
7900089,1,1,1,2,0,0,1,700000
7814931,1,1,1,2,0,0,0,1600000
7807448,1,1,1,2,0,0,1,8016666.6667
7882848,1,1,1,2,0,0,1,1340000
7812747,1,1,1,2,1,0,1,300000
7791581,1,1,1,2,0,1,0,15166666.667
7817297,1,1,1,2,0,0,1,956666.66667
7790900,1,1,1,2,0,0,0,5233333.3333
7819533,1,1,1,2,0,0,1,330000
7890052,1,1,1,2,0,0,1,1500000
7836514,1,1,1,2,0,0,1,2270833.3333
7789588,1,1,1,2,0,0,1,3816666.6667
7836306,1,1,1,2,0,0,1,2300500
7842677,1,1,1,2,0,1,0,5188333.3333
7860893,1,1,1,2,1,1,1,2300000
7791793,1,1,1,2,0,1,1,5150000
7901061,1,1,1,2,0,0,1,1000000
7906770,1,1,1,2,0,0,1,2000000
7801948,1,1,1,2,0,0,1,1460000
7880821,1,1,1,2,0,0,1,1100000
7839993,1,1,1,2,0,0,1,900000
7886833,1,1,1,2,0,1,1,6416666.6667
7849673,1,1,1,2,0,0,1,951666.66667
7862998,1,1,1,2,0,0,1,3708333.3333
7889373,1,1,1,2,0,0,1,483333.33333
7792232,2,1,2,2,0,0,1,4768726.6667
7853015,1,1,1,2,0,0,1,2645000
7887735,1,1,1,2,0,0,1,1500000
7850619,1,1,1,2,0,0,1,2840000
7824905,1,1,1,2,0,0,1,600000
7901117,1,1,1,2,0,0,1,1800000
7835742,1,1,1,2,1,0,1,2800000
7903875,1,1,1,2,0,1,0,16125000
7797443,1,1,1,2,0,0,1,1157000
7789649,1,1,1,2,0,0,1,1033333.3333
7883228,1,1,1,2,0,0,1,350000
7899754,1,1,1,2,0,0,1,2200000
7853395,1,1,1,2,0,1,1,2200333.3333
7812011,1,1,1,2,0,0,1,750000
7804757,1,1,1,2,1,0,1,1800000
7805451,1,1,1,2,0,0,0,950000
7827930,1,1,1,2,0,0,1,1120000
7823490,1,1,1,2,0,0,1,3600000
7854509,1,1,1,2,0,0,1,1350000
7902520,1,1,1,2,0,0,1,700000
7882653,1,1,1,2,0,1,1,6300000
7854631,1,1,1,2,0,0,1,350000
7890105,1,1,1,2,0,0,0,1300000
7833737,1,1,1,2,0,0,1,934666.66667
7791540,1,1,1,2,0,0,1,196666.66667
7902387,1,1,1,2,0,0,0,4066666.6667
7895739,1,1,1,2,0,1,1,4500000
7793483,1,1,1,2,0,0,1,2400000
7795281,1,1,1,2,0,0,1,1480000
7806587,1,1,1,2,0,0,1,166666.66667
7896329,1,1,1,2,0,0,1,1700000
7894427,1,1,1,2,0,0,1,1200000
7817742,1,1,1,2,0,0,1,871666.66667
7813096,1,1,1,2,0,0,0,1422083.3333
7897866,1,1,1,2,0,0,1,650000
7826813,1,1,1,2,0,1,1,5850000
7806828,1,1,1,2,0,0,1,1000000
7795373,1,1,1,2,0,0,1,1280000
7827238,1,1,1,2,0,0,1,2295833.3333
7866810,1,1,1,2,0,0,1,180000
7820221,1,1,1,2,0,0,1,1005833.3333
7806967,1,1,1,2,0,0,1,2093666.6667
7827462,1,1,1,2,0,0,1,350000
7885293,1,1,1,2,0,0,1,2283333.3333
7882407,1,1,1,2,0,0,1,783333.33333
7893889,1,1,1,2,1,0,1,1620000
7851605,1,1,1,2,0,1,1,5697833.3333
7863972,1,1,1,2,0,0,1,600000
7889686,1,1,1,2,0,0,1,4300000
7807710,1,1,1,2,0,0,1,1120000
7887713,1,1,1,2,0,0,1,1050000
7835588,1,1,1,2,0,0,1,913333.33333
7858464,1,1,1,2,0,1,1,3125000
7790378,2,1,2,2,0,0,1,1066666.6667
7893976,1,1,1,2,0,0,1,1795000
7890803,1,1,1,2,1,0,1,1680000
7889670,1,1,1,2,0,0,1,4176833.3333
7793948,1,1,1,2,1,0,1,1615000
7897504,1,1,1,2,0,0,1,500000
7885672,1,1,1,2,0,0,1,2200000
7905331,1,1,1,2,0,0,0,1746666.6667
7848137,1,1,1,2,0,0,1,3080000
7839096,1,1,1,2,0,0,0,1200000
7853902,1,1,1,2,0,0,1,3346110.6667
7847470,1,1,1,2,0,1,1,2600000
7802859,1,1,1,2,0,0,1,1500000
7840994,1,1,1,2,0,0,1,4380480
7900927,1,1,1,2,0,0,1,1400000
7864674,1,1,1,2,0,1,1,5824500
7829146,1,1,1,2,0,0,1,1893333.3333
7849064,1,1,1,2,0,0,1,2250000
7794648,1,1,1,2,0,0,1,1000000
7876401,1,1,1,2,0,0,1,900000
7831221,1,1,1,2,0,1,1,300000
7827658,1,1,1,2,0,0,1,2800000
7888723,1,1,1,2,0,0,1,1658333.3333
7874093,1,1,1,2,0,0,1,2950000
7903161,1,1,1,2,0,1,1,8800000
7857784,1,1,1,2,0,0,1,1300000
7797966,1,1,1,2,0,0,1,1200000
7818291,1,1,1,2,0,0,1,1700000
7895418,1,1,1,2,0,0,1,70000
7825191,1,1,1,2,0,0,1,637500
7834634,1,1,1,2,1,1,1,700000
7884998,1,1,1,2,0,0,1,1022500
7841357,2,1,2,2,0,0,1,7680000
7851027,1,1,1,2,0,1,1,1250000
7827915,1,1,1,2,0,0,1,8304166.6667
7796851,1,1,1,2,0,0,1,3300833.3333
7833196,1,1,1,2,0,0,1,1252500
7793836,1,1,1,2,0,0,1,1365166.6667
7852808,1,1,1,2,1,0,1,6058838.6667
7799096,1,1,1,2,0,0,0,1571666.6667
7902895,1,1,1,2,0,0,1,900000
7871008,1,1,1,2,0,0,1,5203333.3333
7822731,1,1,1,2,0,0,1,835000
7901615,1,1,1,2,0,0,1,2117000
7869564,1,1,1,2,0,1,0,2120000
7843073,1,1,1,2,0,0,1,66666.666667
7816653,1,1,1,2,0,0,1,2400000
7909079,1,1,1,2,1,0,1,6700000
7853760,1,1,1,2,1,1,0,3250000
7887293,1,1,1,2,0,0,1,5171666.6667
7908554,1,1,1,2,0,0,1,425000
7789275,1,1,1,2,0,0,0,950000
7791363,1,1,1,2,0,0,1,1650000
7859344,1,1,1,2,0,0,1,325000
7817172,1,1,1,2,1,0,1,960000
7839094,1,1,1,2,0,0,1,500000
7906254,1,1,1,2,0,0,1,2166666.6667
7865959,1,1,1,2,0,0,0,800000
7885682,1,1,1,2,1,0,1,466666.66667
7859497,1,1,1,2,0,0,0,990000
7822553,1,1,1,2,0,0,0,4365500
7874913,1,1,1,2,0,0,1,3000000
7876713,1,1,1,2,0,0,1,190000
7804515,1,1,1,2,0,1,0,1383333.3333
7793400,1,1,1,2,0,0,1,3625083.3333
7816670,1,1,1,2,0,0,1,1897000
7894053,1,1,1,2,0,0,1,930000
7791680,1,1,1,2,1,0,1,2000000
7868917,1,1,1,2,0,1,1,1641666.6667
7880229,1,1,1,2,0,0,1,9918200
7834768,1,1,1,2,1,0,1,2265000
7826336,1,1,1,2,0,0,1,1771833.3333
7856236,1,1,1,2,0,0,0,1283333.3333
7842689,1,1,1,2,0,0,0,3827000
7824077,1,1,1,2,0,0,1,2000000
7803039,1,1,1,2,0,0,1,1450000
7881184,1,1,1,2,0,0,1,2759000
7886673,1,1,1,2,0,0,1,120000
7831965,1,1,1,2,0,0,1,2141666.6667
7847753,1,1,1,2,0,0,1,1325000
7875017,1,1,1,2,0,0,1,2285000
7806896,1,1,1,2,0,0,1,895833.33333
7890959,1,1,1,2,0,1,1,2000000
7795127,1,1,1,2,0,0,1,1350000
7897987,1,1,1,2,0,0,1,4377666.6667
7820814,1,1,1,2,1,0,1,12226518.333
7845307,1,1,1,2,0,0,1,1060000
7820360,1,1,1,2,1,0,1,1567500
7857745,1,1,1,2,0,0,1,2207000
7862930,1,1,1,2,0,0,1,1469166.6667
7865851,1,1,1,2,0,0,1,2000000
7844564,1,1,1,2,0,0,1,2300000
7846694,1,1,1,2,1,0,1,866666.66667
7899924,1,1,1,2,0,0,1,2430000
7803175,1,1,1,2,0,0,1,950000
7894365,1,1,1,2,0,1,0,8142399.8333
7794808,1,1,1,2,0,0,1,2366666.6667
7797750,1,1,1,2,0,0,1,856666.66667
7851018,1,1,1,2,0,0,1,3266666.6667
7815432,1,1,1,2,1,1,0,1000000
7905900,1,1,1,2,0,0,1,1430000
7905605,1,1,1,2,0,0,1,2624500
7824003,1,1,1,2,0,0,1,230000
7856317,1,1,1,2,0,0,0,1265833.3333
7904877,1,1,1,2,0,0,1,1800000
7896786,1,1,1,2,0,0,1,5265000
7867777,1,1,1,2,0,0,1,1216666.6667
7897167,1,1,1,2,0,0,1,2000000
7848556,1,1,1,2,0,0,1,500000
7857508,1,1,1,2,0,0,1,1780000
7882810,1,1,1,2,0,0,1,1500000
7826436,1,1,1,2,0,0,1,1250000
7871947,1,1,1,2,0,0,1,200000
7847055,1,1,1,2,0,0,1,2636666.6667
7832448,1,1,1,2,0,0,0,1600000
7821055,1,1,1,2,0,0,1,830000
7842439,1,1,1,2,0,0,1,2550000
7850242,1,1,1,2,0,1,0,2041000
7837134,1,1,1,2,0,0,1,1600000
7903106,1,1,1,2,0,0,1,3270833.3333
7834886,1,1,1,2,0,0,1,800000
7795332,1,1,1,2,0,0,1,896000
7895713,1,1,1,2,0,1,1,4600000
7814576,1,1,1,2,0,0,1,2423166.6667
7814016,1,1,1,2,0,0,0,1000000
7827630,1,1,1,2,0,1,1,4000000
7849752,1,1,1,2,0,0,1,480000
7853595,1,1,1,2,0,0,1,1325000
7843071,1,1,1,2,0,0,1,2800000
7808991,1,1,1,2,0,0,0,6900000
7889943,1,1,1,2,0,0,1,4216666.6667
7848593,1,1,1,2,0,0,1,2083333.3333
7884592,1,1,1,2,0,0,1,4130000
7855878,1,1,1,2,0,0,1,1591666.6667
7856161,1,1,1,2,0,0,1,150000
7813484,1,1,1,2,0,0,1,850000
7817894,1,1,1,2,0,0,1,230000
7793424,1,1,1,2,0,1,1,4100000
7807620,1,1,1,2,0,0,1,1100000
7791341,1,1,1,2,0,1,0,4306666.6667
7790197,1,1,1,2,0,0,1,1140000
7837677,1,1,1,2,0,0,0,941666.66667
7859121,1,1,1,2,0,0,1,1350000
7867071,1,1,1,2,0,0,1,450000
7807041,1,1,1,2,1,0,1,862500
7817529,1,1,1,2,0,0,1,700000
7807109,1,1,1,2,0,0,1,1450333.3333
7880117,1,1,1,2,0,0,1,1600000
7792082,1,1,1,2,0,0,1,2150000
7899953,1,1,1,2,1,0,1,10980000
7857857,1,1,1,2,0,1,1,2586000
7822239,1,1,1,2,1,1,1,3300000
7893342,1,1,1,2,0,0,1,560000
7867753,1,1,1,2,0,0,1,450000
7851246,1,1,1,2,1,0,1,166666.66667
7816908,1,1,1,2,0,0,1,3735000
7828585,1,1,1,2,0,0,1,1170000
7873207,1,1,1,2,0,0,1,4283333.3333
7830522,1,1,1,2,0,0,1,291666.66667
7788879,1,1,1,2,1,0,1,2377666.6667
7878663,1,1,1,2,0,0,1,668333.33333
7794157,1,1,1,2,0,0,1,2250000
7851622,1,1,1,2,0,0,1,900000
7908532,1,1,1,2,0,0,1,2500000
7876876,1,1,1,2,0,0,1,3496666.6667
7907501,1,1,1,2,1,0,1,60000
7798315,1,1,1,2,0,0,1,2309500
7853101,1,1,1,2,0,0,1,5700000
7807740,1,1,1,2,0,0,1,897500
7840228,1,1,1,2,0,0,1,1420000
7874016,1,1,1,2,0,0,1,1557172
7825040,1,1,1,2,0,0,1,1000000
7825472,1,1,1,2,0,0,1,900000
7848861,1,1,1,2,0,0,1,780000
7837680,1,1,1,2,0,0,1,1850000
7798521,1,1,1,2,0,0,1,3033333.3333
7891187,1,1,1,2,0,1,1,13706666.667
7859188,1,1,1,2,0,1,1,2600000
7842879,1,1,1,2,0,0,1,900000
7896576,1,1,1,2,0,0,1,349293.33333
7803385,1,1,1,2,0,0,1,2455000
7801993,1,1,1,2,0,1,1,1975000
7846625,1,1,1,2,0,1,1,4200333.3333
7822503,1,1,1,2,0,0,1,1050000
7855582,1,1,1,2,0,0,1,4000000
7796377,1,1,1,2,0,0,1,2100000
7836772,1,1,1,2,0,0,1,1566666.6667
7845306,1,1,1,2,0,0,1,1300000
7885481,1,1,1,2,0,0,1,900000
7794809,1,1,1,2,0,0,0,710000
7860001,1,1,1,2,0,0,1,2633333.3333
7870820,1,1,1,2,1,0,1,2800000
7890563,1,1,1,2,0,1,1,2583333.3333
7824886,1,1,1,2,0,0,1,205000
7854894,1,1,1,2,0,0,1,1350000
7854627,1,1,1,2,0,0,1,400000
7837050,1,1,1,2,0,0,0,3300000
7835688,1,1,1,2,1,0,1,900000
7813408,1,1,1,2,0,0,0,2320000
7867215,1,1,1,2,0,0,1,1191666.6667
7855315,1,1,1,2,0,0,1,3617000
7868871,1,1,1,2,1,0,1,6870000
7872132,1,1,1,2,0,0,1,1883333.3333
7805771,1,1,1,2,0,0,1,1626666.6667
7807375,1,1,1,2,0,0,1,850000
7893309,1,1,1,2,0,0,0,246666.66667
7838157,1,1,1,2,0,0,1,200000
7841139,1,1,1,2,0,0,1,1500000
7818777,1,1,1,2,0,0,0,2358666.6667
7842029,1,1,1,2,0,0,1,3044620
7867452,1,1,1,2,0,0,1,2850000
7814446,1,1,1,2,0,1,1,6325000
7865647,1,1,1,2,0,0,1,1493592.25
7808609,1,1,1,2,0,1,1,5400000
7819520,1,1,1,2,0,0,1,1400000
7830552,1,1,1,2,0,0,1,1280000
7796037,1,1,1,2,0,0,1,1550000
7805832,1,1,1,2,0,0,0,1780541.6667
7876225,1,1,1,2,0,0,0,2826666.6667
7817443,1,1,1,2,0,0,1,3700000
7844136,1,1,1,2,0,0,1,4686712
7899869,1,1,1,2,1,1,1,3466666.6667
7816657,1,1,1,2,0,0,1,780000
7854996,1,1,1,2,0,0,1,450000
7856536,1,1,1,2,0,0,1,1632500
7790682,1,1,1,2,0,0,1,580000
7801884,1,1,1,2,0,0,1,960000
7869515,1,1,1,2,0,0,1,900000
7869332,1,1,1,2,0,0,1,2000000
7853923,1,1,1,2,0,0,1,1120000
7875277,1,1,1,2,0,0,0,3480000
7860931,1,1,1,2,0,0,1,760000
7903535,1,1,1,2,1,0,1,1300000
7830193,1,1,1,2,0,0,1,1700000
7882725,1,1,1,2,0,0,0,1250000
7823521,1,1,1,2,0,0,1,525000
7882114,1,1,1,2,0,1,1,1668333.3333
7839827,1,1,1,2,0,0,1,1550000
7811975,1,1,1,2,0,0,0,691666.66667
7818676,1,1,1,2,0,0,1,266666.66667
7832328,1,1,1,2,0,0,0,2025000
7813274,1,1,1,2,0,0,1,1230000
7790352,1,1,1,2,0,0,1,525833.33333
7795068,1,1,1,2,1,0,0,4000000
7879944,1,1,1,2,0,0,1,8962500
7827690,1,1,1,2,0,0,1,3850000
7880809,1,1,1,2,0,0,1,1800000
7835737,1,1,1,2,1,0,1,1410000
7905471,1,1,1,2,0,1,1,1000000
7871237,1,1,1,2,0,0,1,1100000
7895283,1,1,1,2,1,0,1,2083333.3333
7856716,1,1,1,2,0,0,1,1100000
7890353,1,1,1,2,0,1,1,7110000
7831047,1,1,1,2,0,0,1,1332500
7908551,1,1,1,2,0,0,1,3207083.3333
7879295,1,1,1,2,0,0,1,741666.66667
7832283,1,1,1,2,0,0,1,3500000
7867906,1,1,1,2,0,0,1,650000
7897357,1,1,1,2,0,0,1,365000
7846685,1,1,1,2,0,0,1,300000
7849080,1,1,1,2,0,0,1,1300000
7871455,1,1,1,2,0,0,1,1752500
7794470,1,1,1,2,0,0,1,1600000
7803622,1,1,1,2,0,0,1,1950000
7843432,1,1,1,2,0,0,0,1400000
7829010,1,1,1,2,0,1,1,1100000
7792862,1,1,1,2,0,0,1,480000
7797893,1,1,1,2,0,1,1,10500000
7856650,1,1,1,2,0,0,1,1175000
7850801,1,1,1,2,0,0,1,1635000
7796284,1,1,1,2,0,0,1,836666.66667
7832019,1,1,1,2,0,0,1,4208333.3333
7886052,1,1,1,2,0,0,1,885000
7859667,1,1,1,2,0,0,1,1850000
7888639,1,1,1,2,0,0,1,3500000
7848738,1,1,1,2,0,0,1,866666.66667
7854578,1,1,1,2,0,0,1,1660000
7873304,1,1,1,2,1,0,1,3101666.6667
7869335,1,1,1,2,0,0,1,1200000
7841749,1,1,1,2,0,0,1,1820833.3333
7827520,1,1,1,2,0,0,0,800000
7879793,1,1,1,2,0,0,1,1306666.6667
7849248,1,1,1,2,0,0,1,1400000
7884536,1,1,1,2,0,0,1,1700505.3333
7857850,1,1,1,2,0,0,1,2866666.6667
7823396,1,1,1,2,0,0,1,1100000
7803995,1,1,1,2,0,0,1,2250333.3333
7798102,1,1,1,2,0,0,1,800000
7869497,1,1,1,2,1,0,1,3325000
7814706,1,1,1,2,0,0,1,1550000
7905236,1,1,1,2,0,0,1,1813333.3333
7846934,1,1,1,2,0,0,1,3823333.3333
7788976,1,1,1,2,1,1,1,4550000
7888816,1,1,1,2,0,1,0,1260000
7904375,1,1,1,2,0,0,1,1050000
7869238,1,1,1,2,0,0,1,1200000
7900210,1,1,1,2,0,0,1,700000
7868838,1,1,1,2,0,0,1,2183333.3333
7884267,1,1,1,2,0,0,0,1600000
7859284,1,1,1,2,0,0,1,1000000
7803930,1,1,1,2,1,0,1,1241666.6667
7823228,1,1,1,2,0,0,1,3287500
7825084,1,1,1,2,0,0,1,833333.33333
7871941,1,1,1,2,0,0,1,1000000
7909598,1,1,1,2,0,0,1,1000000
7801675,1,1,1,2,0,0,1,1218000
7794674,1,1,1,2,0,0,0,3250000
7822630,1,1,1,2,0,0,1,1636166.6667
7818752,1,1,1,2,0,0,1,446666.66667
7807203,1,1,1,2,0,0,1,1043333.3333
7842211,1,1,1,2,0,0,1,1200000
7863775,1,1,1,2,1,0,0,1145000
7877550,1,1,1,2,0,0,1,1050000
7824881,1,1,1,2,0,0,0,1330000
7853714,1,1,1,2,0,0,1,1500000
7815211,1,1,1,2,0,0,1,3173166.6667
7859133,1,1,1,2,0,0,1,900000
7846586,2,1,2,2,0,0,1,1090000
7859919,1,1,1,2,0,0,1,4300000
7791012,1,1,1,2,1,0,1,1000000
7892862,1,1,1,2,0,1,1,1800000
7886896,1,1,1,2,0,0,1,740000
7857982,1,1,1,2,0,0,0,2416666.6667
7808554,1,1,1,2,0,0,1,2200000
7813537,1,1,1,2,0,0,1,1613333.3333
7827837,1,1,1,2,0,0,0,1300000
7910063,1,1,1,2,1,0,1,450000
7837368,1,1,1,2,0,0,1,850000
7880136,1,1,1,2,0,0,1,6086666.6667
7859662,1,1,1,2,0,0,1,960000
7791746,1,1,1,2,0,0,1,1050833.3333
7828898,1,1,1,2,0,0,1,200000
7856659,1,1,1,2,0,0,1,3141666.6667
7860794,1,1,1,2,0,0,1,1203333.3333
7894030,1,1,1,2,0,0,1,950000
7878558,1,1,1,2,0,0,1,220000
7799040,1,1,1,2,0,0,1,180000
7788427,1,1,1,2,0,0,1,1250000
7825505,1,1,1,2,0,0,0,10962083.333
7885609,1,1,1,2,0,0,1,1000000
7848003,1,1,1,2,0,0,1,2575000
7821114,1,1,1,2,0,0,1,595000
7816583,1,1,1,2,0,0,0,400000
7871729,1,1,1,2,1,0,1,2611666.6667
7802543,1,1,1,2,0,0,1,6900000
7872674,1,1,1,2,0,0,1,1220000
7836874,1,1,1,2,0,0,1,633333.33333
7895556,1,1,1,2,0,0,0,2500000
7794351,1,1,1,2,0,0,0,680000
7808431,1,1,1,2,0,0,1,117500
7854730,1,1,1,2,1,0,1,1400000
7870826,1,1,1,2,0,0,1,1466666.6667
7905745,1,1,1,2,0,0,0,4300000
7869019,1,1,1,2,0,0,1,2720833.3333
7859770,1,1,1,2,0,0,0,900000
7897732,1,1,1,2,0,0,1,900000
7794168,1,1,1,2,1,0,1,1350000
7822887,1,1,1,2,1,0,1,5004000
7797582,1,1,1,2,0,0,1,1448666.6667
7841687,1,1,1,2,1,0,1,700000
7826195,1,1,1,2,0,0,0,3600000
7892425,1,1,1,2,0,0,0,12080000
7879496,1,1,1,2,0,0,1,3750000
7795130,1,1,1,2,1,0,1,2720000
7822443,1,1,1,2,0,0,1,2450000
7904086,1,1,1,2,0,1,1,5162500
7836881,1,1,1,2,0,1,1,1713333.3333
7845931,1,1,1,2,0,1,1,2920000
7852091,1,1,1,2,0,0,1,4658333.3333
7814587,1,1,1,2,0,0,1,358333.33333
7788572,1,1,1,2,0,0,0,277500
7845494,1,1,1,2,0,0,1,4429750
7902863,1,1,1,2,0,0,1,766666.66667
7899123,1,1,1,2,0,0,1,600000
7909349,1,1,1,2,0,0,0,1950000
7861022,1,1,1,2,0,0,1,1290000
7808618,1,1,1,2,1,0,1,1450000
7824296,1,1,1,2,0,0,1,1700000
7837321,1,1,1,2,1,0,1,1250000
7862769,1,1,1,2,0,0,1,1300000
7850966,1,1,1,2,0,0,1,850000
7895631,1,1,1,2,0,0,0,550000
7860007,1,1,1,2,0,0,1,600000
7852133,1,1,1,2,0,0,1,975000
7805871,1,1,1,2,0,0,1,1600000
7827584,1,1,1,2,0,0,0,850000
7875428,1,1,1,2,0,0,1,3560000
7840847,1,1,1,2,0,0,1,2150000
7812451,1,1,1,2,0,0,0,1352500
7836868,1,1,1,2,0,0,1,2450000
7881071,1,1,1,2,0,0,1,700000
7842931,1,1,1,2,0,0,1,1375000
7903690,1,1,1,2,0,1,1,1536666.6667
7869993,1,1,1,2,0,0,1,1022500
7839654,1,1,1,2,0,0,1,900000
7829510,1,1,1,2,0,0,1,1485333.3333
7841493,1,1,1,2,0,0,1,2825000
7803455,1,1,1,2,0,0,1,1703666.6667
7901237,1,1,1,2,0,0,0,205000
7846702,1,1,1,2,0,0,0,2054500
7879634,1,1,1,2,0,0,1,1280000
7881705,1,1,1,2,1,1,1,5396666.6667
7793291,1,1,1,2,1,0,1,1700000
7890622,1,1,1,2,0,0,1,3627083.3333
7845319,1,1,1,2,0,0,1,1000000
7909289,1,1,1,2,0,0,1,1800000
7901045,1,1,1,2,0,1,0,800000
7831201,1,1,1,2,0,0,1,1750000
7889613,1,1,1,2,0,0,1,1350000
7843281,1,1,1,2,1,0,1,1130000
7825078,1,1,1,2,0,0,1,1500000
7829655,1,1,1,2,0,0,0,1640000
7843681,1,1,1,2,0,0,1,862333.33333
7867410,1,1,1,2,0,0,1,742500
7888049,1,1,1,2,0,0,1,2217172
7891632,1,1,1,2,0,0,1,1600000
7795092,1,1,1,2,0,0,1,1000000
7841808,1,1,1,2,0,0,1,250000
7884130,1,1,1,2,0,0,1,1310000
7892119,1,1,1,2,0,0,0,270000
7862531,1,1,1,2,1,0,1,301666.66667
7897347,1,1,1,2,0,0,1,500000
7793128,1,1,1,2,0,0,0,2645000
7847173,1,1,1,2,0,0,1,3410000
7802324,1,1,1,2,0,0,0,2400000
7892393,1,1,1,2,0,0,1,733333.33333
7901251,1,1,1,2,0,0,1,1395000
7882608,1,1,1,2,0,0,1,200000
7806189,1,1,1,2,0,0,1,580000
7858507,1,1,1,2,0,0,1,2490000
7831363,1,1,1,2,0,0,1,1000000
7843709,1,1,1,2,0,0,1,3141666.6667
7804007,1,1,1,2,0,0,1,75000
7818276,1,1,1,2,0,0,1,1180000
7819191,1,1,1,2,0,0,1,3100000
7848506,1,1,1,2,0,0,1,279166.66667
7907673,1,1,1,2,1,0,1,2500000
7851353,1,1,1,2,1,1,0,5408333.3333
7849373,1,1,1,2,0,0,1,88333.333333
7791530,1,1,1,2,0,0,1,511333.33333
7795136,1,1,1,2,0,0,0,2686755.3333
7882244,1,1,1,2,0,0,1,600000
7793183,1,1,1,2,0,0,1,1417000
7875843,1,1,1,2,0,0,1,610833.33333
7892658,2,1,2,2,0,0,0,2200000
7869343,1,1,1,2,0,1,1,1417000
7830886,1,1,1,2,0,0,1,216666.66667
7909180,1,1,1,2,1,0,1,230000
7837636,1,1,1,2,0,1,1,5210000
7863185,1,1,1,2,1,0,1,1345000
7822441,1,1,1,2,0,0,1,780000
7849302,1,1,1,2,0,0,1,2217500
7836913,1,1,1,2,0,0,1,965000
7896533,1,1,1,2,0,0,1,2800000
7847901,1,1,1,2,0,0,1,150000
7794687,1,1,1,2,0,0,1,1150000
7878716,1,1,1,2,0,0,1,90000
7850780,1,1,1,2,0,0,1,5000000
7799162,1,1,1,2,0,1,1,4875000
7854068,1,1,1,2,0,0,1,1200000
7813140,1,1,1,2,0,0,1,1292500
7796470,1,1,1,2,0,0,1,1500000
7816601,1,1,1,2,0,0,1,800000
7904664,1,1,1,2,1,1,1,800000
7882368,1,1,1,2,1,0,1,850000
7888798,1,1,1,2,0,0,0,1837500
7788018,1,1,1,2,0,0,1,900000
7803258,1,1,1,2,0,0,1,1703333.3333
7806867,1,1,1,2,0,0,1,1167000
7832743,1,1,1,2,0,1,1,6250000
7813562,1,1,1,2,0,1,1,2850000
7844702,1,1,1,2,0,0,1,2141666.6667
7908976,1,1,1,2,0,1,1,5840000
7891636,2,1,2,2,0,0,1,1200000
7814005,1,1,1,2,1,0,1,1700000
7830760,1,1,1,2,0,0,1,872500
7872673,1,1,1,2,0,0,1,388333.33333
7788201,1,1,1,2,0,0,1,890000
7817980,1,1,1,2,0,0,1,466666.66667
7863832,1,1,1,2,0,0,1,837500
7834482,1,1,1,2,0,0,1,950000
7799156,1,1,1,2,0,0,0,3660000
7832900,1,1,1,2,0,0,1,900000
7815543,1,1,1,2,0,0,1,595333.33333
7901147,1,1,1,2,0,0,1,915000
7878382,1,1,1,2,0,0,1,1000000
7874947,1,1,1,2,0,0,1,1176666.6667
7809278,1,1,1,2,0,0,1,4500000
7896691,1,1,1,2,0,0,1,408333.33333
7841232,1,1,1,2,1,0,0,2307500
7830858,1,1,1,2,1,0,1,1506666.6667
7836787,1,1,1,2,0,0,1,88333.333333
7900589,1,1,1,2,0,0,1,4233666.6667
7823512,1,1,1,2,0,0,1,3430000
7832057,1,1,1,2,0,0,1,3796166.6667
7829887,1,1,1,2,0,0,1,1066666.6667
7823719,1,1,1,2,0,0,1,65000
7811813,1,1,1,2,0,0,0,787666.66667
7815278,1,1,1,2,0,0,1,650000
7842755,1,1,1,2,0,0,1,1400000
7889296,1,1,1,2,0,0,1,500000
7848590,1,1,1,2,0,0,0,1860000
7893848,1,1,1,2,0,0,1,5000000
7859237,1,1,1,2,0,0,1,1166666.6667
7790277,1,1,1,2,0,0,1,1201666.6667
7788757,1,1,1,2,0,0,1,5000000
7895475,1,1,1,2,0,0,1,2172666.6667
7826078,1,1,1,2,0,0,1,2008333.3333
7852629,1,1,1,2,0,0,1,38926166.667
7822895,1,1,1,2,0,0,0,875000
7854313,1,1,1,2,0,0,1,1841666.6667
7822189,1,1,1,2,0,0,1,900000
7818225,1,1,1,2,0,0,1,1300000
7850459,1,1,1,2,0,0,1,1366666.6667
7854885,1,1,1,2,0,0,1,685000
7862662,1,1,1,2,0,0,1,1400000
7794178,1,1,1,2,1,0,1,1329166.6667
7793525,1,1,1,2,0,0,1,2017000
7807388,1,1,1,2,0,0,1,2265666.6667
7843480,1,1,1,2,0,0,1,1185000
7790442,1,1,1,2,1,0,1,6158838.6667
7838379,1,1,1,2,0,0,1,11000000
7907865,1,1,1,2,1,1,1,1766666.6667
7903435,1,1,1,2,1,0,1,4350000
7903617,1,1,1,2,1,0,1,3172000
7877670,1,1,1,2,0,0,1,3465000
7820961,1,1,1,2,0,0,1,783333.33333
7842518,1,1,1,2,1,0,1,370833.33333
7814881,1,1,1,2,0,0,1,2237500
7832277,1,1,1,2,0,0,1,500000
7875754,1,1,1,2,0,0,1,800000
7860063,1,1,1,2,0,0,1,634166.66667
7837481,1,1,1,2,0,0,1,1500000
7908279,1,1,1,2,0,0,1,2300000
7874161,1,1,1,2,0,1,1,1200000
7816338,1,1,1,2,0,0,1,1300000
7811679,1,1,1,2,0,0,1,245000
7857723,1,1,1,2,0,0,1,3716666.6667
7856270,1,1,1,2,0,0,1,1366666.6667
7882189,1,1,1,2,0,0,0,223333.33333
7859437,1,1,1,2,0,0,1,2125000
7887357,1,1,1,2,0,1,1,300000
7877031,1,1,1,2,0,0,1,1830000
7831845,1,1,1,2,1,0,1,10060000
7904120,1,1,1,2,0,0,1,518333.33333
7899151,1,1,1,2,0,0,1,16758333.333
7815056,1,1,1,2,0,0,1,1500000
7822826,1,1,1,2,0,0,1,229166.66667
7863787,1,1,1,2,1,1,1,3591666.6667
7891752,1,1,1,2,0,0,1,580000
7806456,1,1,1,2,0,0,1,1650000
7882517,1,1,1,2,0,0,1,900000
7832445,1,1,1,2,0,0,1,2480000
7904985,1,1,1,2,1,0,1,400000000
7790085,1,1,1,2,0,0,1,1150000
7904871,1,1,1,2,0,1,1,5535333.3333
7907495,1,1,1,2,0,0,1,83333.333333
7902980,1,1,1,2,0,0,1,600000
7827504,1,1,1,2,0,0,1,1500000
7870159,1,1,1,2,0,0,1,1200000
7853284,1,1,1,2,0,1,1,10000000
7845947,1,1,1,2,0,0,0,3691666.6667
7903215,1,1,1,2,0,1,1,3000000
7893478,1,1,1,2,0,0,1,1750000
7825815,1,1,1,2,0,1,1,2188333.3333
7794673,1,1,1,2,0,1,0,1400000
7791455,1,1,1,2,0,1,0,3162000
7876314,1,1,1,2,0,0,1,11533333.333
7883795,1,1,1,2,0,0,1,1226666.6667
7823564,1,1,1,2,0,0,1,750000
7861327,1,1,1,2,0,1,1,6316666.6667
7812558,1,1,1,2,0,0,1,232500
7841846,1,1,1,2,0,0,1,2867172
7798027,1,1,1,2,0,0,0,2250000
7787937,1,1,1,2,0,0,0,238333.33333
7854440,1,1,1,2,0,1,1,6200000
7833231,1,1,1,2,0,0,1,2385000
7887027,1,1,1,2,0,0,1,643333.33333
7819775,1,1,1,2,0,0,1,1500000
7828342,1,1,1,2,0,0,1,570000
7906242,1,1,1,2,0,0,1,1270833.3333
7807477,1,1,1,2,0,0,1,1000000
7853234,1,1,1,2,0,0,1,681666.66667
7794675,1,1,1,2,1,0,0,1650000
7859070,1,1,1,2,0,1,1,2500000
7864573,1,1,1,2,0,0,1,630000
7830429,1,1,1,2,0,0,1,950000
7844277,1,1,1,2,0,0,1,1275000
7859031,1,1,1,2,0,0,0,1300000
7857355,1,1,1,2,0,0,1,282500
7888461,1,1,1,2,0,0,1,1740000
7815840,1,1,1,2,0,0,1,1000000
7861747,1,1,1,2,0,0,1,1950000
7837625,1,1,1,2,0,0,1,2000000
7870094,1,1,1,2,0,0,1,183333.33333
7886556,1,1,1,2,0,0,1,2165000
7849448,1,1,1,2,0,0,1,2320000
7840482,1,1,1,2,0,0,1,400000
7873193,1,1,1,2,0,0,1,1666666.6667
7892594,1,1,1,2,0,0,1,1400000
7788997,1,1,1,2,0,0,1,1880000
7901264,1,1,1,2,0,0,1,500000
7843545,1,1,1,2,0,0,1,1142500
7820722,1,1,1,2,0,0,1,10831666.667
7821823,1,1,1,2,0,0,1,531666.66667
7902041,1,1,1,2,0,1,1,3600000
7814593,1,1,1,2,1,0,1,1375000
7790992,1,1,1,2,0,0,1,8153333.3333
7869628,1,1,1,2,0,0,1,1543333.3333
7839937,1,1,1,2,0,0,1,1350000
7894871,1,1,1,2,0,0,0,743333.33333
7886472,1,1,1,2,0,1,1,4710000
7854538,1,1,1,2,0,1,0,3000000
7818057,1,1,1,2,0,0,1,750000
7860784,1,1,1,2,0,0,0,421666.66667
7836007,1,1,1,2,0,0,1,1300000
7828962,1,1,1,2,0,1,1,4765698.75
7832114,1,1,1,2,0,0,1,4190505.3333
7902644,1,1,1,2,0,1,1,10400000
7828694,1,1,1,2,0,0,1,1412500
7795245,1,1,1,2,0,0,1,845000
7895631,2,1,2,2,0,0,1,1140000
7812269,1,1,1,2,0,1,1,1700000
7791609,1,1,1,2,0,0,0,840000
7827074,1,1,1,2,0,0,1,845000
7872119,1,1,1,2,0,0,1,1500000
7885115,1,1,1,2,0,0,1,1000000
7795101,1,1,1,2,0,0,1,1040000
7840127,1,1,1,2,0,1,1,3600000
7795460,1,1,1,2,0,0,1,600000
7808866,1,1,1,2,1,0,1,1041666.6667
7832242,1,1,1,2,0,0,1,4450000
7797385,1,1,1,2,0,1,1,1350000
7805524,1,1,1,2,0,0,1,3280000
7828018,1,1,1,2,0,0,1,4600000
7870433,1,1,1,2,0,0,1,730000
7877748,1,1,1,2,0,0,1,1500000
7817647,1,1,1,2,0,0,1,616666.66667
7889385,1,1,1,2,0,0,1,1300000
7850865,1,1,1,2,0,0,1,5495000
7909948,1,1,1,2,0,0,1,3050000
7881655,1,1,1,2,0,1,1,11365000
7825403,1,1,1,2,0,0,1,2300000
7826009,1,1,1,2,0,0,1,1741666.6667
7873177,1,1,1,2,1,0,1,1475000
7875132,1,1,1,2,0,0,1,700000
7874065,1,1,1,2,0,0,1,2916666.6667
7893835,1,1,1,2,0,0,0,2950000
7806771,1,1,1,2,0,1,1,2445000
7871793,1,1,1,2,0,1,0,12333333.333
7825090,1,1,1,2,0,0,1,3291666.6667
7847898,1,1,1,2,1,0,1,550000
7860456,1,1,1,2,0,0,1,610000
7812586,1,1,1,2,0,0,1,2341666.6667
7826403,1,1,1,2,0,0,1,2183333.3333
7877230,1,1,1,2,0,0,1,408333.33333
7888544,1,1,1,2,0,1,1,3550000
7812867,1,1,1,2,0,0,1,1667000
7796223,1,1,1,2,0,0,1,2217000
7873873,1,1,1,2,0,0,1,4100000
7815288,1,1,1,2,0,0,1,1400000
7813429,1,1,1,2,0,0,1,932500
7798227,1,1,1,2,0,0,1,1365000
7876135,1,1,1,2,0,0,1,2006666.6667
7903199,1,1,1,2,0,0,1,350000
7853656,1,1,1,2,0,0,1,600000
7807619,1,1,1,2,0,0,1,350000
7855233,1,1,1,2,0,0,1,358333.33333
7818918,1,1,1,2,0,0,0,9104166.6667
7893516,1,1,1,2,0,0,1,7708833.3333
7831992,1,1,1,2,0,0,1,900000
7803585,1,1,1,2,0,0,1,1000000
7885486,1,1,1,2,0,0,1,985000
7807869,1,1,1,2,0,0,0,3058333.3333
7870067,1,1,1,2,0,0,0,2210000
7875911,1,1,1,2,0,0,1,836666.66667
7794914,1,1,1,2,1,0,0,392500
7831131,1,1,1,2,0,1,1,9091666.6667
7830948,1,1,1,2,1,0,1,1250000
7832723,1,1,1,2,0,0,1,1233333.3333
7819849,1,1,1,2,0,0,1,2005000
7838834,1,1,1,2,0,0,1,1000000
7807640,1,1,1,2,1,0,1,1150000
7834580,1,1,1,2,0,0,1,1650000
7850964,1,1,1,2,0,0,1,587000
7881777,1,1,1,2,0,0,0,75000
7806147,1,1,1,2,0,0,1,665000
7791797,1,1,1,2,0,0,1,2037500
7861879,1,1,1,2,0,0,0,8054166.6667
7790667,1,1,1,2,0,0,1,1241666.6667
7900593,1,1,1,2,0,0,1,5333333.3333
7795194,1,1,1,2,0,0,0,504166.66667
7872626,1,1,1,2,0,0,1,2128333.3333
7868490,1,1,1,2,0,1,1,1741666.6667
7813870,1,1,1,2,0,0,1,4662500
7833971,1,1,1,2,0,0,0,4017000
7905305,1,1,1,2,0,0,1,800000
7808478,1,1,1,2,1,0,0,8316666.6667
7807593,1,1,1,2,0,0,1,588333.33333
7826324,1,1,1,2,0,0,1,500000
7870428,1,1,1,2,0,0,1,2150833.3333
7838286,1,1,1,2,0,0,1,780000
7883146,1,1,1,2,0,0,1,1850000
7826750,1,1,1,2,0,1,1,1800000
7865980,1,1,1,2,1,0,1,600000
7843632,1,1,1,2,0,0,1,3075333.3333
7791401,1,1,1,2,0,1,1,2500000
7866961,1,1,1,2,0,0,1,1350000
7893339,1,1,1,2,0,0,0,385000
7883314,1,1,1,2,0,0,0,2617000
7905077,1,1,1,2,0,0,0,4259333.3333
7839407,1,1,1,2,1,0,1,1120000
7792386,1,1,1,2,0,1,1,6162500
7908265,1,1,1,2,0,0,1,3073166.6667
7880348,1,1,1,2,0,0,0,900000
7889498,1,1,1,2,0,0,1,1000000
7855094,1,1,1,2,1,0,1,1100000
7892953,1,1,1,2,0,0,1,1504166.6667
7811664,1,1,1,2,0,0,1,1214283.6667
7830065,1,1,1,2,0,0,1,420000
7832531,1,1,1,2,0,0,1,306666.66667
7848876,1,1,1,2,1,0,1,3849666.6667
7891054,1,1,1,2,0,0,1,200000
7865013,1,1,1,2,0,0,1,1772500
7895506,1,1,1,2,0,0,1,1415000
7790803,1,1,1,2,0,0,1,2800000
7807518,1,1,1,2,0,0,1,2308333.3333
7853907,1,1,1,2,0,0,1,1525000
7851909,1,1,1,2,0,0,1,960000
7875605,1,1,1,2,0,0,1,330000
7858021,1,1,1,2,0,0,1,4023172
7884912,1,1,1,2,0,0,1,800000
7793114,1,1,1,2,0,0,1,1353000
7858160,1,1,1,2,0,0,1,1683333.3333
7861226,1,1,1,2,0,0,1,3790000
7821081,1,1,1,2,1,1,1,2400000
7844121,1,1,1,2,0,0,1,5000000
7892676,1,1,1,2,0,0,1,2400000
7836333,1,1,1,2,1,0,1,2800000
7804220,1,1,1,2,0,0,1,1050000
7899998,1,1,1,2,1,0,1,4109366.6667
7895399,1,1,1,2,0,0,1,1215000
7821817,1,1,1,2,0,0,1,1225000
7819362,1,1,1,2,0,0,1,1206666.6667
7898412,1,1,1,2,0,0,1,1700000
7792225,1,1,1,2,0,0,1,1000000
7791146,1,1,1,2,0,0,1,25600000
7869714,1,1,1,2,0,0,1,4699583.3333
7840193,1,1,1,2,0,0,1,600000
7895011,1,1,1,2,0,0,1,1203666.6667
7823097,1,1,1,2,0,0,1,700000
7827698,1,1,1,2,0,0,1,1350000
7794186,1,1,1,2,1,0,1,1841666.6667
7860045,1,1,1,2,0,0,1,1450000
7879648,1,1,1,2,0,0,1,2440475.3333
7806145,1,1,1,2,0,1,1,4333333.3333
7883934,1,1,1,2,0,1,1,1480000
7827760,1,1,1,2,1,1,1,3867866.6667
7895863,1,1,1,2,0,0,1,2301010.6667
7855623,1,1,1,2,0,0,1,350000
7804321,1,1,1,2,0,0,1,2667172
7871405,1,1,1,2,0,0,1,350000
7826925,1,1,1,2,0,0,0,1291666.6667
7899269,1,1,1,2,1,0,0,3391666.6667
7806244,1,1,1,2,0,0,1,573333.33333
7874437,1,1,1,2,0,0,1,2600000
7879954,1,1,1,2,0,0,0,1950000
7881711,1,1,1,2,0,0,1,450000
7869877,1,1,1,2,1,0,1,60000
7793105,1,1,1,2,0,0,1,1725000
7828639,1,1,1,2,0,1,1,10200000
7806960,1,1,1,2,0,0,1,5090000
7801961,1,1,1,2,0,0,1,2518333.3333
7852998,1,1,1,2,0,0,1,4400000
7901139,1,1,1,2,0,0,1,1800000
7839853,1,1,1,2,0,0,1,100000
7845479,1,1,1,2,0,0,1,1550000
7896265,1,1,1,2,0,0,1,24628000
7874894,1,1,1,2,0,0,1,1300000
7876147,1,1,1,2,0,0,1,1245000
7819575,1,1,1,2,0,0,1,2860000
7878330,1,1,1,2,0,0,1,4954500
7860956,1,1,1,2,0,0,0,460000
7838747,1,1,1,2,0,0,1,1300000
7865124,1,1,1,2,0,0,1,1500000
7822029,1,1,1,2,0,0,1,900000
7823939,1,1,1,2,0,0,1,1700505.3333
7902299,1,1,1,2,0,0,1,600000
7853538,1,1,1,2,0,0,1,1683333.3333
7805449,1,1,1,2,0,0,1,2865250
7846779,1,1,1,2,0,0,1,1545333.3333
7811974,1,1,1,2,0,0,1,2520000
7844789,1,1,1,2,0,0,1,2141666.6667
7829982,1,1,1,2,0,1,1,1230000
7806715,1,1,1,2,0,0,1,1151666.6667
7848669,1,1,1,2,0,0,0,1925000
7909517,1,1,1,2,1,0,0,6500000
7812916,1,1,1,2,1,0,1,4083333.3333
7836682,1,1,1,2,0,0,1,3153958.3333
7900983,1,1,1,2,0,0,1,876666.66667
7870074,1,1,1,2,0,1,1,3850000
7882997,1,1,1,2,0,0,1,630000
7822348,1,1,1,2,0,1,1,9800000
7889913,1,1,1,2,0,0,1,1300000
7890379,1,1,1,2,0,0,1,1386666.6667
7886015,1,1,1,2,0,1,0,2000000
7831780,1,1,1,2,0,0,1,2163333.3333
7816084,1,1,1,2,1,0,1,2742333.3333
7788751,1,1,1,2,1,0,0,5251000
7802855,1,1,1,2,0,0,1,20000000
7822249,1,1,1,2,1,0,1,1398000
7813629,1,1,1,2,1,0,1,1333333.3333
7814364,1,1,1,2,0,0,1,183333.33333
7846712,1,1,1,2,0,0,1,541666.66667
7871670,1,1,1,2,0,0,0,1500000
7845199,1,1,1,2,0,0,1,2100000
7847126,1,1,1,2,0,0,1,2100000
7852714,1,1,1,2,0,1,1,4341666.6667
7902729,1,1,1,2,0,1,1,1600000
7843491,1,1,1,2,0,0,1,2640000
7854653,1,1,1,2,0,0,1,875000
7873088,1,1,1,2,0,0,1,66666.666667
7871448,1,1,1,2,0,1,1,1223666.6667
7830494,1,1,1,2,0,0,1,2984166.6667
7843279,1,1,1,2,0,0,1,2254166.6667
7871159,1,1,1,2,0,0,1,1700000
7792008,1,1,1,2,0,0,1,625000
7813856,1,1,1,2,0,0,1,1200000
7833114,1,1,1,2,0,0,1,4050000
7821950,1,1,1,2,0,0,1,808333.33333
7820139,1,1,1,2,0,0,1,150000
7793322,1,1,1,2,0,0,1,2317172
7806168,1,1,1,2,0,0,1,780000
7846927,1,1,1,2,0,0,1,1560000
7870753,1,1,1,2,0,0,1,407500
7819367,1,1,1,2,0,0,1,858333.33333
7821331,1,1,1,2,0,0,1,160000
7815709,1,1,1,2,0,0,1,1710000
7870227,1,1,1,2,0,0,1,1045000
7841785,1,1,1,2,0,0,1,533333.33333
7851475,1,1,1,2,0,0,1,1910000
7805255,1,1,1,2,0,0,0,4153333.3333
7871742,1,1,1,2,0,1,0,4083333.3333
7863806,1,1,1,2,0,0,1,2108333.3333
7834699,1,1,1,2,0,0,1,1650000
7853868,1,1,1,2,0,0,1,2147172
7816959,1,1,1,2,0,0,1,2600000
7890706,1,1,1,2,0,0,1,960000
7798630,1,1,1,2,0,0,1,650000
7861798,1,1,1,2,0,0,1,1580000
7818096,1,1,1,2,0,0,1,900000
7796436,1,1,1,2,0,0,1,1306666.6667
7904996,1,1,1,2,0,0,1,1000000
7822813,1,1,1,2,0,0,0,1800000
7879531,1,1,1,2,0,0,1,2500000
7796381,1,1,1,2,0,0,0,1700000
7818678,1,1,1,2,0,0,1,1648500
7837575,1,1,1,2,0,0,1,380000
7793866,1,1,1,2,0,0,1,1550000
7899896,1,1,1,2,0,1,1,1950000
7814869,1,1,1,2,0,0,0,1982000
7790921,1,1,1,2,1,0,1,2488666.6667
7899338,1,1,1,2,0,0,1,1700000
7833991,1,1,1,2,0,1,0,1680000
7840180,1,1,1,2,0,1,1,4575000
7801700,1,1,1,2,0,0,1,800000
7854831,1,1,1,2,0,0,0,900000
7900652,1,1,1,2,0,0,1,1640000
7791374,1,1,1,2,1,0,1,1800000
7857698,1,1,1,2,0,0,1,3066666.6667
7861317,1,1,1,2,0,0,1,2030000
7826969,1,1,1,2,0,0,0,90000
7837236,1,1,1,2,0,1,1,445000
7846017,1,1,1,2,1,0,1,4350000
7863015,1,1,1,2,1,0,1,2645000
7844330,1,1,1,2,0,0,0,1402500
7792684,1,1,1,2,0,1,1,8800000
7887012,1,1,1,2,0,0,1,1050000
7864743,1,1,1,2,0,0,1,606666.66667
7899762,1,1,1,2,0,0,1,2009333.3333
7791873,1,1,1,2,0,0,1,800000
7844241,1,1,1,2,0,0,1,1058333.3333
7868723,1,1,1,2,0,0,1,633333.33333
7821799,1,1,1,2,0,0,1,1035000
7790462,1,1,1,2,0,0,1,333333.33333
7831849,1,1,1,2,0,0,1,1560000
7859417,1,1,1,2,0,0,1,1150000
7837831,1,1,1,2,0,0,0,800000
7880642,1,1,1,2,0,0,1,2000000
7816822,1,1,1,2,0,0,1,1430000
7806674,1,1,1,2,0,0,1,4083333.3333
7822642,1,1,1,2,0,0,1,1222000
7896539,1,1,1,2,0,0,1,1850000
7859454,1,1,1,2,1,0,1,3000000
7823036,1,1,1,2,0,0,0,450000
7888625,1,1,1,2,0,0,0,2700000
7875799,1,1,1,2,0,0,1,1512000
7795779,1,1,1,2,1,0,1,371666.66667
7847437,1,1,1,2,0,0,1,995000
7833768,1,1,1,2,0,0,1,1811666.6667
7840120,1,1,1,2,0,0,1,100000
7880708,1,1,1,2,0,0,1,1000000
7841189,1,1,1,2,1,0,1,550000
7793188,1,1,1,2,0,0,0,3797500
7845016,1,1,1,2,0,0,1,2820000
7816146,1,1,1,2,0,0,1,1137500
7792512,1,1,1,2,0,0,1,1000000
7849089,1,1,1,2,0,0,1,1845833.3333
7908711,1,1,1,2,0,0,1,1450000
7856050,1,1,1,2,0,0,1,990000
7865084,1,1,1,2,0,0,0,800000
7901084,1,1,1,2,0,0,1,1000000
7868140,1,1,1,2,0,0,1,535000
7835395,1,1,1,2,0,0,1,1380000
7861128,1,1,1,2,0,0,1,2280000
7902489,1,1,1,2,0,0,1,900000
7888252,1,1,1,2,0,0,1,1250000
7883601,1,1,1,2,0,0,1,673333.33333
7857495,1,1,1,2,0,0,1,2280000
7834617,1,1,1,2,0,0,1,408333.33333
7789314,1,1,1,2,1,1,1,12575000
7868002,1,1,1,2,0,0,1,1577333.3333
7816573,1,1,1,2,0,0,1,100000
7846992,1,1,1,2,1,0,1,2525000
7809241,1,1,1,2,0,0,1,1520833.3333
7875903,1,1,1,2,0,0,1,9300000
7828743,1,1,1,2,0,0,1,2775333.3333
7868970,1,1,1,2,0,0,1,1200000
7790806,1,1,1,2,0,0,0,1595000
7880246,1,1,1,2,0,0,1,1300000
7905290,1,1,1,2,0,0,1,1158666.6667
7793539,1,1,1,2,0,1,1,3950000
7847907,1,1,1,2,0,0,1,1200000
7831915,1,1,1,2,0,0,1,1500000
7864980,1,1,1,2,0,0,1,2000000
7846840,1,1,1,2,0,0,1,1202833.3333
7867099,1,1,1,2,0,0,1,1951666.6667
7870194,1,1,1,2,0,1,0,10000000
7869451,1,1,1,2,0,0,1,1675000
7798375,1,1,1,2,0,0,1,1936666.6667
7839107,1,1,1,2,0,0,0,3855000
7872466,1,1,1,2,0,0,1,1200000
7894011,1,1,1,2,0,0,1,1120000
7897326,1,1,1,2,0,0,1,602500
7896315,1,1,1,2,0,0,1,1050000
7886686,1,1,1,2,0,0,1,1938005.3333
7817182,1,1,1,2,0,0,1,1900000
7788076,1,1,1,2,0,0,1,1940833.3333
7850793,1,1,1,2,0,0,1,3345000
7794406,1,1,1,2,1,0,1,2508000
7789622,1,1,1,2,0,0,1,3400000
7841835,1,1,1,2,0,0,1,1647500
7876954,1,1,1,2,0,0,1,4316666.6667
7812000,1,1,1,2,0,0,1,1000000
7863642,1,1,1,2,0,0,1,166666.66667
7874082,1,1,1,2,1,1,1,3083333.3333
7886118,1,1,1,2,0,0,1,2880000
7816165,1,1,1,2,0,0,1,2666666.6667
7790888,1,1,1,2,0,0,1,6162500
7887952,1,1,1,2,0,1,1,5800000
7883817,1,1,1,2,0,0,1,2025000
7871520,1,1,1,2,0,0,1,4861583.3333
7907255,1,1,1,2,0,0,1,640000
7835975,1,1,1,2,0,0,0,3467000
7849193,1,1,1,2,0,0,1,3683333.3333
7907077,1,1,1,2,0,0,1,700000
7815000,1,1,1,2,1,1,1,2933333.3333
7895118,1,1,1,2,0,0,0,984166.66667
7907459,1,1,1,2,0,0,1,600000
7790037,1,1,1,2,0,0,1,247500
7881236,1,1,1,2,0,0,1,1150000
7895469,1,1,1,2,1,1,1,4425000
7887594,1,1,1,2,0,0,1,1600000
7875009,1,1,1,2,0,0,1,2500000
7861562,1,1,1,2,0,0,1,1690000
7862161,1,1,1,2,0,0,1,598333.33333
7884055,1,1,1,2,0,0,1,1200000
7858477,1,1,1,2,0,0,0,1030000
7855748,1,1,1,2,0,0,1,1217500
7796961,1,1,1,2,0,0,1,468333.33333
7823317,1,1,1,2,0,0,1,3116666.6667
7877274,1,1,1,2,0,0,1,850000
7848383,1,1,1,2,0,0,1,1637500
7823811,1,1,1,2,0,1,0,2550000
7792805,1,1,1,2,0,0,1,1525333.3333
7896093,1,1,1,2,0,0,0,1700000
7821162,1,1,1,2,0,0,1,3225000
7873468,1,1,1,2,0,0,1,1891666.6667
7853070,1,1,1,2,0,0,1,890000
7834177,1,1,1,2,0,0,1,1800000
7823770,1,1,1,2,0,0,1,1200333.3333
7882040,1,1,1,2,0,1,1,6696133.3333
7888253,1,1,1,2,0,0,1,1200000
7794802,1,1,1,2,0,0,1,280000
7880725,1,1,1,2,1,0,1,520000
7803844,1,1,1,2,0,0,1,1066666.6667
7793712,1,1,1,2,0,0,1,2100000
7898287,1,1,1,2,0,0,1,1300000
7880329,1,1,1,2,0,0,1,2940000
7891526,1,1,1,2,0,0,1,3625000
7826448,1,1,1,2,0,0,1,875000
7830869,1,1,1,2,0,0,1,2500000
7793089,1,1,1,2,1,0,1,1847005.3333
7850193,1,1,1,2,1,0,1,4925000
7850952,1,1,1,2,0,0,0,1150000
7870812,1,1,1,2,0,0,1,2440000
7820750,1,1,1,2,0,0,1,2925000
7879847,1,1,1,2,0,0,0,3743333.3333
7793296,1,1,1,2,0,0,1,700000
7858199,1,1,1,2,0,0,1,1270000
7889569,1,1,1,2,0,1,1,2845000
7865637,1,1,1,2,0,0,1,2316666.6667
7808413,1,1,1,2,0,0,1,10210000
7890642,1,1,1,2,0,1,1,7083333.3333
7848043,1,1,1,2,0,0,1,780000
7904047,1,1,1,2,0,0,1,1900000
7830407,1,1,1,2,0,0,1,2476666.6667
7837427,1,1,1,2,0,0,1,1242000
7883064,1,1,1,2,0,0,1,600000
7874194,1,1,1,2,0,0,0,2883333.3333
7795955,1,1,1,2,0,0,0,1400000
7838590,1,1,1,2,0,0,1,1700000
7885325,1,1,1,2,0,0,1,1083333.3333
7841209,1,1,1,2,1,1,0,2500000
7865770,1,1,1,2,0,1,1,2100000
7862889,1,1,1,2,0,0,1,1337000
7855479,1,1,1,2,0,0,0,3128875
7823809,1,1,1,2,0,0,1,2300000
7802927,1,1,1,2,0,0,0,200000
7864321,1,1,1,2,1,1,1,6100000
7900004,1,1,1,2,0,0,1,800000
7840208,1,1,1,2,0,0,1,3498333.3333
7845649,1,1,1,2,0,1,1,5100000
7849343,1,1,1,2,0,0,1,1500000
7886424,1,1,1,2,0,0,1,1600000
7848569,1,1,1,2,0,0,1,1350333.3333
7848011,1,1,1,2,0,0,1,1525000
7839135,1,1,1,2,0,0,0,1800000
7858521,1,1,1,2,0,0,1,476666.66667
7872581,1,1,1,2,0,1,1,19500000
7867642,1,1,1,2,0,0,1,471666.66667
7825205,1,1,1,2,0,0,0,1200000
7861675,1,1,1,2,0,0,1,1206666.6667
7904703,1,1,1,2,0,0,1,2250000
7889084,1,1,1,2,0,0,1,1350000
7830817,1,1,1,2,0,0,0,1800000
7831956,1,1,1,2,0,0,1,2278333.3333
7886050,1,1,1,2,0,0,1,400000
7793010,1,1,1,2,1,0,1,1305000
7897592,1,1,1,2,0,0,1,3600000
7842927,1,1,1,2,0,1,0,1786000
7877295,1,1,1,2,1,0,1,245000
7842118,1,1,1,2,0,0,1,1540500
7855828,1,1,1,2,0,0,1,3375333.3333
7853262,1,1,1,2,0,0,1,2370833.3333
7897648,1,1,1,2,1,1,1,1210000
7897046,1,1,1,2,0,0,1,1100000
7851916,1,1,1,2,0,0,1,2925533.3333
7826819,1,1,1,2,0,0,1,6367000
7816728,1,1,1,2,1,0,0,1280000
7877045,1,1,1,2,0,1,0,5704166.6667
7886335,1,1,1,2,0,0,1,3062500
7815991,1,1,1,2,0,0,1,250000
7834689,1,1,1,2,0,0,1,2900000
7881917,1,1,1,2,0,0,1,1160000
7888774,1,1,1,2,1,1,0,1300000
7877267,1,1,1,2,0,0,0,4354166.6667
7868420,1,1,1,2,1,1,1,4316666.6667
7827663,1,1,1,2,1,0,1,27000000
7892653,1,1,1,2,0,0,1,1410000
7902845,1,1,1,2,0,1,1,8580000
7834471,1,1,1,2,0,0,1,2508333.3333
7874160,1,1,1,2,0,0,1,2500000
7827195,1,1,1,2,0,0,0,3482000
7804956,1,1,1,2,0,0,1,2480000
7875693,1,1,1,2,0,0,1,361666.66667
7811548,1,1,1,2,0,0,1,6209005.3333
7817062,1,1,1,2,0,0,1,1892500
7827098,1,1,1,2,0,0,1,2833333.3333
7823064,1,1,1,2,0,0,1,1500000
7815063,1,1,1,2,0,0,1,3045000
7841814,1,1,1,2,1,0,1,973333.33333
7808616,1,1,1,2,0,0,1,540000
7908600,1,1,1,2,0,0,1,600000
7835266,1,1,1,2,0,0,1,1100000
7886454,1,1,1,2,0,0,1,1600000
7905986,1,1,1,2,0,0,1,660000
7843496,1,1,1,2,0,0,1,1227500
7850365,1,1,1,2,0,0,1,2830505.3333
7850435,1,1,1,2,0,0,1,1175000
7906799,1,1,1,2,0,0,1,2517000
7788699,1,1,1,2,0,1,1,1545833.3333
7859427,1,1,1,2,0,0,1,2010000
7903945,1,1,1,2,0,0,0,1040800
7870475,1,1,1,2,0,0,1,800000
7814059,1,1,1,2,0,0,1,1000000
7820208,1,1,1,2,0,0,1,2120000
7813049,1,1,1,2,0,0,1,1500000
7811567,1,1,1,2,1,0,1,8200000
7791111,1,1,1,2,0,0,1,240000
7836262,1,1,1,2,0,0,1,1050000
7849136,1,1,1,2,0,1,0,600000
7805459,1,1,1,2,0,1,1,4224672
7793152,1,1,1,2,0,0,1,2100000
7899656,1,1,1,2,0,0,1,650000
7801962,1,1,1,2,0,0,1,3670000
7836849,1,1,1,2,0,0,1,2287333.3333
7789393,1,1,1,2,0,0,1,4700000
7816691,1,1,1,2,0,0,1,1500000
7816537,1,1,1,2,0,0,0,260000
7815487,1,1,1,2,0,0,1,775000
7860206,1,1,1,2,0,0,1,1050000
7837314,1,1,1,2,1,0,1,1400000
7884887,1,1,1,2,0,0,1,950000
7899957,1,1,1,2,0,1,1,3000000
7873276,1,1,1,2,0,0,1,452500
7817565,1,1,1,2,0,0,0,865000
7859452,1,1,1,2,0,0,1,1788000
7873885,1,1,1,2,0,0,1,2200000
7854551,1,1,1,2,1,0,1,5150000
7862220,1,1,1,2,1,0,1,635833.33333
7854998,1,1,1,2,0,0,1,2000000
7878082,1,1,1,2,0,0,1,850000
7875763,1,1,1,2,0,0,1,2404166.6667
7802559,1,1,1,2,0,0,1,1230000
7894479,1,1,1,2,0,0,1,2800505.3333
7891071,1,1,1,2,0,0,1,450000
7808649,1,1,1,2,0,1,1,4725000
7868851,1,1,1,2,0,0,1,1000000
7830812,1,1,1,2,0,1,1,9050000
7833204,1,1,1,2,1,0,1,5736666.6667
7808137,1,1,1,2,0,1,1,1300000
7866770,1,1,1,2,0,1,1,1226000
7856140,1,1,1,2,0,0,1,800000
7878081,1,1,1,2,1,1,1,2800000
7805573,1,1,1,2,0,1,1,406666.66667
7887420,1,1,1,2,0,0,1,2525666.6667
7897382,1,1,1,2,0,0,1,200000
7831277,1,1,1,2,0,0,1,1992000
7866082,1,1,1,2,0,0,0,100000
7791317,1,1,1,2,1,0,1,1350000
7896785,1,1,1,2,0,1,1,912500
7852502,1,1,1,2,0,0,0,2000000
7851334,1,1,1,2,0,0,1,538333.33333
7870027,1,1,1,2,1,0,1,145000
7831812,1,1,1,2,0,0,1,876666.66667
7878652,1,1,1,2,0,0,1,1280000
7798734,1,1,1,2,0,0,0,7937500
7885402,1,1,1,2,0,0,0,700000
7808747,1,1,1,2,0,0,1,3654166.6667
7815385,1,1,1,2,0,0,1,1100000
7855795,1,1,1,2,1,0,1,2747000
7795032,1,1,1,2,0,0,0,87166.666667
7873590,1,1,1,2,0,0,1,800000
7837229,1,1,1,2,0,0,1,2216666.6667
7808903,1,1,1,2,0,0,1,2460000
7851710,1,1,1,2,0,0,1,183333.33333
7859766,1,1,1,2,0,0,0,350000
7819346,1,1,1,2,0,0,1,1166666.6667
7815492,1,1,1,2,0,1,1,5241666.6667
7850313,1,1,1,2,0,0,1,433333.33333
7827571,1,1,1,2,0,0,1,3150000
7906863,1,1,1,2,0,0,1,1800000
7830701,1,1,1,2,0,0,1,550000
7796651,1,1,1,2,0,0,0,3525166.6667
7849198,1,1,1,2,0,0,1,650000
7860245,1,1,1,2,0,0,1,350000
7801679,1,1,1,2,0,0,1,5063750
7871101,1,1,1,2,0,0,0,2287333.3333
7824102,1,1,1,2,0,0,1,600000
7797773,1,1,1,2,0,0,1,1532500
7890190,1,1,1,2,0,0,1,1225000
7840109,1,1,1,2,0,0,1,2478333.3333
7844001,1,1,1,2,1,0,1,1613333.3333
7816538,1,1,1,2,0,0,1,2407500
7831138,1,1,1,2,0,0,1,1000000
7906695,1,1,1,2,0,0,1,2300000
7846775,1,1,1,2,0,0,1,1987833.3333
7855812,1,1,1,2,0,0,1,100000
7827480,1,1,1,2,0,0,1,1530000
7820917,1,1,1,2,0,0,1,1356666.6667
7840030,1,1,1,2,0,0,1,3454691.6667
7872811,1,1,1,2,0,0,0,3138333.3333
7904179,1,1,1,2,1,0,1,450000
7827265,1,1,1,2,0,0,0,500000
7798986,1,1,1,2,0,0,1,3290250
7907929,1,1,1,2,0,1,0,400000
7855777,1,1,1,2,0,0,1,1621666.6667
7868147,1,1,1,2,0,1,1,6400000
7813247,1,1,1,2,0,0,1,1550000
7886194,1,1,1,2,0,0,1,4231666.6667
7831128,1,1,1,2,0,0,0,2476000
7829453,1,1,1,2,0,0,1,2271666.6667
7860559,1,1,1,2,0,1,1,275000
7861555,1,1,1,2,0,0,1,1400000
7788219,1,1,1,2,1,0,1,574166.66667
7881841,1,1,1,2,0,0,1,935000
7836263,1,1,1,2,0,0,1,500000
7864684,1,1,1,2,0,0,1,2044583.3333
7789062,1,1,1,2,1,0,1,1730000
7802850,1,1,1,2,0,0,1,1822172
7874718,1,1,1,2,0,0,1,1100000
7827124,1,1,1,2,1,0,1,1400000
7822331,1,1,1,2,0,0,1,1400000
7849598,1,1,1,2,0,1,1,2566666.6667
7848047,1,1,1,2,0,0,1,1367500
7864531,1,1,1,2,0,0,0,1650000
7857965,1,1,1,2,1,1,1,5900000
7848255,1,1,1,2,0,0,1,2030000
7803112,1,1,1,2,1,0,0,463333.33333
7798056,1,1,1,2,0,0,1,550000
7829873,1,1,1,2,0,0,1,105000
7873937,1,1,1,2,0,1,1,5386666.6667
7790696,1,1,1,2,0,0,1,1805000
7830729,1,1,1,2,0,0,1,3500000
7862394,1,1,1,2,0,0,1,1650000
7829224,1,1,1,2,0,1,1,1025000
7803040,1,1,1,2,0,0,1,1200000
7788080,1,1,1,2,0,0,1,1117000
7831122,1,1,1,2,0,0,1,1129166.6667
7844341,1,1,1,2,0,0,1,4200000
7895997,1,1,1,2,0,0,1,500000
7793383,1,1,1,2,0,0,1,3375000
7863055,1,1,1,2,0,0,1,1050000
7797123,1,1,1,2,0,0,1,716666.66667
7873638,1,1,1,2,0,0,0,5099166.6667
7881524,1,1,1,2,0,0,1,2806666.6667
7828190,1,1,1,2,0,0,0,2200000
7903076,1,1,1,2,0,0,1,120000
7878114,1,1,1,2,0,0,1,2350000
7808900,1,1,1,2,0,0,1,1667500
7877740,1,1,1,2,0,0,1,586666.66667
7862789,1,1,1,2,0,1,1,4529166.6667
7891371,1,1,1,2,0,0,1,11141666.667
7878625,1,1,1,2,0,0,1,330000
7873671,1,1,1,2,0,0,1,2383500
7814997,1,1,1,2,0,1,1,3860000
7795248,1,1,1,2,0,0,0,350000
7801631,1,1,1,2,0,0,1,1975000
7904577,1,1,1,2,0,0,1,522500
7898358,1,1,1,2,0,0,1,2646666.6667
7811556,1,1,1,2,0,0,1,650000
7826748,1,1,1,2,0,0,1,1600000
7895380,1,1,1,2,0,0,1,2932666.6667
7865919,1,1,1,2,0,0,1,3300000
7880196,1,1,1,2,0,0,1,2015000
7851468,1,1,1,2,0,0,1,917500
7888927,1,1,1,2,0,0,1,1250000
7821712,1,1,1,2,0,0,1,2373500
7840548,1,1,1,2,0,1,1,150000
7860462,1,1,1,2,0,0,1,1263000
7789069,1,1,1,2,0,0,1,375000
7894687,1,1,1,2,0,0,1,200000
7807852,1,1,1,2,1,1,1,24250000
7860658,1,1,1,2,0,0,0,2715000
7895139,1,1,1,2,0,0,1,605833.33333
7901903,1,1,1,2,0,1,1,12000000
7857257,1,1,1,2,0,0,1,1175000
7847467,1,1,1,2,0,0,0,1200333.3333
7851627,1,1,1,2,0,0,1,863333.33333
7836750,1,1,1,2,0,1,1,8877166.6667
7832237,1,1,1,2,0,0,1,2722000
7845761,1,1,1,2,0,0,0,3605000
7796968,1,1,1,2,0,0,1,3900000
7824187,1,1,1,2,0,0,1,2577500
7886749,1,1,1,2,0,0,0,1308333.3333
7795805,1,1,1,2,0,0,1,2683333.3333
7905111,1,1,1,2,0,0,1,1870000
7860221,1,1,1,2,1,0,1,879166.66667
7857843,1,1,1,2,0,1,1,6300000
7807815,1,1,1,2,0,0,1,1150000
7844930,1,1,1,2,0,0,0,1225000
7790422,1,1,1,2,0,0,1,1116666.6667
7838273,1,1,1,2,0,0,1,1776666.6667
7855443,1,1,1,2,0,1,1,1000000
7788395,1,1,1,2,0,0,1,500000
7863353,1,1,1,2,0,0,1,1546666.6667
7884163,1,1,1,2,0,0,1,2000000
7798471,1,1,1,2,0,1,1,13550000
7841700,1,1,1,2,0,0,0,310000
7837125,1,1,1,2,0,0,1,3523333.3333
7893092,1,1,1,2,0,0,0,5733333.3333
7848613,1,1,1,2,0,0,1,1525505.3333
7842494,1,1,1,2,1,0,1,7287166.6667
7859592,1,1,1,2,0,0,1,2083333.3333
7867514,1,1,1,2,0,0,1,1300000
7837005,1,1,1,2,1,0,0,1412500
7860597,1,1,1,2,0,0,1,1007000
7854258,1,1,1,2,0,0,0,5358333.3333
7813626,1,1,1,2,0,0,1,2800000
7789105,1,1,1,2,0,0,1,1451427.1667
7897458,1,1,1,2,0,0,1,2195000
7852206,1,1,1,2,0,0,1,2138333.3333
7818598,1,1,1,2,0,0,1,1083333.3333
7900293,1,1,1,2,0,0,1,3800000
7861737,1,1,1,2,0,0,1,1300000
7873805,1,1,1,2,0,1,1,900000
7885841,1,1,1,2,0,1,1,4058333.3333
7846706,1,1,1,2,1,0,1,6433333.3333
7904101,1,1,1,2,0,0,1,480000
7816056,1,1,1,2,0,1,0,5045000
7854965,1,1,1,2,0,0,1,240000
7790547,1,1,1,2,0,0,1,108333.33333
7868980,1,1,1,2,0,0,1,1141666.6667
7866876,1,1,1,2,0,0,1,458333.33333
7867985,1,1,1,2,0,0,1,1595833.3333
7803442,1,1,1,2,0,1,1,3000000
7819147,1,1,1,2,0,0,1,1200000
7806868,1,1,1,2,0,0,1,150000
7880897,1,1,1,2,0,0,1,200000
7879123,1,1,1,2,0,0,1,423333.33333
7898906,1,1,1,2,0,0,1,2717000
7858317,1,1,1,2,0,0,1,2637172
7853312,1,1,1,2,0,0,1,1200000
7831661,1,1,1,2,0,0,0,2087500
7872687,1,1,1,2,0,0,0,1000000
7797837,1,1,1,2,0,0,1,1000000
7855156,1,1,1,2,0,0,1,370833.33333
7831851,1,1,1,2,0,0,1,1042000
7804425,1,1,1,2,0,0,1,2438333.3333
7834781,1,1,1,2,0,0,1,2100000
7820970,1,1,1,2,1,0,0,1130000
7789823,1,1,1,2,0,0,1,400000
7817050,1,1,1,2,0,0,1,1583333.3333
7858951,1,1,1,2,1,0,1,650000
7795250,1,1,1,2,0,0,1,1145000
7895607,1,1,1,2,0,0,1,700000
7823914,1,1,1,2,0,0,1,1361938.6667
7888592,1,1,1,2,0,0,1,3718956
7861526,1,1,1,2,0,0,1,1329166.6667
7829055,1,1,1,2,0,0,1,2075000
7829012,1,1,1,2,0,0,1,1200000
7906859,1,1,1,2,1,0,1,1706666.6667
7803473,1,1,1,2,0,1,1,2870000
7814791,1,1,1,2,0,0,1,200000
7805787,1,1,1,2,0,0,0,2200000
7822407,1,1,1,2,0,0,1,552500
7824737,1,1,1,2,0,0,0,1150000
7882079,1,1,1,2,0,0,0,2075000
7803688,1,1,1,2,0,1,0,4282500
7903804,1,1,1,2,0,0,1,250000
7809108,1,1,1,2,0,0,1,4820000
7894733,1,1,1,2,0,0,1,1000000
7795609,1,1,1,2,0,0,0,125000
7854473,1,1,1,2,0,0,1,1355000
7858120,1,1,1,2,0,0,1,1400000
7900689,1,1,1,2,0,0,1,200000
7854035,1,1,1,2,0,0,1,966666.66667
7882131,1,1,1,2,0,0,1,990000
7852116,1,1,1,2,0,0,1,1400000
7833182,1,1,1,2,0,0,1,600000
7812687,1,1,1,2,0,0,1,300000
7876912,1,1,1,2,0,0,1,2583333.3333
7839896,1,1,1,2,0,0,1,913750
7859410,1,1,1,2,0,0,1,1500000
7882206,1,1,1,2,0,0,1,3700000
7862345,1,1,1,2,0,0,1,1997333.3333
7863672,1,1,1,2,0,0,1,2166666.6667
7897550,1,1,1,2,0,0,1,4432416.6667
7902767,1,1,1,2,1,1,1,6768333.3333
7821486,1,1,1,2,0,0,1,3000666.6667
7844829,1,1,1,2,0,0,1,700000
7816628,1,1,1,2,0,0,0,4400000
7878727,1,1,1,2,0,0,1,566666.66667
7859794,1,1,1,2,0,0,0,5900000
7859853,1,1,1,2,0,0,1,616666.66667
7889382,1,1,1,2,0,0,1,1080000
7874979,1,1,1,2,0,0,0,1000000
7873051,1,1,1,2,0,0,1,1766666.6667
7905389,1,1,1,2,0,0,1,3033333.3333
7791826,1,1,1,2,0,0,1,3000000
7886811,1,1,1,2,0,0,1,2820000
7902940,1,1,1,2,0,0,1,2200000
7843653,1,1,1,2,0,0,1,1298000
7896363,1,1,1,2,0,0,1,1030000
7907681,1,1,1,2,1,0,1,650000
7905488,1,1,1,2,0,0,0,633333.33333
7848367,1,1,1,2,0,0,1,1035000
7900922,1,1,1,2,0,0,1,1182500
7879922,1,1,1,2,0,0,0,1500000
7808851,1,1,1,2,1,0,1,2841666.6667
7818751,1,1,1,2,0,0,0,1000000
7872032,1,1,1,2,0,0,1,1370000
7866034,1,1,1,2,0,0,1,1096666.6667
7811507,1,1,1,2,0,0,1,11470833.333
7819872,1,1,1,2,0,0,1,2363333.3333
7820571,3,1,3,2,0,0,1,1250000
7846559,1,1,1,2,0,0,1,2096000
7864535,1,1,1,2,0,0,1,1122333.3333
7867162,1,1,1,2,0,0,0,1852500
7867352,1,1,1,2,0,0,0,1158666.6667
7834535,1,1,1,2,0,0,0,4202000
7868489,1,1,1,2,0,0,1,475000
7884956,1,1,1,2,0,0,0,3025505.3333
7834553,1,1,1,2,0,0,1,2599166.6667
7862657,1,1,1,2,0,0,1,3000000
7796640,1,1,1,2,0,1,0,1300000
7789496,1,1,1,2,0,0,1,570000
7833718,1,1,1,2,0,0,1,1030000
7869266,1,1,1,2,0,0,1,4850000
7902324,1,1,1,2,0,0,1,1506666.6667
7848472,1,1,1,2,0,0,1,341666.66667
7842636,1,1,1,2,0,0,1,3750000
7847941,1,1,1,2,0,0,1,1650000
7863860,1,1,1,2,0,1,1,2300000
7823157,1,1,1,2,0,0,1,1522566.9167
7866639,1,1,1,2,0,0,1,192500
7854355,1,1,1,2,0,0,1,2850000
7791163,1,1,1,2,0,0,1,2000000
7795506,1,1,1,2,0,1,1,8985000
7904971,1,1,1,2,0,0,1,3617000
7865985,1,1,1,2,0,0,1,160000
7805784,1,1,1,2,0,0,0,200000
7815061,1,1,1,2,0,0,1,4438333.3333
7845883,1,1,1,2,0,1,1,900000
7838514,1,1,1,2,0,1,1,4366666.6667
7869559,1,1,1,2,0,0,1,3271666.6667
7909643,1,1,1,2,1,1,1,10708333.333
7873880,1,1,1,2,0,0,1,1560000
7869286,1,1,1,2,0,0,1,3175000
7837709,1,1,1,2,0,0,1,10705000
7812659,1,1,1,2,0,0,1,1275000
7890681,1,1,1,2,1,0,1,4800000
7790719,1,1,1,2,0,0,1,1128333.3333
7870019,1,1,1,2,0,0,1,1030000
7873786,1,1,1,2,0,0,1,2373333.3333
7816580,1,1,1,2,0,0,1,1310000
7855984,1,1,1,2,0,0,1,1600000
7869872,1,1,1,2,0,0,1,810000
7804306,1,1,1,2,0,0,1,948333.33333
7905386,1,1,1,2,0,0,1,1750000
7875807,1,1,1,2,0,0,1,1107000
7808263,1,1,1,2,0,1,0,1325000
7788900,1,1,1,2,0,1,1,2316666.6667
7790366,1,1,1,2,0,0,1,666666.66667
7837976,1,1,1,2,0,0,1,1200000
7805630,1,1,1,2,0,0,0,1100000
7806549,1,1,1,2,0,1,1,4500000
7880844,1,1,1,2,0,0,1,2197171
7842793,1,1,1,2,0,0,0,1400000
7805124,1,1,1,2,0,0,1,1310000
7886426,1,1,1,2,1,0,1,980000
7849539,1,1,1,2,0,0,1,1000000
7791176,1,1,1,2,0,0,1,1944672
7889494,1,1,1,2,1,0,1,20400000
7885754,1,1,1,2,0,0,1,2500000
7887726,1,1,1,2,0,1,1,885000
7846671,1,1,1,2,0,0,1,6439344
7817118,1,1,1,2,0,0,1,2600000
7873433,1,1,1,2,0,0,0,1100000
7792621,1,1,1,2,0,0,1,2463333.3333
7899284,1,1,1,2,0,0,0,5000000
7879225,1,1,1,2,0,0,1,4865833.3333
7791403,1,1,1,2,0,0,1,1300000
7819513,1,1,1,2,0,0,1,20925000
7805716,1,1,1,2,0,0,1,1411666.6667
7827624,1,1,1,2,0,0,1,700000
7841104,1,1,1,2,0,0,1,1667500
7848802,1,1,1,2,0,0,0,500000
7805496,1,1,1,2,0,0,0,1700000
7795253,1,1,1,2,0,0,1,745000
7834027,1,1,1,2,0,0,1,3566666.6667
7874008,1,1,1,2,0,1,0,833333.33333
7901786,1,1,1,2,0,1,1,4354500
7867406,1,1,1,2,0,1,1,10550000
7843217,1,1,1,2,0,0,1,800000
7843934,1,1,1,2,1,0,1,5258333.3333
7852861,1,1,1,2,0,0,1,4583333.3333
7829706,1,1,1,2,0,0,1,1705000
7874993,1,1,1,2,1,0,0,3500000
7813392,1,1,1,2,0,0,0,3262833.3333
7833423,1,1,1,2,0,0,1,85000
7790399,1,1,1,2,0,0,1,2270833.3333
7868011,1,1,1,2,0,0,1,229166.66667
7857654,1,1,1,2,0,0,0,1216666.6667
7806307,1,1,1,2,0,0,1,193333.33333
7833668,1,1,1,2,0,0,1,1000000
7820547,1,1,1,2,0,0,1,1100000
7857749,1,1,1,2,0,0,1,836666.66667
7886836,1,1,1,2,0,0,1,710833.33333
7896696,1,1,1,2,0,0,1,475000
7801947,1,1,1,2,0,0,1,731666.66667
7886038,1,1,1,2,0,0,1,420000
7807061,1,1,1,2,0,0,1,250000
7863979,1,1,1,2,0,0,1,2784344
7861989,1,1,1,2,0,0,0,2910000
7859676,1,1,1,2,0,0,1,751666.66667
7820755,1,1,1,2,0,1,1,2330333.3333
7871310,1,1,1,2,0,0,1,971666.66667
7808151,1,1,1,2,0,0,1,1146666.6667
7846891,1,1,1,2,0,0,1,1196338.6667
7888646,1,1,1,2,0,0,1,266666.66667
7802647,1,1,1,2,0,0,1,1645000
7868069,1,1,1,2,0,1,1,4000000
7808571,1,1,1,2,0,0,0,2355000
7797871,1,1,1,2,0,0,1,2730333.3333
7814928,1,1,1,2,0,1,1,6333333.3333
7906127,1,1,1,2,0,0,0,980000
7837919,1,1,1,2,0,0,1,1000000
7886179,1,1,1,2,0,0,0,4100000
7812816,1,1,1,2,1,1,1,4479166.6667
7889900,1,1,1,2,0,0,1,1110000
7836915,1,1,1,2,0,0,1,1543333.3333
7886389,1,1,1,2,0,0,1,1125000
7833258,1,1,1,2,0,0,1,463333.33333
7873183,1,1,1,2,0,0,0,560000
7834417,1,1,1,2,0,0,0,1800000
7792125,1,1,1,2,1,0,1,1508333.3333
7870587,1,1,1,2,0,0,1,500000
7832273,1,1,1,2,0,0,1,900000
7802975,1,1,1,2,1,0,1,1250000
7834218,1,1,1,2,0,0,1,2416666.6667
7813344,1,1,1,2,0,0,1,1037500
7851086,1,1,1,2,0,0,1,2400000
7884010,1,1,1,2,0,0,1,9150000
7855374,1,1,1,2,0,0,0,1680000
7811921,1,1,1,2,0,0,1,1100000
7893390,1,1,1,2,0,1,1,4804166.6667
7848673,1,1,1,2,0,0,0,1788500
7797891,1,1,1,2,0,1,1,13133333.333
7843292,1,1,1,2,0,0,1,800000
7839406,1,1,1,2,0,1,1,3153333.3333
7868133,1,1,1,2,0,0,1,4910000
7848560,1,1,1,2,0,0,1,1025000
7788355,1,1,1,2,0,0,1,778333.33333
7870907,1,1,1,2,1,0,1,2966333.3333
7834798,1,1,1,2,0,0,1,6700000
7837244,1,1,1,2,0,0,1,2800000
7795238,1,1,1,2,0,0,0,1600000
7827999,1,1,1,2,0,0,1,3250000
7900470,1,1,1,2,0,0,1,730000
7844909,1,1,1,2,0,0,0,1100000
7851407,1,1,1,2,0,0,0,2400000
7890819,1,1,1,2,0,0,1,1200000
7894711,1,1,1,2,0,0,1,2616666.6667
7834145,1,1,1,2,0,0,0,3233333.3333
7893920,1,1,1,2,0,0,1,800000
7833005,1,1,1,2,0,0,1,1110000
7840002,1,1,1,2,0,0,1,666666.66667
7811334,1,1,1,2,0,0,0,650000
7854027,1,1,1,2,0,0,1,1100000
7798385,1,1,1,2,0,0,0,750000
7886800,1,1,1,2,0,0,0,4000000
7795459,1,1,1,2,0,0,0,1700000
7848507,1,1,1,2,0,0,1,500000
7893921,1,1,1,2,0,0,1,850000
7822332,1,1,1,2,0,0,0,3100666.6667
7820805,1,1,1,2,0,0,0,5691666.6667
7798535,1,1,1,2,0,0,1,200000
7806011,1,1,1,2,0,0,1,900000
7902097,1,1,1,2,0,1,1,3600000
7813302,1,1,1,2,1,1,1,4858333.3333
7798457,1,1,1,2,0,0,1,800000
7857514,1,1,1,2,0,0,1,3700000
7864426,1,1,1,2,0,0,1,1641666.6667
7898248,1,1,1,2,1,0,0,1860269.6667
7836790,1,1,1,2,1,0,1,6148333.3333
7827681,1,1,1,2,0,0,1,3083333.3333
7797779,1,1,1,2,1,0,1,2490000
7843845,1,1,1,2,1,0,1,1440000
7907850,1,1,1,2,0,0,1,2000000
7840171,1,1,1,2,0,0,1,1383333.3333
7889562,1,1,1,2,0,0,1,400000
7808395,1,1,1,2,0,0,1,900000
7893108,1,1,1,2,0,1,1,3125000
7802061,1,1,1,2,0,0,1,725000
7834244,1,1,1,2,1,0,0,1738000
7890637,1,1,1,2,0,0,0,700000
7850750,1,1,1,2,0,0,1,1213333.3333
7854165,1,1,1,2,0,0,0,1500000
7875986,1,1,1,2,0,0,1,1105000
7890573,1,1,1,2,0,0,1,2400000
7842441,1,1,1,2,0,0,1,5151000
7812073,1,1,1,2,0,0,0,1000000
7805943,1,1,1,2,0,0,0,1000000
7804506,1,1,1,2,0,0,0,2566666.6667
7812367,1,1,1,2,0,1,1,4772344
7844925,1,1,1,2,0,0,1,784000
7862158,1,1,1,2,0,0,1,29266666.667
7851236,1,1,1,2,0,0,1,1766666.6667
7880099,1,1,1,2,0,0,1,1000000
7812114,1,1,1,2,0,0,1,900000
7850249,1,1,1,2,0,0,1,1000000
7850809,1,1,1,2,0,0,0,900000
7828437,1,1,1,2,0,0,1,3000000
7807823,1,1,1,2,0,0,1,1303166.6667
7818963,1,1,1,2,0,0,1,1430000
7821229,1,1,1,2,0,0,1,2183333.3333
7857103,1,1,1,2,0,0,1,1200000
7908210,1,1,1,2,0,0,0,4000000
7861664,1,1,1,2,0,0,1,1633333.3333
7791839,1,1,1,2,1,0,1,21800000
7817900,1,1,1,2,1,0,1,350000
7851849,1,1,1,2,0,0,1,2100000
7816528,1,1,1,2,0,0,1,1985833.3333
7829494,1,1,1,2,0,0,1,2450000
7860240,1,1,1,2,0,0,1,1483666.6667
7883842,1,1,1,2,0,0,1,2754166.6667
7803134,1,1,1,2,1,0,1,466666.66667
7839652,1,1,1,2,0,0,0,1522500
7857148,1,1,1,2,0,0,1,1865000
7860627,1,1,1,2,1,0,1,2262500
7815762,1,1,1,2,0,0,1,633333.33333
7886490,1,1,1,2,0,0,1,1100000
7859231,1,1,1,2,0,0,1,1164166.6667
7907133,1,1,1,2,0,0,1,1000000
7869465,1,1,1,2,1,0,1,6208333.3333
7887353,1,1,1,2,0,1,1,3700000
7822771,1,1,1,2,0,0,1,850000
7858042,1,1,1,2,0,0,1,1000000
7871424,1,1,1,2,0,0,0,1846666.6667
7793335,1,1,1,2,0,0,1,1350000
7866579,1,1,1,2,0,0,1,1000000
7826855,1,1,1,2,0,0,0,196666.66667
7846818,1,1,1,2,0,0,1,950000
7797546,1,1,1,2,0,0,1,1395000
7829482,1,1,1,2,0,0,1,2000000
7792707,1,1,1,2,1,0,1,1625000
7825480,1,1,1,2,0,0,1,2100000
7882746,1,1,1,2,0,0,1,3281250
7789747,1,1,1,2,0,0,1,2258838.6667
7819446,1,1,1,2,0,0,1,1593333.3333
7820155,1,1,1,2,0,0,0,2400000
7819704,1,1,1,2,0,0,1,708333.33333
7884627,2,1,2,2,0,0,1,940000
7881703,1,1,1,2,0,0,1,800000
7789324,1,1,1,2,0,0,0,2816666.6667
7882721,1,1,1,2,0,1,0,1400000
7866868,1,1,1,2,0,1,1,2342500
7863391,1,1,1,2,0,0,1,296666.66667
7880705,1,1,1,2,0,0,1,344166.66667
7808455,1,1,1,2,0,0,1,1263750
7877362,1,1,1,2,0,0,1,621666.66667
7854757,1,1,1,2,0,0,1,450833.33333
7869426,1,1,1,2,0,0,1,650000
7868777,1,1,1,2,0,0,1,2308666.6667
7804060,1,1,1,2,0,0,1,1100000
7891970,1,1,1,2,0,0,0,3930000
7790311,1,1,1,2,0,0,1,1180000
7837819,1,1,1,2,0,0,0,401666.66667
7807752,1,1,1,2,0,0,1,1250000
7856122,1,1,1,2,0,0,1,150000
7843470,1,1,1,2,0,0,1,246666.66667
7791343,1,1,1,2,0,0,1,1000000
7789452,1,1,1,2,1,0,1,1550000
7831142,1,1,1,2,0,0,1,3853110.6667
7891817,1,1,1,2,0,0,1,1015500
7842587,1,1,1,2,0,0,1,1000000
7816360,1,1,1,2,1,1,1,3487500
7812020,1,1,1,2,0,1,1,2450000
7863944,1,1,1,2,0,0,1,1741666.6667
7906767,1,1,1,2,0,0,1,2300000
7880283,1,1,1,2,0,0,0,60000
7849914,1,1,1,2,0,1,1,3092000
7890866,1,1,1,2,0,0,1,300000
7798929,1,1,1,2,1,0,1,2921666.6667
7821710,1,1,1,2,0,0,1,1215000
7795497,1,1,1,2,0,0,1,1750000
7856848,1,1,1,2,0,1,0,1850000
7791080,1,1,1,2,0,0,1,533333.33333
7841344,1,1,1,2,0,0,1,5591666.6667
7838116,1,1,1,2,0,0,1,295000
7901322,1,1,1,2,0,0,1,3200000
7829582,1,1,1,2,0,0,1,170000
7830851,1,1,1,2,0,1,1,4090000
7880304,1,1,1,2,0,0,0,141666.66667
7892499,1,1,1,2,0,0,1,342500
7793060,1,1,1,2,0,0,1,1100000
7857738,1,1,1,2,0,0,1,921666.66667
7794449,1,1,1,2,0,0,1,1850000
7841824,1,1,1,2,0,0,1,2130000
7804837,1,1,1,2,0,0,1,516666.66667
7868579,1,1,1,2,0,0,1,512166.66667
7886553,1,1,1,2,0,0,0,2700000
7842709,1,1,1,2,0,0,1,3320000
7886993,1,1,1,2,0,0,1,3600000
7840639,1,1,1,2,0,0,1,1950000
7857557,1,1,1,2,0,0,1,3350000
7787931,1,1,1,2,0,0,0,550000
7837964,1,1,1,2,0,0,1,1420000
7844655,1,1,1,2,0,0,1,3854166.6667
7801957,1,1,1,2,0,0,1,25800000
7858518,1,1,1,2,1,0,1,1247500
7847627,1,1,1,2,0,0,1,5451666.6667
7859789,1,1,1,2,0,0,1,800000
7807395,1,1,1,2,0,0,1,930000
7868065,1,1,1,2,0,1,1,5683333.3333
7839391,1,1,1,2,0,0,1,1250000
7889610,1,1,1,2,1,0,0,3000000
7863342,1,1,1,2,0,0,1,1075000
7865241,1,1,1,2,0,0,0,1400000
7863712,1,1,1,2,0,0,1,1450000
7828696,1,1,1,2,0,0,1,1815000
7903918,1,1,1,2,0,0,1,2394000
7834064,1,1,1,2,1,0,1,2200000
7852829,1,1,1,2,0,1,1,3255000
7831969,1,1,1,2,0,0,0,2040833.3333
7814788,1,1,1,2,0,0,1,5300000
7856444,1,1,1,2,0,0,1,375000
7809429,1,1,1,2,0,0,1,1456666.6667
7844160,1,1,1,2,0,0,1,2100000
7814499,1,1,1,2,0,1,1,10683333.333
7888959,1,1,1,2,0,1,1,4050000
7829326,1,1,1,2,0,0,1,800000
7874196,1,1,1,2,0,0,1,1580000
7906095,1,1,1,2,0,0,1,90000
7849127,1,1,1,2,0,0,1,4209344
7861445,1,1,1,2,0,0,1,133333.33333
7831495,1,1,1,2,0,0,1,800000
7863326,1,1,1,2,0,0,0,1116666.6667
7839291,1,1,1,2,0,0,1,1387500
7796374,1,1,1,2,0,1,1,1500000
7813510,1,1,1,2,0,0,0,3386666.6667
7843987,1,1,1,2,0,0,1,1442172
7858291,1,1,1,2,0,0,1,2537500
7866119,1,1,1,2,0,0,1,385000
7798233,1,1,1,2,0,0,1,2537500
7796620,1,1,1,2,0,0,1,400000
7832792,1,1,1,2,0,0,0,2500000
7812645,1,1,1,2,0,0,1,2906666.6667
7900388,1,1,1,2,0,0,1,1843333.3333
7860236,1,1,1,2,0,0,1,1157500
7874245,1,1,1,2,1,0,0,1554166.6667
7868638,1,1,1,2,0,0,1,150000
7859435,1,1,1,2,1,0,1,1310000
7827593,1,1,1,2,0,1,1,2740300
7899243,1,1,1,2,0,0,1,2716666.6667
7852806,1,1,1,2,0,0,1,1460833.3333
7839373,1,1,1,2,0,0,1,475000
7871774,1,1,1,2,0,0,0,2300000
7900704,1,1,1,2,0,0,1,3000000
7905205,1,1,1,2,0,1,1,4771250
7889202,1,1,1,2,0,0,1,650000
7904161,1,1,1,2,0,0,1,3466666.6667
7818198,1,1,1,2,0,0,1,2559166.6667
7819997,1,1,1,2,0,0,1,1475000
7908291,1,1,1,2,0,1,1,1900000
7824667,1,1,1,2,1,0,1,1075000
7818372,1,1,1,2,0,0,1,1600000
7897786,1,1,1,2,0,0,1,1506166.6667
7888368,1,1,1,2,0,0,1,1200000
7818504,1,1,1,2,0,0,1,66666.666667
7830044,1,1,1,2,0,0,1,234250
7848923,1,1,1,2,0,0,1,476000
7789979,1,1,1,2,0,0,1,300000
7904328,1,1,1,2,0,0,1,150000
7889852,1,1,1,2,0,0,1,1103333.3333
7860593,1,1,1,2,0,0,1,1400000
7883174,1,1,1,2,0,0,1,562500
7856700,1,1,1,2,0,0,1,4350000
7827937,1,1,1,2,0,0,1,1465000
7825623,1,1,1,2,0,0,1,2385000
7862723,1,1,1,2,0,1,1,3400000
7882041,1,1,1,2,0,1,1,15000000
7890626,1,1,1,2,0,0,0,1100000
7838607,1,1,1,2,0,0,0,800000
7796857,1,1,1,2,0,0,1,3716666.6667
7833605,1,1,1,2,1,0,1,1375000
7852978,1,1,1,2,0,0,1,22451666.667
7902856,1,1,1,2,0,0,1,290000
7864907,1,1,1,2,0,0,1,1090000
7888219,1,1,1,2,0,0,1,1580000
7883861,1,1,1,2,0,0,1,980000
7849140,1,1,1,2,0,0,1,2000000
7875227,1,1,1,2,0,0,1,1900000
7859138,1,1,1,2,0,1,0,2116666.6667
7875238,1,1,1,2,0,0,1,2430000
7803031,1,1,1,2,1,0,1,1316666.6667
7846211,1,1,1,2,0,0,1,900000
7890869,1,1,1,2,0,0,1,900000
7885379,1,1,1,2,0,1,1,3234000
7896106,1,1,1,2,0,0,1,850000
7843829,1,1,1,2,0,0,1,708333.33333
7817244,1,1,1,2,1,0,1,1541666.6667
7888640,1,1,1,2,0,0,1,3625000
7902757,1,1,1,2,0,0,1,2700000
7820290,1,1,1,2,1,0,1,1600000
7793837,1,1,1,2,0,0,1,2172500
7821695,1,1,1,2,0,0,1,1178333.3333
7903974,1,1,1,2,0,0,0,100000
7850437,1,1,1,2,0,0,0,800000
7833944,1,1,1,2,0,0,1,900000
7884642,1,1,1,2,0,0,1,2300000
7890184,1,1,1,2,0,0,1,870000
7809199,1,1,1,2,0,0,1,2140000
7894939,1,1,1,2,0,0,1,1000000
7838250,1,1,1,2,1,0,1,2000000
7825370,1,1,1,2,0,0,1,2650000
7813556,1,1,1,2,0,0,0,3200000
7829351,1,1,1,2,0,0,1,2446666.6667
7864699,1,1,1,2,0,0,1,100000
7806811,1,1,1,2,1,0,1,125000
7894251,1,1,1,2,0,0,1,366666.66667
7901235,1,1,1,2,0,0,1,1200000
7885272,1,1,1,2,0,0,0,2041666.6667
7830213,1,1,1,2,1,0,1,1831666.6667
7861506,1,1,1,2,0,0,1,2000000
7899977,1,1,1,2,0,0,1,800000
7805512,1,1,1,2,0,0,1,250000
7789508,1,1,1,2,0,0,1,536666.66667
7825621,1,1,1,2,0,0,0,3000000
7847093,1,1,1,2,0,0,1,1810000
7900636,1,1,1,2,0,0,1,1345000
7805581,1,1,1,2,0,0,1,1725000
7896812,1,1,1,2,0,0,1,1641666.6667
7840214,1,1,1,2,1,0,1,1835000
7869729,1,1,1,2,1,0,1,200000
7901146,1,1,1,2,0,0,1,3958333.3333
7823537,1,1,1,2,0,0,1,1866666.6667
7830573,1,1,1,2,0,0,1,1871666.6667
7882157,1,1,1,2,0,1,0,650000
7798710,1,1,1,2,0,0,1,1200000
7866083,1,1,1,2,0,0,0,200000
7797244,1,1,1,2,1,0,0,800000
7839059,1,1,1,2,0,1,1,12000000
7816005,1,1,1,2,0,0,1,600000
7797889,1,1,1,2,0,0,1,500000
7790617,1,1,1,2,0,0,1,2000000
7804130,1,1,1,2,0,0,1,4580666.6667
7862127,1,1,1,2,0,0,1,1155000
7796577,1,1,1,2,0,0,0,1800000
7857562,1,1,1,2,0,1,1,1594166.6667
7830107,1,1,1,2,0,0,1,1158333.3333
7881062,1,1,1,2,0,0,1,813333.33333
7844856,1,1,1,2,0,0,1,287500
7872268,1,1,1,2,0,0,1,1545000
7884711,1,1,1,2,0,0,1,1030000
7895478,1,1,1,2,0,0,1,1736666.6667
7832008,1,1,1,2,0,0,1,150000
7818659,1,1,1,2,0,0,1,1605000
7896485,1,1,1,2,0,0,1,575000
7837967,1,1,1,2,0,0,1,1380000
7808356,1,1,1,2,0,0,1,1060000
7804507,1,1,1,2,0,0,1,2335000
7873029,1,1,1,2,0,0,1,1350000
7826770,1,1,1,2,1,0,0,1932500
7861509,1,1,1,2,0,0,1,900000
7828063,1,1,1,2,0,0,1,1500000
7797192,1,1,1,2,0,0,0,2167170
7840073,1,1,1,2,0,0,1,2013666.6667
7891895,1,1,1,2,0,0,1,1617000
7842164,1,1,1,2,0,0,1,1391666.6667
7859139,1,1,1,2,0,0,1,1410000
7861152,1,1,1,2,1,0,1,2100000
7836793,1,1,1,2,0,0,1,1605500
7838127,1,1,1,2,0,0,1,234666.66667
7833664,1,1,1,2,0,0,1,765000
7813751,1,1,1,2,0,0,1,1720000
7824328,1,1,1,2,0,0,1,480000
7825673,1,1,1,2,1,1,1,4800000
7828278,1,1,1,2,1,1,0,7854166.6667
7900883,1,1,1,2,0,0,1,1200000
7799041,1,1,1,2,0,0,1,1433333.3333
7907795,1,1,1,2,0,0,1,1000000
7795496,1,1,1,2,0,0,1,870000
7862783,1,1,1,2,0,0,1,1900000
7875408,1,1,1,2,0,0,1,550000
7855375,1,1,1,2,0,0,1,1925000
7824190,1,1,1,2,0,0,1,6643333.3333
7886940,1,1,1,2,0,0,1,4098333.3333
7901922,1,1,1,2,0,0,1,146666.66667
7788413,1,1,1,2,0,0,0,2150000
7850391,1,1,1,2,0,0,1,3003333.3333
7803917,1,1,1,2,0,0,1,1210000
7886804,1,1,1,2,0,0,1,1930000
7855202,1,1,1,2,1,0,1,1800000
7806946,1,1,1,2,0,0,1,2200000
7863628,1,1,1,2,0,0,0,1990000
7851655,1,1,1,2,0,0,1,935000
7851177,1,1,1,2,0,0,0,3550000
7818041,1,1,1,2,0,0,1,1250000
7837901,1,1,1,2,0,0,1,800000
7877476,1,1,1,2,0,0,1,688666.66667
7863747,1,1,1,2,0,0,1,3185000
7884341,1,1,1,2,0,0,1,900000
7807542,1,1,1,2,1,1,1,4333333.3333
7848643,1,1,1,2,0,0,1,2080000
7850903,1,1,1,2,0,0,1,1900000
7792233,1,1,1,2,0,0,1,1445000
7867032,1,1,1,2,0,0,1,662500
7851561,1,1,1,2,0,0,1,3450000
7888277,1,1,1,2,0,0,1,4700000
7889955,1,1,1,2,0,0,1,1500000
7827284,1,1,1,2,0,0,1,2800000
7830687,1,1,1,2,0,0,1,1000000
7831418,1,1,1,2,0,0,1,1583333.3333
7842061,1,1,1,2,0,0,1,882000
7803713,1,1,1,2,0,0,1,1430000
7879567,1,1,1,2,0,0,1,2990000
7851538,1,1,1,2,0,0,1,1200000
7891572,1,1,1,2,0,0,1,942500
7849379,1,1,1,2,0,0,1,3075000
7856698,1,1,1,2,0,0,1,2700000
7804771,1,1,1,2,0,0,1,1250000
7854593,1,1,1,2,0,0,1,600000
7888803,1,1,1,2,0,0,1,3040000
7847489,1,1,1,2,0,0,1,1200505.3333
7900769,1,1,1,2,0,0,1,1517172
7867049,1,1,1,2,0,1,1,3196666.6667
7864211,1,1,1,2,0,0,1,1000000
7826575,1,1,1,2,0,0,0,2040000
7888720,1,1,1,2,0,1,1,4337000
7871474,1,1,1,2,0,0,1,1400000
7848018,1,1,1,2,0,0,1,414166.66667
7897511,1,1,1,2,0,0,0,533333.33333
7827398,1,1,1,2,0,0,1,1325000
7823238,1,1,1,2,0,0,0,3233333.3333
7821619,1,1,1,2,0,0,1,2200000
7845228,1,1,1,2,0,0,1,2651000
7877825,1,1,1,2,0,0,1,3045000
7842663,1,1,1,2,0,0,1,1393333.3333
7859484,1,1,1,2,0,0,1,2000000
7795647,1,1,1,2,0,0,1,7600000
7886061,1,1,1,2,0,0,1,250000
7880984,1,1,1,2,0,0,1,1900000
7908433,1,1,1,2,0,0,1,987500
7806766,1,1,1,2,1,0,1,3566666.6667
7868596,1,1,1,2,0,0,1,1640000
7857847,1,1,1,2,0,0,1,2000000
7843222,1,1,1,2,0,1,1,1983333.3333
7795180,1,1,1,2,0,1,1,6769166.6667
7872875,1,1,1,2,0,0,1,4893000
7828765,1,1,1,2,1,0,1,352500
7847558,1,1,1,2,1,0,1,2975000
7830004,1,1,1,2,0,0,1,1158666.6667
7858852,1,1,1,2,0,1,1,4316666.6667
7832816,1,1,1,2,0,0,1,2754000
7861950,1,1,1,2,0,1,1,7735000
7881671,1,1,1,2,0,0,1,250000
7795712,1,1,1,2,0,0,1,3300000
7884237,1,1,1,2,0,0,1,850000
7908184,1,1,1,2,1,0,1,2850000
7874151,1,1,1,2,0,1,1,3492500
7853799,1,1,1,2,0,0,1,820000
7825301,1,1,1,2,0,0,1,2490000
7881229,1,1,1,2,0,1,1,3450000
7886606,1,1,1,2,0,0,0,1079166.6667
7876580,1,1,1,2,0,0,1,9300000
7853625,1,1,1,2,0,1,1,1500000
7801917,1,1,1,2,1,0,1,1200000
7868193,1,1,1,2,0,0,1,1960000
7848956,1,1,1,2,1,0,1,7218333.3333
7827267,1,1,1,2,0,0,1,2566666.6667
7816564,1,1,1,2,0,0,0,5123333.3333
7876877,1,1,1,2,1,0,1,2142901.3333
7896187,1,1,1,2,0,0,1,1520000
7811611,1,1,1,2,0,0,1,1450000
7831078,1,1,1,2,0,0,1,1100000
7853266,1,1,1,2,0,1,1,6333333.3333
7834512,1,1,1,2,1,0,1,5300000
7834830,1,1,1,2,0,0,1,1250000
7788562,1,1,1,2,0,0,0,1250000
7840329,1,1,1,2,0,0,1,367500
7806642,1,1,1,2,1,0,0,6747500
7821868,1,1,1,2,0,0,0,3000000
7840720,1,1,1,2,0,1,1,2903333.3333
7838051,1,1,1,2,0,0,1,500000
7827370,1,1,1,2,0,0,1,1000000
7849685,1,1,1,2,0,0,0,2500000
7900187,1,1,1,2,0,0,1,1980000
7859719,1,1,1,2,0,0,1,2363333.3333
7827276,1,1,1,2,0,0,1,1000000
7894700,1,1,1,2,0,0,1,400000
7853970,1,1,1,2,0,0,1,200000
7888471,1,1,1,2,0,0,1,975000
7792102,1,1,1,2,0,0,1,1005000
7817061,1,1,1,2,0,0,0,3252500
7901444,1,1,1,2,0,0,1,6544166.6667
7827704,1,1,1,2,0,0,1,7000000
7803322,1,1,1,2,0,0,1,950000
7823349,1,1,1,2,0,0,1,3220000
7903178,1,1,1,2,0,0,1,1645000
7900346,1,1,1,2,0,0,1,850000
7904786,1,1,1,2,0,0,1,1000000
7804704,1,1,1,2,0,0,1,1044166.6667
7828983,1,1,1,2,0,1,1,1761666.6667
7877391,1,1,1,2,0,0,1,52910000
7803544,1,1,1,2,0,0,1,131666.66667
7883568,1,1,1,2,0,0,0,1785000
7859196,1,1,1,2,0,0,1,1100000
7833502,1,1,1,2,0,0,1,2325000
7837674,1,1,1,2,1,0,1,1351666.6667
7893994,1,1,1,2,1,1,1,3700000
7826470,1,1,1,2,0,0,1,1676666.6667
7843116,1,1,1,2,0,0,1,1712000
7815702,1,1,1,2,0,0,1,3700000
7858218,1,1,1,2,0,0,1,1200000
7788567,1,1,1,2,0,0,1,1600000
7855294,1,1,1,2,0,0,0,2200000
7828379,1,1,1,2,0,0,1,1700000
7824050,1,1,1,2,0,0,1,3331666.6667
7792849,1,1,1,2,0,0,0,2200000
7851904,1,1,1,2,0,0,1,610000
7841452,1,1,1,2,0,0,0,3395000
7823381,1,1,1,2,1,0,1,1700000
7904838,1,1,1,2,0,0,1,3653166.6667
7886926,1,1,1,2,0,0,1,1600000
7900063,1,1,1,2,0,0,1,790000
7812679,1,1,1,2,0,0,1,1200000
7795115,1,1,1,2,1,0,1,1158333.3333
7885666,1,1,1,2,0,1,1,3000000
7903433,1,1,1,2,0,0,1,1100000
7833012,1,1,1,2,0,0,1,9800000
7788833,1,1,1,2,0,0,0,1233333.3333
7809480,1,1,1,2,0,1,1,5767666.6667
7815366,1,1,1,2,1,0,1,406666.66667
7829599,1,1,1,2,0,0,0,4932500
7829472,1,1,1,2,1,0,1,1700000
7798034,1,1,1,2,0,0,1,840000
7888641,1,1,1,2,0,0,1,2366666.6667
7874249,1,1,1,2,0,0,1,2666666.6667
7826262,1,1,1,2,0,0,1,2133333.3333
7897850,1,1,1,2,0,0,1,850000
7867700,1,1,1,2,0,0,1,1551666.6667
7870918,1,1,1,2,0,0,1,6951666.6667
7881979,1,1,1,2,1,0,1,1300000
7895945,1,1,1,2,0,0,1,1100000
7870499,1,1,1,2,0,0,1,367500
7794946,1,1,1,2,0,0,1,216666.66667
7792495,1,1,1,2,0,0,1,3600000
7897317,1,1,1,2,0,0,1,420000
7857000,1,1,1,2,0,0,1,2100000
7831614,1,1,1,2,0,0,1,5415000
7885475,1,1,1,2,0,0,0,750000
7835843,1,1,1,2,0,0,1,1500000
7897883,1,1,1,2,1,0,1,531666.66667
7804801,1,1,1,2,0,0,1,4675000
7793722,1,1,1,2,0,1,1,4135666.6667
7832166,1,1,1,2,0,0,1,1100000
7876669,1,1,1,2,0,0,1,3190000
7838272,1,1,1,2,1,1,1,2491666.6667
7877850,1,1,1,2,0,1,1,1216666.6667
7802160,1,1,1,2,0,0,1,1250000
7854363,1,1,1,2,0,0,1,2600000
7827521,1,1,1,2,0,0,1,2023333.3333
7882670,1,1,1,2,0,0,0,1000000
7804278,1,1,1,2,0,0,0,1216666.6667
7841181,1,1,1,2,0,1,1,1900000
7881978,1,1,1,2,0,0,1,1858333.3333
7790490,1,1,1,2,0,0,1,820000
7889772,1,1,1,2,0,0,1,350000
7884503,1,1,1,2,0,0,1,800000
7841404,1,1,1,2,0,0,1,1100000
7846357,1,1,1,2,0,0,1,591666.66667
7895304,1,1,1,2,0,0,1,2597333.3333
7796209,1,1,1,2,0,0,1,970000
7795969,1,1,1,2,0,0,1,1288333.3333
7821245,1,1,1,2,0,0,0,1391666.6667
7803033,1,1,1,2,0,1,0,2250000
7888116,1,1,1,2,0,0,1,2455000
7826759,1,1,1,2,0,1,1,7185333.3333
7788017,1,1,1,2,1,0,1,1100000
7827846,1,1,1,2,0,0,1,1712500
7791136,1,1,1,2,0,1,1,23500000
7803955,1,1,1,2,0,0,1,3533333.3333
7879873,1,1,1,2,0,0,1,2308333.3333
7862293,1,1,1,2,0,0,0,1771666.6667
7892912,1,1,1,2,0,0,1,1045000
7867874,1,1,1,2,0,0,1,800000
7869622,1,1,1,2,0,0,1,2041666.6667
7832105,1,1,1,2,0,0,1,2400000
7904741,1,1,1,2,0,0,1,2906666.6667
7885652,1,1,1,2,0,0,1,2212500
7812774,1,1,1,2,0,0,1,600000
7902423,1,1,1,2,0,0,1,5774344
7836707,1,1,1,2,1,0,0,1300000
7844150,1,1,1,2,0,0,1,1590000
7848944,1,1,1,2,1,0,1,637500
7795662,1,1,1,2,0,0,0,20538333.333
7804389,1,1,1,2,0,1,1,2600000
7888852,1,1,1,2,0,1,1,4595333.3333
7796418,1,1,1,2,0,0,1,500000
7831623,1,1,1,2,0,0,1,1425000
7889035,1,1,1,2,0,0,1,1150000
7798107,1,1,1,2,0,0,1,1200672
7826681,1,1,1,2,0,0,0,1300000
7790519,1,1,1,2,0,0,1,3406000
7853193,1,1,1,2,0,0,1,3566666.6667
7853155,1,1,1,2,0,0,1,500000
7791601,1,1,1,2,0,0,1,15250000
7809524,1,1,1,2,0,0,1,1480000
7875835,1,1,1,2,1,0,1,1022000
7897421,1,1,1,2,0,0,1,657000
7803862,1,1,1,2,0,0,1,1683333.3333
7856705,1,1,1,2,0,0,1,885000
7892196,1,1,1,2,0,0,0,1490000
7804677,1,1,1,2,0,0,1,3760333.3333
7829105,1,1,1,2,1,0,1,1880000
7904135,1,1,1,2,1,1,1,2617000
7902517,1,1,1,2,0,0,1,1950000
7861324,1,1,1,2,1,1,0,4880000
7849304,1,1,1,2,0,0,1,280000
7860420,1,1,1,2,0,0,1,260000
7803597,1,1,1,2,0,0,1,809166.66667
7896300,1,1,1,2,0,0,1,3484666.6667
7882730,1,1,1,2,0,0,0,1450000
7807666,1,1,1,2,0,0,0,1100000
7868707,1,1,1,2,0,0,0,2967000
7845402,1,1,1,2,0,0,1,3500000
7813798,1,1,1,2,0,0,1,1025000
7909541,1,1,1,2,0,0,1,2483333.3333
7825842,1,1,1,2,0,0,1,1706666.6667
7807322,1,1,1,2,0,0,1,1271666.6667
7857599,1,1,1,2,0,0,1,2066666.6667
7864440,1,1,1,2,0,0,1,1191666.6667
7792195,1,1,1,2,0,0,1,329166.66667
7846928,1,1,1,2,0,0,1,1300000
7855530,1,1,1,2,0,0,1,1558333.3333
7843436,1,1,1,2,0,0,1,1370500
7819741,1,1,1,2,0,0,1,1266666.6667
7873803,1,1,1,2,0,0,1,240000
7857903,1,1,1,2,0,0,1,660000
7848259,1,1,1,2,0,0,1,1600000
7831921,1,1,1,2,1,1,1,5000000
7818319,1,1,1,2,0,0,0,2033666.6667
7848522,1,1,1,2,0,0,1,1717000
7881404,1,1,1,2,0,0,1,2400000
7846752,1,1,1,2,0,0,0,1546666.6667
7846728,1,1,1,2,1,0,1,4762500
7894641,1,1,1,2,0,0,1,817666.66667
7837479,1,1,1,2,0,0,1,900000
7814660,1,1,1,2,1,0,0,1700000
7888705,1,1,1,2,0,1,1,8166666.6667
7806427,1,1,1,2,0,0,0,3300000
7814582,1,1,1,2,0,0,1,808333.33333
7838079,1,1,1,2,0,0,1,90000
7812087,1,1,1,2,0,0,1,2275000
7851525,1,1,1,2,0,0,1,350000
7851620,1,1,1,2,0,0,1,2029166.6667
7827456,1,1,1,2,0,0,1,3500000
7796946,2,1,2,2,0,0,0,1508666.6667
7876254,1,1,1,2,0,0,0,1133333.3333
7827005,1,1,1,2,0,0,1,650000
7840461,1,1,1,2,0,0,1,1458333.3333
7901006,1,1,1,2,0,0,1,3275000
7895368,1,1,1,2,0,0,1,4325000
7796370,1,1,1,2,0,0,1,3300000
7832289,1,1,1,2,0,0,1,3200000
7853890,1,1,1,2,0,0,0,2108333.3333
7806519,1,1,1,2,0,0,1,900000
7838205,1,1,1,2,1,0,1,2100000
7796579,1,1,1,2,0,0,0,2166666.6667
7906441,1,1,1,2,0,0,1,1365833.3333
7897948,1,1,1,2,0,0,1,1000000
7798460,1,1,1,2,0,0,1,2115000
7858461,1,1,1,2,0,0,0,2025000
7859323,1,1,1,2,0,0,1,771666.66667
7886681,1,1,1,2,0,0,1,80000
7893605,1,1,1,2,0,0,1,1190000
7826628,1,1,1,2,0,0,0,2750000
7862687,1,1,1,2,0,0,1,488333.33333
7824779,1,1,1,2,0,0,1,1600000
7893868,1,1,1,2,0,0,1,3750000
7820471,1,1,1,2,0,0,1,2700000
7842024,1,1,1,2,1,0,1,3140000
7849433,1,1,1,2,0,1,1,3250000
7842122,1,1,1,2,0,0,1,11413333.333
7842913,1,1,1,2,0,0,0,9703333.3333
7902285,1,1,1,2,0,0,1,4876010.6667
7819440,1,1,1,2,0,0,1,1267000
7837666,1,1,1,2,0,0,1,950000
7855816,1,1,1,2,0,0,1,800000
7798051,1,1,1,2,0,0,1,2000000
7887672,1,1,1,2,0,0,0,1900000
7860219,1,1,1,2,0,0,1,1170833.3333
7795278,1,1,1,2,0,0,1,150000
7836586,1,1,1,2,0,0,0,1000000
7816393,1,1,1,2,0,0,1,2100000
7908472,1,1,1,2,0,0,1,922500
7832267,1,1,1,2,0,0,1,1110000
7899137,1,1,1,2,0,0,0,1050000
7848306,1,1,1,2,0,1,1,3000000
7885835,1,1,1,2,1,0,0,4800000
7892518,1,1,1,2,1,0,1,3583333.3333
7799024,1,1,1,2,0,0,1,1000000
7905336,1,1,1,2,0,0,1,1858838.6667
7826240,1,1,1,2,0,1,1,4037500
7789842,1,1,1,2,0,0,1,1133333.3333
7790607,1,1,1,2,0,1,1,2950000
7856402,1,1,1,2,0,1,0,6987500
7822309,1,1,1,2,1,1,0,19518333.333
7887738,1,1,1,2,0,0,1,620000
7908526,1,1,1,2,0,0,1,400000
7831618,1,1,1,2,0,0,1,1400000
7844451,1,1,1,2,0,0,0,116666.66667
7803451,1,1,1,2,0,0,0,1000000
7804907,1,1,1,2,0,0,1,200000
7897990,1,1,1,2,0,0,1,2317500
7891101,1,1,1,2,0,0,1,2100000
7880620,1,1,1,2,0,0,1,707500
7830406,1,1,1,2,0,0,1,2526666.6667
7838595,1,1,1,2,0,0,1,900000
7868696,1,1,1,2,0,0,1,450000
7824234,1,1,1,2,0,0,1,938333.33333
7814452,1,1,1,2,0,0,1,1700000
7900811,1,1,1,2,0,0,1,1100000
7900751,1,1,1,2,0,1,1,1500000
7843897,1,1,1,2,0,0,1,2020833.3333
7793980,1,1,1,2,0,0,1,4425000
7850021,1,1,1,2,0,0,1,3200000
7811856,1,1,1,2,0,0,0,3600000
7872285,1,1,1,2,1,0,0,5342000
7792141,1,1,1,2,0,0,1,3783333.3333
7873444,1,1,1,2,0,0,1,3765000
7843381,1,1,1,2,0,0,1,1350000
7816275,1,1,1,2,0,0,1,1530000
7840932,1,1,1,2,0,0,1,8075000
7813958,1,1,1,2,0,0,1,660000
7809014,1,1,1,2,0,0,1,1685000
7874866,1,1,1,2,0,0,1,310000
7857130,1,1,1,2,0,0,1,1405166.6667
7841167,1,1,1,2,0,0,0,5000000
7788853,1,1,1,2,0,0,1,500000
7847117,1,1,1,2,0,1,1,7442633.3333
7790368,1,1,1,2,0,0,1,1300000
7903844,1,1,1,2,0,1,1,31402500
7881909,1,1,1,2,0,0,1,1522500
7830707,1,1,1,2,0,0,1,691666.66667
7836136,1,1,1,2,0,0,1,2033333.3333
7907399,1,1,1,2,1,0,1,2025000
7791193,1,1,1,2,0,1,1,2717172
7864067,1,1,1,2,1,0,1,940000
7904438,1,1,1,2,0,0,1,800000
7877360,1,1,1,2,0,0,1,258333.33333
7849367,1,1,1,2,0,0,1,1450000
7877600,1,1,1,2,0,0,0,800000
7796841,1,1,1,2,0,0,1,1580000
7823217,1,1,1,2,1,1,1,1166666.6667
7904258,1,1,1,2,0,0,0,1056666.6667
7864490,1,1,1,2,0,0,0,4139160
7900457,1,1,1,2,0,0,1,850000
7793180,1,1,1,2,1,0,1,1050000
7831910,1,1,1,2,0,0,0,1180000
7813910,1,1,1,2,0,0,1,650000
7871013,1,1,1,2,0,0,1,1200000
7880710,1,1,1,2,0,1,1,2000000
7807129,1,1,1,2,0,0,1,825000
7883869,1,1,1,2,0,0,0,3833333.3333
7828152,1,1,1,2,0,0,1,675000
7807811,1,1,1,2,1,0,1,816666.66667
7823266,1,1,1,2,0,0,1,370000
7881762,1,1,1,2,0,0,1,380000
7812661,1,1,1,2,0,0,1,700000
7904637,1,1,1,2,0,1,0,4420333.3333
7827229,1,1,1,2,0,0,1,1695000
7808587,1,1,1,2,0,0,1,5621666.6667
7802109,1,1,1,2,0,0,1,1435000
7836172,1,1,1,2,1,1,0,14050000
7811603,1,1,1,2,0,0,1,696666.66667
7863960,1,1,1,2,0,0,1,2212500
7845465,1,1,1,2,0,0,1,1137500
7856092,1,1,1,2,0,0,1,903000
7893135,1,1,1,2,0,0,1,3883333.3333
7858471,1,1,1,2,0,0,1,1858333.3333
7792230,1,1,1,2,0,0,1,18800000
7859055,1,1,1,2,0,0,1,1200000
7792020,1,1,1,2,0,0,0,141666.66667
7819330,1,1,1,2,0,0,1,1330000
7884124,1,1,1,2,0,0,1,2300000
7815803,1,1,1,2,0,0,1,5321166.6667
7893724,1,1,1,2,0,0,1,638333.33333
7872480,1,1,1,2,0,0,1,1187000
7802173,1,1,1,2,0,0,0,2575666.6667
7835236,1,1,1,2,0,0,0,1535000
7815908,1,1,1,2,0,1,1,3500000
7804206,1,1,1,2,0,0,1,1627833.3333
7889801,1,1,1,2,0,1,1,4825000
7852136,1,1,1,2,1,0,1,2225000
7854823,1,1,1,2,0,0,1,550000
7803888,1,1,1,2,0,1,1,10300000
7841432,1,1,1,2,0,0,1,1183333.3333
7862229,1,1,1,2,0,0,1,790000
7812107,1,1,1,2,0,1,1,2210000
7828571,1,1,1,2,0,0,0,350000
7855859,1,1,1,2,0,0,1,1517000
7850601,1,1,1,2,0,0,1,1079166.6667
7860759,1,1,1,2,0,0,1,250000
7842829,1,1,1,2,1,1,1,5291666.6667
7807389,1,1,1,2,0,0,1,1600000
7822649,1,1,1,2,0,0,1,1550833.3333
7840929,1,1,1,2,0,1,1,7547750
7862402,1,1,1,2,0,0,1,1850000
7826517,1,1,1,2,0,0,1,3729671
7891554,1,1,1,2,1,0,1,2205000
7823384,1,1,1,2,1,0,1,318333.33333
7831579,1,1,1,2,0,0,1,2180000
7830553,1,1,1,2,0,0,1,1100000
7804563,1,1,1,2,0,0,0,1050000
7887933,1,1,1,2,0,0,1,191666.66667
7866728,1,1,1,2,0,0,1,1400000
7886316,1,1,1,2,0,0,1,1000000
7883170,1,1,1,2,1,0,1,690500
7816968,1,1,1,2,0,0,1,600000
7862846,1,1,1,2,0,0,1,2500000
7861825,1,1,1,2,0,0,1,700000
7821116,1,1,1,2,0,0,1,263333.33333
7883559,1,1,1,2,0,0,1,800000
7838301,1,1,1,2,0,0,1,1175000
7788229,1,1,1,2,0,0,1,450000
7840846,1,1,1,2,0,0,1,1200000
7827590,1,1,1,2,0,0,1,1061666.6667
7873485,1,1,1,2,0,0,0,1800000
7804820,1,1,1,2,0,0,1,500000
7822562,1,1,1,2,1,0,0,1600000
7836921,1,1,1,2,0,0,1,2210000
7820955,1,1,1,2,0,0,0,1000000
7845470,1,1,1,2,0,0,0,3500000
7821807,1,1,1,2,0,0,1,2655000
7824385,1,1,1,2,0,1,0,916666.66667
7859204,1,1,1,2,0,0,1,1300000
7845096,1,1,1,2,0,0,1,2422666.6667
7840044,1,1,1,2,0,0,1,605000
7876584,1,1,1,2,0,0,1,2504166.6667
7852873,1,1,1,2,0,0,1,300000
7825323,1,1,1,2,1,0,1,3550000
7829511,1,1,1,2,0,0,1,731250
7904068,1,1,1,2,1,0,1,950000
7871773,1,1,1,2,0,0,1,931000
7830233,1,1,1,2,0,0,1,533750
7900985,1,1,1,2,0,0,1,1628000
7822859,1,1,1,2,0,1,1,2058333.3333
7815434,1,1,1,2,0,0,1,1000000
7905584,1,1,1,2,0,0,0,2720000
7801776,1,1,1,2,0,1,1,1950000
7872249,1,1,1,2,0,0,1,2816666.6667
7853988,1,1,1,2,0,0,1,1000000
7886810,1,1,1,2,0,0,1,950000
7864806,1,1,1,2,0,0,0,835000
7884015,1,1,1,2,0,0,1,595000
7900824,1,1,1,2,0,0,1,2415000
7822969,1,1,1,2,0,0,1,1313333.3333
7887737,1,1,1,2,0,0,1,1620000
7833716,1,1,1,2,0,0,1,580000
7848929,1,1,1,2,0,0,0,3600000
7793528,1,1,1,2,1,1,1,3500000
7891990,1,1,1,2,0,0,1,2400000
7863200,1,1,1,2,0,0,1,915000
7820788,1,1,1,2,0,0,1,4395000
7820809,1,1,1,2,0,0,1,1917117
7887243,1,1,1,2,0,1,0,6800000
7897639,1,1,1,2,0,0,1,1200000
7878365,1,1,1,2,0,0,1,4158333.3333
7833480,1,1,1,2,0,0,1,1100000
7821818,1,1,1,2,0,0,1,1210000
7863010,1,1,1,2,0,0,1,2000000
7838044,1,1,1,2,0,0,1,1100000
7824547,1,1,1,2,0,0,1,710000
7879149,1,1,1,2,0,0,1,1033333.3333
7825083,1,1,1,2,0,0,1,949166.66667
7867004,1,1,1,2,0,0,1,1800000
7811730,1,1,1,2,0,0,1,1504166.6667
7827719,1,1,1,2,0,0,1,800000
7790909,1,1,1,2,0,0,1,1190000
7808515,1,1,1,2,0,0,1,1355000
7789756,1,1,1,2,0,0,1,410000
7908560,1,1,1,2,0,0,1,650000
7869162,1,1,1,2,0,1,0,1286666.6667
7888289,1,1,1,2,0,0,1,1666666.6667
7900103,1,1,1,2,0,0,1,550000
7906512,1,1,1,2,0,0,1,798333.33333
7897994,1,1,1,2,0,1,1,1300000
7837041,3,1,3,2,0,0,1,2265000
7868083,1,1,1,2,0,0,0,800000
7811768,1,1,1,2,0,0,1,550000
7803686,1,1,1,2,0,0,1,1408333.3333
7790199,1,1,1,2,0,0,1,420000
7868545,1,1,1,2,0,1,1,1550000
7812340,1,1,1,2,0,0,1,5130000
7879059,1,1,1,2,0,0,1,350000
7792942,1,1,1,2,0,0,0,591250
7904106,1,1,1,2,0,0,1,5556666.6667
7819006,1,1,1,2,0,0,1,1440000
7835094,1,1,1,2,0,0,1,3050000
7829417,1,1,1,2,0,1,1,9658333.3333
7805249,1,1,1,2,0,1,1,2433333.3333
7880164,1,1,1,2,0,0,1,1257500
7806973,1,1,1,2,1,0,1,2500000
7876279,1,1,1,2,0,0,1,2700000
7883121,1,1,1,2,0,0,1,10505000
7894138,1,1,1,2,0,0,1,960000
7814029,1,1,1,2,0,0,1,799166.66667
7906725,1,1,1,2,0,0,1,1500000
7845911,1,1,1,2,0,0,0,5100000
7793732,1,1,1,2,0,1,1,6233333.3333
7804716,1,1,1,2,1,1,1,2900000
7908952,1,1,1,2,0,0,1,1100000
7904654,1,1,1,2,0,0,1,2829000
7899990,1,1,1,2,0,0,0,800000
7855575,1,1,1,2,0,0,1,2605000
7843849,1,1,1,2,0,0,1,400000
7851502,1,1,1,2,1,0,1,2833333.3333
7844364,1,1,1,2,0,1,1,3604166.6667
7838328,1,1,1,2,0,1,0,4256666.6667
7827735,1,1,1,2,0,0,1,1778333.3333
7837855,1,1,1,2,0,0,1,3666666.6667
7893096,1,1,1,2,0,0,1,2430000
7872157,1,1,1,2,0,0,0,1930000
7848743,1,1,1,2,0,0,1,1041666.6667
7823201,1,1,1,2,0,0,1,2422500
7878197,1,1,1,2,0,0,1,1830000
7818398,1,1,1,2,0,0,1,210000
7857313,1,1,1,2,0,0,1,558333.33333
7902787,1,1,1,2,0,0,1,1987500
7801738,1,1,1,2,0,0,1,400000
7852761,1,1,1,2,0,1,0,10370000
7818858,1,1,1,2,0,1,1,5770833.3333
7796180,1,1,1,2,0,0,1,1179166.6667
7812769,1,1,1,2,0,0,0,1000000
7799074,1,1,1,2,1,1,1,4966666.6667
7807892,1,1,1,2,1,1,1,5416666.6667
7873955,1,1,1,2,0,0,1,376666.66667
7794878,1,1,1,2,0,0,1,1750000
7839728,1,1,1,2,0,0,1,1018333.3333
7834656,1,1,1,2,0,0,1,556666.66667
7873043,1,1,1,2,0,0,1,1395000
7895249,1,1,1,2,0,0,1,2800000
7899996,1,1,1,2,1,0,1,10000000
7849332,1,1,1,2,0,0,1,2011666.6667
7895948,1,1,1,2,0,0,1,1640000
7860539,1,1,1,2,0,0,1,362500
7884292,1,1,1,2,1,1,1,11018398.167
7823311,1,1,1,2,0,0,1,1675000
7853324,1,1,1,2,0,0,0,2450000
7893224,1,1,1,2,0,0,1,685000
7821474,1,1,1,2,0,0,1,1050000
7813107,1,1,1,2,0,0,1,830000
7909241,1,1,1,2,0,0,1,1100000
7896410,1,1,1,2,0,0,1,850000
7902187,1,1,1,2,0,0,0,2150000
7795312,1,1,1,2,0,0,1,425000
7868409,1,1,1,2,0,1,1,1000000
7842361,1,1,1,2,0,1,0,4900000
7884590,1,1,1,2,0,0,0,3735000
7840684,1,1,1,2,0,0,1,1383333.3333
7846272,1,1,1,2,0,0,1,1260000
7900640,1,1,1,2,0,0,1,3613333.3333
7789663,1,1,1,2,0,0,1,1866666.6667
7831584,1,1,1,2,0,0,0,1521333.3333
7868652,1,1,1,2,0,0,1,75000
7812776,1,1,1,2,0,0,1,580000
7833723,1,1,1,2,0,0,1,1860000
7815630,1,1,1,2,0,0,1,1433333.3333
7808514,1,1,1,2,1,0,1,1200000
7906216,1,1,1,2,0,0,1,1200000
7804989,1,1,1,2,0,0,1,2500000
7822115,1,1,1,2,0,0,0,990000
7851850,1,1,1,2,0,0,1,3250000
7833751,1,1,1,2,0,0,1,1411666.6667
7811918,1,1,1,2,0,0,1,710000
7856281,1,1,1,2,0,0,0,7637833.3333
7848588,1,1,1,2,0,0,0,1180000
7832217,1,1,1,2,0,0,1,2100000
7869397,1,1,1,2,0,0,1,2100000
7862118,1,1,1,2,0,0,1,1500000
7847839,1,1,1,2,0,0,1,1240000
7871155,1,1,1,2,0,0,1,658333.33333
7894867,1,1,1,2,0,0,1,900000
7846735,1,1,1,2,0,0,1,1180000
7813703,1,1,1,2,0,0,0,1600000
7791470,1,1,1,2,0,0,1,1273333.3333
7822827,1,1,1,2,0,0,1,1478666.6667
7884935,1,1,1,2,0,0,1,4700000
7862212,1,1,1,2,0,1,1,5360000
7906450,1,1,1,2,0,0,1,6300000
7795744,1,1,1,2,0,0,1,1155000
7857839,1,1,1,2,0,0,1,1375000
7830104,1,1,1,2,0,0,1,150000
7870174,1,1,1,2,1,0,1,690000
7825845,1,1,1,2,0,0,1,1240000
7908471,1,1,1,2,1,1,0,5503083.3333
7871938,1,1,1,2,0,0,1,3895833.3333
7858288,1,1,1,2,0,0,1,950000
7826761,1,1,1,2,0,0,1,1000000
7836610,1,1,1,2,0,1,1,2210000
7844140,1,1,1,2,0,0,1,2910000
7833152,1,1,1,2,0,1,1,896666.66667
7868738,1,1,1,2,0,0,1,3996833.3333
7880706,1,1,1,2,0,0,1,707500
7870145,1,1,1,2,0,0,1,230000
7813337,1,1,1,2,0,0,1,455000
7908900,1,1,1,2,0,1,1,400000
7817928,1,1,1,2,0,0,0,3800000
7838448,1,1,1,2,0,0,1,500000
7792566,1,1,1,2,0,0,1,1000000
7905070,1,1,1,2,0,0,1,1166666.6667
7860553,1,1,1,2,0,0,0,1507000
7894419,1,1,1,2,0,0,1,900000
7827702,1,1,1,2,0,0,1,1580000
7906017,1,1,1,2,0,0,1,580000
7843444,1,1,1,2,0,0,1,2603333.3333
7834952,1,1,1,2,0,0,0,5965000
7890698,1,1,1,2,0,0,1,1050000
7822587,1,1,1,2,0,0,1,2283333.3333
7869389,1,1,1,2,0,0,1,1200000
7873095,1,1,1,2,0,0,1,700000
7858100,1,1,1,2,0,1,1,8783333.3333
7868195,1,1,1,2,0,0,1,2313333.3333
7888799,1,1,1,2,1,0,0,2066666.6667
7908378,1,1,1,2,0,0,1,1500000
7836578,1,1,1,2,0,0,1,1141666.6667
7803374,1,1,1,2,0,0,1,1300000
7803402,1,1,1,2,1,0,1,860000
7824675,1,1,1,2,0,0,1,4375000
7816510,1,1,1,2,0,0,1,648333.33333
7875804,1,1,1,2,0,0,1,2700000
7807999,1,1,1,2,0,1,1,3500000
7893307,1,1,1,2,0,0,1,1130000
7817418,1,1,1,2,0,0,0,1900000
7802765,1,1,1,2,0,0,1,625000
7852376,1,1,1,2,0,0,0,4493166.6667
7826423,1,1,1,2,0,0,0,1066666.6667
7804076,1,1,1,2,0,0,1,700000
7849768,1,1,1,2,0,0,0,800000
7817929,1,1,1,2,1,0,1,592500
7895440,1,1,1,2,0,1,1,2395000
7892667,1,1,1,2,0,0,1,1500000
7862870,1,1,1,2,0,1,1,2450000
7852367,1,1,1,2,0,0,0,3118166.6667
7828170,1,1,1,2,0,0,1,1052000
7863794,1,1,1,2,1,0,1,1196666.6667
7846196,1,1,1,2,1,0,0,5400000
7884240,1,1,1,2,0,0,1,2400000
7802161,3,1,3,2,0,0,1,250000
7849533,1,1,1,2,0,0,1,2000000
7900644,1,1,1,2,0,0,1,630000
7828311,1,1,1,2,0,0,1,1190000
7822002,1,1,1,2,1,0,1,6305000
7833551,1,1,1,2,0,0,1,2000000
7789038,1,1,1,2,0,0,1,1000000
7894916,1,1,1,2,0,0,1,850000
7796445,1,1,1,2,0,0,1,4042000
7792131,1,1,1,2,0,0,1,1200000
7899340,1,1,1,2,0,0,0,3265000
7851651,1,1,1,2,0,0,1,200000
7906139,1,1,1,2,0,0,1,2000000
7849232,1,1,1,2,0,0,1,1000000
7892563,1,1,1,2,0,0,1,4600000
7827192,1,1,1,2,0,0,1,1200000
7816340,1,1,1,2,0,0,1,1500000
7900356,1,1,1,2,0,0,1,580000
7891991,1,1,1,2,0,0,1,416666.66667
7888888,1,1,1,2,1,1,1,3300000
7872291,1,1,1,2,0,0,1,1650000
7836353,1,1,1,2,0,0,1,1800000
7873389,1,1,1,2,0,0,1,4000000
7801843,2,1,2,2,0,0,1,2433333.3333
7842183,1,1,1,2,0,1,1,7162500
7886208,1,1,1,2,0,0,1,1500000
7873835,1,1,1,2,0,1,1,1083333.3333
7808008,1,1,1,2,1,0,1,1460000
7899445,1,1,1,2,0,0,1,2400000
7809298,1,1,1,2,0,0,1,1000000
7808434,1,1,1,2,0,0,1,1117000
7861674,1,1,1,2,0,0,0,5000000
7905468,1,1,1,2,0,0,1,2650000
7870233,1,1,1,2,0,0,1,1186666.6667
7829970,1,1,1,2,0,0,1,4013333.3333
7803770,1,1,1,2,0,1,1,7700000
7886144,1,1,1,2,0,0,0,2550000
7801715,1,1,1,2,0,0,1,1677000
7802333,1,1,1,2,0,0,1,1335000
7816833,1,1,1,2,0,0,1,2500000
7849092,1,1,1,2,0,0,1,1986666.6667
7893357,1,1,1,2,0,0,0,1366666.6667
7859375,1,1,1,2,0,0,1,2305833.3333
7884547,1,1,1,2,1,0,1,2698333.3333
7801883,1,1,1,2,1,0,1,2400000
7828721,1,1,1,2,0,0,1,2950000
7873415,1,1,1,2,0,0,1,716000
7872637,1,1,1,2,0,0,1,1205333.3333
7891170,1,1,1,2,0,0,1,937500
7828917,1,1,1,2,0,0,0,1583333.3333
7910021,1,1,1,2,0,0,1,2350000
7891138,1,1,1,2,0,0,1,1828838.6667
7816877,1,1,1,2,0,0,1,2417000
7814111,1,1,1,2,0,0,1,2754672
7873559,1,1,1,2,0,0,1,1200000
7813171,1,1,1,2,0,0,1,1600000
7797670,1,1,1,2,0,0,1,1337500
7876865,1,1,1,2,0,1,1,1480000
7864094,1,1,1,2,0,0,1,400000
7895786,1,1,1,2,0,0,1,880000
7895765,1,1,1,2,0,0,1,3366666.6667
7830655,1,1,1,2,0,0,1,1755000
7815621,1,1,1,2,0,0,1,391666.66667
7823744,1,1,1,2,0,0,1,2650000
7798485,1,1,1,2,1,0,1,5850000
7868732,1,1,1,2,0,0,0,1233333.3333
7809212,1,1,1,2,0,0,1,1200333.3333
7825770,1,1,1,2,0,0,0,6661666.6667
7806351,1,1,1,2,0,0,1,620000
7881765,1,1,1,2,1,0,1,5860416.6667
7889092,1,1,1,2,0,0,1,1333333.3333
7855486,1,1,1,2,0,0,1,6400000
7792327,1,1,1,2,0,0,1,2950000
7869810,1,1,1,2,0,0,1,83333.333333
7851514,1,1,1,2,0,0,1,1000000
7876157,1,1,1,2,0,1,1,4600000
7836576,1,1,1,2,0,0,1,1805000
7834328,1,1,1,2,0,0,1,3291666.6667
7908782,1,1,1,2,0,0,0,3705000
7809279,1,1,1,2,0,0,1,850000
7859433,1,1,1,2,0,0,1,1875000
7816741,1,1,1,2,0,0,0,120000
7869983,1,1,1,2,0,0,1,1116666.6667
7859607,1,1,1,2,0,0,1,850000
7888773,1,1,1,2,0,1,0,7130833.3333
7807273,1,1,1,2,0,0,1,2012500
7835490,1,1,1,2,0,0,1,4040000
7789836,1,1,1,2,0,0,1,5150000
7844372,1,1,1,2,0,0,1,1041666.6667
7820168,1,1,1,2,0,0,1,3966666.6667
7886525,1,1,1,2,0,0,1,4500000
7869846,1,1,1,2,0,0,1,1135000
7873434,1,1,1,2,0,0,1,2050000
7868245,1,1,1,2,0,0,0,2010000
7811652,1,1,1,2,0,0,1,183333.33333
7898923,1,1,1,2,0,1,1,3800000
7909311,1,1,1,2,0,0,1,1800000
7894315,1,1,1,2,0,0,1,191666.66667
7868476,1,1,1,2,1,1,1,3975000
7897165,1,1,1,2,0,0,1,2116666.6667
7806907,1,1,1,2,0,0,1,1113333.3333
7870291,1,1,1,2,1,0,1,1356666.6667
7909318,1,1,1,2,0,0,1,3483333.3333
7803154,1,1,1,2,0,0,0,2400000
7904645,1,1,1,2,0,0,1,5000333.3333
7868308,1,1,1,2,0,0,0,1248666.6667
7874426,1,1,1,2,0,0,0,300000
7881037,1,1,1,2,0,0,1,250000
7805316,1,1,1,2,1,0,0,3104166.6667
7794494,1,1,1,2,0,0,1,3550000
7885410,1,1,1,2,0,0,1,1700000
7887164,1,1,1,2,0,0,1,804166.66667
7875492,1,1,1,2,0,0,1,850000
7871335,1,1,1,2,0,0,1,1000000
7844285,1,1,1,2,0,0,1,830000
7903679,1,1,1,2,0,0,1,2700000
7791102,1,1,1,2,0,0,1,1143333.3333
7866408,1,1,1,2,0,0,1,1000000
7826682,1,1,1,2,0,0,0,1400000
7903942,1,1,1,2,0,0,1,6575000
7886656,1,1,1,2,0,0,1,360000
7836778,1,1,1,2,0,1,1,600000
7814920,1,1,1,2,0,1,1,3616666.6667
7808217,1,1,1,2,1,0,1,100000
7870152,1,1,1,2,0,0,1,1950000
7855732,1,1,1,2,1,0,1,1530000
7833276,1,1,1,2,0,0,1,470833.33333
7851254,1,1,1,2,0,0,1,900000
7880372,1,1,1,2,0,0,1,3614000
7849397,1,1,1,2,0,0,1,2508333.3333
7834845,1,1,1,2,0,0,1,1050000
7793242,1,1,1,2,0,0,0,2650000
7818652,1,1,1,2,0,0,1,1649000
7909216,1,1,1,2,0,0,1,2360000
7904935,1,1,1,2,0,0,1,800000
7830426,1,1,1,2,0,0,1,1483333.3333
7818410,1,1,1,2,0,0,1,871666.66667
7843354,1,1,1,2,1,0,1,967500
7899723,1,1,1,2,0,0,1,3766666.6667
7878661,1,1,1,2,0,0,1,943333.33333
7888532,1,1,1,2,0,0,1,2500000
7888897,1,1,1,2,0,0,1,860000
7859786,1,1,1,2,0,0,1,700000
7802189,1,1,1,2,0,0,1,880000
7880913,1,1,1,2,0,0,1,200000
7884975,1,1,1,2,0,0,1,1466666.6667
7832938,1,1,1,2,0,0,1,1311666.6667
7793882,1,1,1,2,0,0,1,1220000
7875617,1,1,1,2,0,0,0,2311666.6667
7868477,1,1,1,2,0,0,1,470000
7861531,1,1,1,2,0,0,1,1126666.6667
7825188,1,1,1,2,1,0,1,2020000
7879506,1,1,1,2,0,0,0,1583333.3333
7796818,1,1,1,2,0,0,1,575000
7821017,1,1,1,2,0,0,1,2000000
7827522,1,1,1,2,0,0,1,700000
7897835,1,1,1,2,0,0,1,80000
7832400,1,1,1,2,0,1,0,5996333.3333
7788600,1,1,1,2,0,0,1,2245000
7887734,1,1,1,2,0,0,1,2231666.6667
7811668,1,1,1,2,0,0,1,1200000
7876949,1,1,1,2,0,0,1,2100000
7871840,1,1,1,2,0,1,1,500000
7787970,1,1,1,2,0,0,0,1384000
7868911,1,1,1,2,0,0,1,1000000
7847511,1,1,1,2,0,0,0,1196000
7870015,1,1,1,2,0,0,1,900000
7862244,1,1,1,2,0,0,1,1700000
7886384,1,1,1,2,0,0,0,800000
7908962,1,1,1,2,1,1,1,15203666.667
7864177,1,1,1,2,0,0,1,800000
7885529,1,1,1,2,0,0,1,6700000
7901937,1,1,1,2,0,0,1,1700000
7835735,1,1,1,2,0,0,1,3700000
7876069,1,1,1,2,1,0,1,250000
7823290,1,1,1,2,0,0,1,902500
7833102,1,1,1,2,0,0,1,101666.66667
7814908,1,1,1,2,0,0,0,1511666.6667
7830525,1,1,1,2,0,0,1,1833333.3333
7904316,1,1,1,2,1,0,0,6629166.6667
7831737,1,1,1,2,0,0,1,1740000
7865534,1,1,1,2,0,0,1,500000
7825769,1,1,1,2,0,0,1,2740000
7895558,1,1,1,2,0,0,1,2901666.6667
7866019,1,1,1,2,0,0,1,3440000
7825173,1,1,1,2,0,0,1,1650505.3333
7796113,1,1,1,2,0,0,0,596666.66667
7814076,1,1,1,2,0,0,1,850000
7866002,1,1,1,2,0,0,1,5540000
7882309,1,1,1,2,0,0,1,200000
7823941,1,1,1,2,0,0,1,2600000
7839370,1,1,1,2,1,1,1,500000
7900329,1,1,1,2,0,0,1,5966666.6667
7850210,1,1,1,2,0,0,1,1000000
7825723,1,1,1,2,0,0,1,3340000
7889797,1,1,1,2,0,0,0,800000
7847749,1,1,1,2,1,0,0,1583333.3333
7899516,1,1,1,2,0,0,1,608333.33333
7853972,1,1,1,2,0,0,0,1200000
7870017,1,1,1,2,0,0,1,1742172
7842953,1,1,1,2,0,0,1,3650000
7830432,1,1,1,2,0,0,1,1000000
7856570,1,1,1,2,0,0,1,930000
7853828,1,1,1,2,0,0,1,900000
7827315,1,1,1,2,1,0,1,1338333.3333
7881845,1,1,1,2,0,0,0,820000
7851325,1,1,1,2,0,0,1,813333.33333
7792615,1,1,1,2,0,0,0,3052833.3333
7873253,1,1,1,2,0,0,1,1000000
7828514,1,1,1,2,0,0,1,1180000
7830413,1,1,1,2,0,0,1,862500
7882538,1,1,1,2,0,0,1,1100000
7893995,1,1,1,2,0,1,1,4600000
7855311,1,1,1,2,0,0,1,150000
7890712,1,1,1,2,0,0,1,2200000
7821072,1,1,1,2,0,0,1,4000000
7863710,1,1,1,2,0,0,1,2087000
7822513,1,1,1,2,0,0,1,900000
7876689,1,1,1,2,0,1,1,2050000
7807789,1,1,1,2,0,1,1,6163333.3333
7889854,1,1,1,2,1,1,1,1543333.3333
7802076,1,1,1,2,0,0,1,713333.33333
7898297,1,1,1,2,0,0,1,855000
7885404,1,1,1,2,0,0,1,1029166.6667
7871684,1,1,1,2,0,0,1,4797000
7793327,1,1,1,2,0,1,1,2700000
7844551,1,1,1,2,0,0,1,6458333.3333
7817580,1,1,1,2,0,0,1,1962666.6667
7890315,1,1,1,2,1,0,1,250000
7865167,1,1,1,2,0,0,1,2827000
7836620,1,1,1,2,0,0,1,2010833.3333
7833072,1,1,1,2,0,0,1,3519333.3333
7813898,1,1,1,2,0,0,1,1610000
7871989,1,1,1,2,0,1,1,3316666.6667
7825310,1,1,1,2,0,0,1,570000
7802666,1,1,1,2,0,0,1,641666.66667
7788785,1,1,1,2,0,0,0,1000000
7828012,1,1,1,2,0,0,1,1000000
7795356,1,1,1,2,0,0,1,2486666.6667
7811568,1,1,1,2,1,0,1,416666.66667
7790549,1,1,1,2,0,0,1,2200000
7861660,1,1,1,2,0,0,1,700000
7802816,1,1,1,2,0,0,1,1000000
7854003,1,1,1,2,0,0,1,2008333.3333
7865366,1,1,1,2,0,0,1,400000
7842762,1,1,1,2,0,0,1,1736666.6667
7791975,1,1,1,2,0,0,1,2525000
7905293,1,1,1,2,0,0,1,7016666.6667
7859130,1,1,1,2,1,0,1,2200000
7896952,1,1,1,2,0,0,1,1325000
7815733,1,1,1,2,0,0,1,2518333.3333
7863655,1,1,1,2,0,0,1,885000
7827196,1,1,1,2,0,0,1,2746666.6667
7870887,1,1,1,2,0,0,1,300000
7882506,1,1,1,2,0,0,1,2778668.5833
7813701,1,1,1,2,0,0,0,1980000
7829631,1,1,1,2,0,0,1,650000
7883153,1,1,1,2,0,0,1,812500
7841567,1,1,1,2,0,0,1,1550000
7851038,1,1,1,2,0,1,1,3512000
7847271,1,1,1,2,0,0,1,2740000
7875595,1,1,1,2,0,0,1,1920000
7817363,1,1,1,2,0,0,1,890833.33333
7816543,1,1,1,2,0,0,1,17900000
7872079,1,1,1,2,0,0,1,7941666.6667
7845793,1,1,1,2,0,0,1,610000
7905935,1,1,1,2,0,0,1,1500000
7793148,1,1,1,2,0,0,1,2300000
7873588,1,1,1,2,0,1,1,4472000
7850364,1,1,1,2,0,0,1,750000
7872641,1,1,1,2,0,0,1,4306333.3333
7831750,1,1,1,2,0,0,0,3510500
7892381,1,1,1,2,0,0,1,1766666.6667
7899742,1,1,1,2,0,1,1,3382103.8333
7850106,1,1,1,2,0,0,1,1636250
7807093,1,1,1,2,0,0,1,860000
7868853,1,1,1,2,0,0,1,1500000
7877079,1,1,1,2,0,0,1,900000
7812213,1,1,1,2,0,1,1,5125000
7826653,1,1,1,2,0,0,1,1400000
7814978,1,1,1,2,0,0,1,224166.66667
7794042,1,1,1,2,0,0,1,4112500
7884972,1,1,1,2,0,0,0,2240000
7883220,1,1,1,2,0,0,1,1308333.3333
7806505,1,1,1,2,0,0,1,1000000
7837305,1,1,1,2,0,0,0,1900000
7845115,1,1,1,2,0,0,1,1300000
7824508,1,1,1,2,0,0,1,2450000
7838078,1,1,1,2,0,0,1,140000
7882260,1,1,1,2,0,0,1,2700000
7882325,1,1,1,2,0,0,1,4829672
7879074,1,1,1,2,0,0,1,2247000
7854185,1,1,1,2,0,0,1,1400000
7845126,1,1,1,2,0,0,1,2188333.3333
7833198,1,1,1,2,0,0,1,1760000
7842609,1,1,1,2,0,0,1,1833333.3333
7793671,1,1,1,2,0,0,1,1600000
7813861,1,1,1,2,0,0,1,578333.33333
7802874,1,1,1,2,1,0,1,166666.66667
7790140,1,1,1,2,0,0,1,1000000
7797740,1,1,1,2,1,0,0,2473333.3333
7822712,1,1,1,2,0,0,1,2000000
7798414,1,1,1,2,0,0,1,1996000
7796048,1,1,1,2,0,0,0,1646000
7788203,1,1,1,2,0,0,0,1748333.3333
7874750,1,1,1,2,0,0,1,1800000
7866779,1,1,1,2,0,0,1,1260000
7793386,1,1,1,2,0,0,1,200000
7873269,1,1,1,2,0,0,1,800000
7788397,1,1,1,2,0,0,1,4428333.3333
7796014,1,1,1,2,0,0,0,1400000
7884537,1,1,1,2,0,0,1,1400000
7862621,1,1,1,2,0,0,1,766666.66667
7853985,1,1,1,2,0,0,1,6373333.3333
7805248,1,1,1,2,0,0,1,19850000
7856273,1,1,1,2,0,0,1,1200000
7834068,1,1,1,2,0,0,1,1804000
7841769,1,1,1,2,0,0,1,3600000
7790336,1,1,1,2,0,0,1,800000
7803927,1,1,1,2,0,0,1,490000
7870868,1,1,1,2,1,0,0,880000
7822341,1,1,1,2,0,0,0,1123200
7896700,1,1,1,2,0,0,1,1005000
7881910,1,1,1,2,0,0,1,2141666.6667
7876510,1,1,1,2,1,0,1,8300000
7828269,1,1,1,2,0,0,1,5700700
7842684,1,1,1,2,0,0,1,1720000
7817777,1,1,1,2,0,0,1,615833.33333
7813524,1,1,1,2,0,0,1,10604166.667
7880959,1,1,1,2,0,0,1,250000
7788170,1,1,1,2,0,0,0,3619172
7812393,1,1,1,2,0,0,1,1300000
7894256,1,1,1,2,0,0,1,3122500
7909384,1,1,1,2,0,0,1,1800000
7846730,1,1,1,2,0,0,1,733333.33333
7900994,1,1,1,2,0,1,1,10000000
7818222,1,1,1,2,0,0,1,1531666.6667
7876441,1,1,1,2,0,1,0,1741666.6667
7818975,1,1,1,2,1,0,1,1050000
7842596,1,1,1,2,0,0,1,2042916.6667
7896060,1,1,1,2,0,0,0,841666.66667
7840046,1,1,1,2,0,0,1,3417000
7869977,1,1,1,2,0,0,1,2105866.6667
7821988,1,1,1,2,0,0,1,1200000
7789460,1,1,1,2,0,0,0,2866666.6667
7835368,1,1,1,2,0,0,1,1800000
7823591,1,1,1,2,0,0,1,650000
7848637,1,1,1,2,1,1,1,6370000
7890355,1,1,1,2,1,0,1,90000
7890837,1,1,1,2,0,0,1,500000
7792679,1,1,1,2,0,0,1,3100000
7873837,1,1,1,2,0,0,1,810000
7815084,1,1,1,2,0,1,1,3050833.3333
7830981,1,1,1,2,0,0,1,3671844
7873567,1,1,1,2,0,0,1,1483838.6667
7893795,1,1,1,2,1,1,1,2650000
7873838,1,1,1,2,1,0,1,4383333.3333
7788770,1,1,1,2,0,0,1,4520000
7828159,1,1,1,2,1,0,1,3240000
7874855,1,1,1,2,0,0,1,2050833.3333
7808479,1,1,1,2,1,0,1,716666.66667
7874278,1,1,1,2,0,0,1,700000
7790288,1,1,1,2,0,0,1,2400000
7854547,1,1,1,2,0,0,0,200000
7791157,1,1,1,2,0,0,1,460000
7872553,1,1,1,2,1,0,1,3762500
7859018,1,1,1,2,0,1,1,12100000
7862287,1,1,1,2,0,0,1,516666.66667
7862389,1,1,1,2,0,0,1,560000
7794285,1,1,1,2,0,0,0,900000
7809011,1,1,1,2,0,1,0,3150000
7885430,1,1,1,2,1,0,0,2195833.3333
7791645,1,1,1,2,0,0,1,1125000
7840529,1,1,1,2,0,0,0,750000
7887538,1,1,1,2,0,0,1,1150000
7803069,1,1,1,2,0,0,1,3700000
7891606,1,1,1,2,0,0,1,3000000
7881348,1,1,1,2,0,0,0,1333333.3333
7844253,1,1,1,2,0,0,1,1541250
7837117,1,1,1,2,0,0,1,1795000
7791336,1,1,1,2,0,0,1,1458333.3333
7839810,2,1,2,2,0,0,1,1880833.3333
7867324,1,1,1,2,0,0,1,1515833.3333
7894405,1,1,1,2,0,0,1,6450000
7838361,1,1,1,2,0,1,1,5216666.6667
7853303,1,1,1,2,0,0,1,1302500
7790642,1,1,1,2,0,0,1,5125000
7829514,1,1,1,2,1,1,0,4671666.6667
7804355,1,1,1,2,0,0,1,1133333.3333
7790009,1,1,1,2,0,0,0,280000
7839912,1,1,1,2,1,0,1,1336233.3333
7828655,1,1,1,2,0,0,1,1033333.3333
7900158,1,1,1,2,0,0,1,1030000
7847129,1,1,1,2,1,1,1,4760000
7907768,1,1,1,2,0,0,1,930000
7837699,1,1,1,2,0,0,1,4700000
7905194,1,1,1,2,0,0,1,1150000
7802545,1,1,1,2,0,0,1,2160000
7827065,1,1,1,2,0,0,1,4819166.6667
7882777,1,1,1,2,0,0,1,1433333.3333
7804296,1,1,1,2,0,0,1,590000
7791729,1,1,1,2,0,0,1,700000
7858506,1,1,1,2,0,0,1,1252500
7840351,1,1,1,2,0,0,1,1686666.6667
7798564,1,1,1,2,0,0,1,980000
7875910,1,1,1,2,0,1,1,2000000
7832350,1,1,1,2,0,0,1,2805000
7847843,1,1,1,2,0,0,1,3141666.6667
7792413,1,1,1,2,0,0,1,2117500
7896324,1,1,1,2,0,1,1,1858838.6667
7877629,1,1,1,2,0,0,1,500000
7788617,1,1,1,2,1,0,1,3044166.6667
7862338,1,1,1,2,0,0,1,2000000
7808357,1,1,1,2,0,0,0,1000000
7848040,1,1,1,2,0,0,1,2300000
7890947,1,1,1,2,0,1,0,676666.66667
7889746,1,1,1,2,0,0,1,781250
7856551,1,1,1,2,1,0,1,650000
7835119,1,1,1,2,0,0,1,1143333.3333
7888283,1,1,1,2,0,0,1,4156666.6667
7878301,1,1,1,2,0,0,1,2420000
7859197,1,1,1,2,0,0,1,5754166.6667
7885013,1,1,1,2,0,0,1,1100000
7900460,1,1,1,2,0,0,1,750000
7858490,1,1,1,2,0,0,1,666666.66667
7855888,1,1,1,2,0,0,1,135000
7794322,1,1,1,2,0,0,1,600000
7890848,1,1,1,2,0,0,1,900000
7821304,1,1,1,2,0,0,1,400000
7907404,1,1,1,2,0,0,1,766833.33333
7831800,1,1,1,2,0,0,1,1500000
7824165,1,1,1,2,0,0,1,1000000
7862954,1,1,1,2,0,0,1,366666.66667
7857451,1,1,1,2,1,0,1,1975833.3333
7898119,1,1,1,2,0,0,1,1700000
7850694,1,1,1,2,0,0,1,545000
7848773,1,1,1,2,0,0,1,1660000
7900831,1,1,1,2,0,0,1,1369166.6667
7904487,1,1,1,2,0,0,1,925000
7807313,1,1,1,2,0,0,1,1428333.3333
7862782,1,1,1,2,0,0,1,253333.33333
7870307,1,1,1,2,0,0,1,915333.33333
7895603,1,1,1,2,0,0,1,1297500
7818826,1,1,1,2,0,0,1,258333.33333
7829508,1,1,1,2,1,0,1,1050000
7842157,1,1,1,2,0,0,1,2558666.6667
7793600,1,1,1,2,0,1,1,12150000
7862779,1,1,1,2,1,0,0,4125000
7843539,1,1,1,2,0,0,1,3988333.3333
7793951,1,1,1,2,0,0,1,1483333.3333
7857273,1,1,1,2,0,0,1,2000000
7823102,1,1,1,2,0,0,1,2000000
7825794,1,1,1,2,0,0,1,1540000
7792500,1,1,1,2,0,0,1,1822000
7823967,1,1,1,2,0,0,1,800000
7837179,1,1,1,2,0,0,1,1380000
7878635,1,1,1,2,0,0,1,400000
7867767,1,1,1,2,0,0,1,2217166.6667
7808029,1,1,1,2,1,0,1,1494500
7792316,1,1,1,2,0,0,1,3000000
7872999,1,1,1,2,0,0,1,1000000
7808320,1,1,1,2,0,0,1,3166666.6667
7814036,1,1,1,2,0,0,1,1750000
7867884,1,1,1,2,0,0,0,1830000
7888217,1,1,1,2,0,0,1,1525000
7893019,1,1,1,2,0,0,1,2400000
7887295,1,1,1,2,0,1,1,13810000
7864168,1,1,1,2,0,0,1,800000
7823077,1,1,1,2,0,0,1,1500000
7888259,1,1,1,2,0,0,1,1259166.6667
7892538,1,1,1,2,0,0,1,5400000
7825413,1,1,1,2,0,0,1,1450000
7825564,1,1,1,2,0,0,1,2000000
7814611,1,1,1,2,0,0,1,1100000
7902547,1,1,1,2,0,0,1,4017712
7889160,1,1,1,2,0,0,1,2406666.6667
7891150,1,1,1,2,0,1,1,7516666.6667
7840504,1,1,1,2,0,0,1,462500
7879974,1,1,1,2,0,0,1,2970000
7809028,1,1,1,2,1,0,1,1308333.3333
7879562,1,1,1,2,0,0,0,1000000
7885980,1,1,1,2,0,0,0,873366.66667
7887891,1,1,1,2,0,0,1,4305000
7829489,1,1,1,2,0,0,0,1098333.3333
7794973,1,1,1,2,1,1,1,2416666.6667
7907869,1,1,1,2,0,1,1,5575333.3333
7892591,1,1,1,2,0,0,1,2050000
7846516,1,1,1,2,0,0,0,3432500
7885922,1,1,1,2,0,0,1,900000
7804954,1,1,1,2,0,0,1,1200000
7900140,1,1,1,2,1,0,1,650000
7807458,1,1,1,2,0,0,1,650000
7849053,1,1,1,2,0,0,1,1350000
7808930,1,1,1,2,1,1,0,4844166.6667
7837613,1,1,1,2,0,0,0,4150000
7840381,1,1,1,2,0,0,1,1133333.3333
7835889,1,1,1,2,0,0,1,1611666.6667
7861005,1,1,1,2,1,1,1,1900000
7844393,1,1,1,2,0,0,1,580000
7865234,1,1,1,2,0,0,1,333333.33333
7805281,1,1,1,2,0,1,1,2400000
7888301,1,1,1,2,0,0,1,4037500
7833532,1,1,1,2,0,0,1,201666.66667
7824953,1,1,1,2,0,0,1,1300000
7837417,1,1,1,2,1,0,1,4191666.6667
7878707,1,1,1,2,0,0,1,2633333.3333
7895776,1,1,1,2,1,0,1,3683333.3333
7818540,1,1,1,2,0,0,1,860000
7890576,1,1,1,2,0,0,1,75000
7851002,1,1,1,2,1,0,1,2379672
7886442,1,1,1,2,0,0,1,3984166.6667
7845273,1,1,1,2,0,0,1,720833.33333
7809056,1,1,1,2,0,0,1,500000
7854317,1,1,1,2,0,0,1,600000
7907774,1,1,1,2,1,0,0,4700000
7849535,1,1,1,2,0,0,1,3086000
7896480,1,1,1,2,0,0,1,1100000
7903399,1,1,1,2,0,0,0,4475000
7894685,1,1,1,2,0,0,1,4666666.6667
7904715,1,1,1,2,0,0,1,3050000
7828304,1,1,1,2,0,0,1,700000
7824804,1,1,1,2,0,0,1,250000
7816486,1,1,1,2,0,0,1,940000
7812765,1,1,1,2,0,0,1,6090500
7909335,1,1,1,2,0,1,1,6833333.3333
7787917,1,1,1,2,0,0,1,1407500
7833667,1,1,1,2,0,0,1,180000
7812457,1,1,1,2,0,0,0,1200000
7901180,1,1,1,2,0,0,1,2000000
7807317,1,1,1,2,0,0,0,840000
7830362,1,1,1,2,1,0,1,1613000
7807380,2,1,2,2,0,0,0,1200000
7842668,1,1,1,2,0,0,1,4125000
7790876,1,1,1,2,0,1,1,1200000
7882655,1,1,1,2,0,0,1,27600505.333
7835968,1,1,1,2,0,0,0,678333.33333
7818500,1,1,1,2,0,0,1,735000
7858942,1,1,1,2,0,0,1,3552000
7886933,1,1,1,2,0,0,1,2467000
7832466,1,1,1,2,0,0,1,246666.66667
7813316,1,1,1,2,0,0,1,390000
7833007,1,1,1,2,1,0,1,1400000
7831483,1,1,1,2,1,0,1,2000000
7870840,1,1,1,2,0,0,1,1000000
7834623,1,1,1,2,0,0,1,600000
7821499,1,1,1,2,0,0,1,800000
7852705,1,1,1,2,1,1,1,3523333.3333
7842718,1,1,1,2,0,0,1,2433333.3333
7866809,1,1,1,2,0,0,1,1500000
7873787,1,1,1,2,0,0,1,1491666.6667
7855641,1,1,1,2,1,0,0,2958666.6667
7901428,1,1,1,2,0,0,1,1300000
7791758,1,1,1,2,0,0,1,1000000
7872908,1,1,1,2,0,0,1,400000
7856420,1,1,1,2,0,0,1,626666.66667
7852794,1,1,1,2,1,1,1,7500000
7790272,1,1,1,2,0,0,1,1200000
7862583,1,1,1,2,0,0,1,1160666.6667
7829126,1,1,1,2,0,0,1,2250000
7798981,1,1,1,2,0,0,1,1475000
7859831,1,1,1,2,0,0,1,3666666.6667
7896767,1,1,1,2,0,0,1,816666.66667
7875010,1,1,1,2,0,0,0,1125833.3333
7822880,1,1,1,2,0,0,0,650000
7844016,1,1,1,2,0,0,1,1732500
7908753,1,1,1,2,0,0,0,3579000
7841532,1,1,1,2,0,0,1,1333333.3333
7861769,1,1,1,2,0,1,1,1500000
7861275,1,1,1,2,0,0,0,3283333.3333
7850493,1,1,1,2,0,0,1,366666.66667
7905854,1,1,1,2,0,0,1,550000
7857383,1,1,1,2,0,0,1,7525000
7907104,1,1,1,2,0,0,1,1350000
7883937,1,1,1,2,0,0,1,1500000
7852357,1,1,1,2,0,0,1,1707500
7843366,1,1,1,2,0,0,1,2852750
7892984,1,1,1,2,0,0,1,1342000
7862201,1,1,1,2,0,0,1,907500
7861278,1,1,1,2,1,1,1,11092000
7877464,1,1,1,2,0,0,1,3500000
7860679,1,1,1,2,0,0,0,705000
7793086,1,1,1,2,0,0,1,1725000
7876024,1,1,1,2,1,1,0,7158333.3333
7828453,1,1,1,2,0,0,1,810833.33333
7888943,1,1,1,2,0,1,1,1300000
7807418,1,1,1,2,1,0,1,3400000
7806819,1,1,1,2,0,0,1,920000
7797344,1,1,1,2,0,0,1,2200000
7821920,1,1,1,2,0,0,1,2242000
7831031,1,1,1,2,1,0,1,2866666.6667
7796786,1,1,1,2,0,0,1,2433333.3333
7896554,1,1,1,2,0,0,1,4600000
7788275,1,1,1,2,0,0,1,450000
7805641,1,1,1,2,0,0,0,2000000
7871223,1,1,1,2,0,0,1,1417172
7905506,1,1,1,2,0,0,0,1430000
7803735,1,1,1,2,0,1,0,15400000
7789267,1,1,1,2,0,0,1,940000
7822726,1,1,1,2,0,0,1,383333.33333
7901223,1,1,1,2,0,1,1,14950000
7893749,1,1,1,2,0,0,1,450000
7793245,1,1,1,2,0,0,1,4316666.6667
7873551,1,1,1,2,0,0,0,4666666.6667
7907397,1,1,1,2,0,0,1,750000
7888849,1,1,1,2,0,0,1,1330000
7796797,1,1,1,2,0,0,1,880000
7869413,1,1,1,2,0,1,1,70000
7883107,1,1,1,2,0,0,0,1900000
7825483,1,1,1,2,1,0,1,3450000
7819132,1,1,1,2,0,0,0,2200000
7855704,1,1,1,2,0,0,1,455000
7824693,1,1,1,2,0,0,1,1255000
7904052,1,1,1,2,0,0,1,1650000
7895236,1,1,1,2,0,1,1,72000000
7900221,1,1,1,2,0,0,1,900000
7856972,1,1,1,2,0,0,1,2582500
7904556,1,1,1,2,0,0,1,100000
7842226,1,1,1,2,0,0,1,1500000
7847954,1,1,1,2,0,0,1,1350000
7865586,1,1,1,2,0,0,1,1066666.6667
7831651,1,1,1,2,0,0,0,1400000
7834612,1,1,1,2,0,0,1,2600000
7849151,1,1,1,2,0,1,1,1740000
7790581,1,1,1,2,0,0,0,2883333.3333
7838538,1,1,1,2,0,0,1,850000
7889157,1,1,1,2,0,0,1,3500000
7852910,1,1,1,2,0,0,0,2200505.3333
7842954,1,1,1,2,1,0,1,1286666.6667
7874485,1,1,1,2,0,0,1,208333.33333
7886254,1,1,1,2,1,1,1,6433333.3333
7869116,1,1,1,2,0,0,1,2537500
7835913,1,1,1,2,0,0,1,17000000
7812730,1,1,1,2,0,0,1,1500000
7848990,1,1,1,2,0,0,1,3093082
7891828,1,1,1,2,0,1,1,23508333.333
7871222,1,1,1,2,0,0,1,2558838.6667
7900510,1,1,1,2,0,0,1,450000
7859335,1,1,1,2,0,0,1,2620000
7885524,1,1,1,2,0,0,1,2780000
7889675,1,1,1,2,0,1,1,6850000
7868711,1,1,1,2,0,0,0,950000
7845775,1,1,1,2,1,0,1,600000
7793648,1,1,1,2,0,0,1,2741000
7856601,1,1,1,2,0,0,1,530000
7845624,1,1,1,2,0,0,1,286666.66667
7876970,1,1,1,2,0,1,1,2800000
7872854,1,1,1,2,0,0,1,1261666.6667
7846852,1,1,1,2,0,0,0,1770000
7879786,1,1,1,2,0,0,1,850000
7820428,1,1,1,2,0,0,1,2800000
7823839,1,1,1,2,0,0,1,1100000
7886761,1,1,1,2,0,0,0,5241666.6667
7872022,1,1,1,2,0,0,0,2250000
7909918,1,1,1,2,0,0,1,450000
7877378,1,1,1,2,0,0,0,1269672
7896774,1,1,1,2,0,1,1,5230416.6667
7832479,1,1,1,2,0,0,1,2000000
7842527,1,1,1,2,1,0,1,1140000
7793316,1,1,1,2,0,0,1,670000
7807258,1,1,1,2,0,0,1,1800000
7812951,1,1,1,2,0,0,1,1400000
7848543,1,1,1,2,0,0,1,640000
7881006,1,1,1,2,0,0,1,1400000
7894859,1,1,1,2,0,0,1,950000
7818837,1,1,1,2,0,0,1,610000
7814361,1,1,1,2,0,0,1,1400000
7815963,1,1,1,2,0,1,1,3270000
7824954,1,1,1,2,0,0,1,700000
7871097,1,1,1,2,1,0,1,5216666.6667
7844432,1,1,1,2,0,0,1,1450000
7855224,1,1,1,2,0,0,1,100000
7829501,1,1,1,2,1,0,1,1208333.3333
7803710,1,1,1,2,0,0,1,250000
7898132,1,1,1,2,0,0,1,2120333.3333
7904064,1,1,1,2,1,0,1,990000
7802942,1,1,1,2,0,0,1,3512500
7876558,1,1,1,2,0,0,1,1608333.3333
7878389,1,1,1,2,0,0,1,2650000
7904174,1,1,1,2,0,1,0,6500000
7874223,1,1,1,2,0,0,1,2166666.6667
7888612,1,1,1,2,0,0,1,1408333.3333
7905666,1,1,1,2,0,0,1,1913333.3333
7888969,1,1,1,2,0,1,1,4083333.3333
7902859,1,1,1,2,0,0,1,2405000
7811937,1,1,1,2,0,0,0,1000000
7831743,1,1,1,2,0,0,1,2125000
7807390,1,1,1,2,0,0,1,1313333.3333
7877143,1,1,1,2,0,0,0,2746000
7803836,1,1,1,2,0,0,1,766666.66667
7791829,1,1,1,2,0,0,1,2650000
7881543,1,1,1,2,0,0,1,810000
7904895,1,1,1,2,0,0,1,2391666.6667
7824030,1,1,1,2,0,0,1,880000
7828631,1,1,1,2,0,0,0,1650000
7834025,1,1,1,2,0,1,1,6438333.3333
7826458,1,1,1,2,0,1,1,7316666.6667
7882668,1,1,1,2,0,1,1,9568333.3333
7790405,1,1,1,2,0,0,0,1000000
7852184,1,1,1,2,0,1,1,1183333.3333
7878103,1,1,1,2,0,0,1,5988750
7847178,1,1,1,2,0,1,1,2000000
7855303,1,1,1,2,0,0,1,1500000
7827962,1,1,1,2,0,0,1,430000
7845353,1,1,1,2,0,0,1,900000
7889785,1,1,1,2,0,0,1,2200000
7848439,1,1,1,2,0,1,1,925000
7829270,1,1,1,2,0,0,1,1488333.3333
7873285,1,1,1,2,0,0,1,1950000
7881420,1,1,1,2,1,1,0,5508333.3333
7874081,1,1,1,2,0,1,1,26041666.667
7842649,1,1,1,2,0,0,1,1900000
7851191,1,1,1,2,1,0,1,3461166.6667
7881879,1,1,1,2,0,0,1,900000
7839939,1,1,1,2,0,0,1,800000
7837854,1,1,1,2,0,0,1,2300000
7814165,1,1,1,2,0,0,1,1326666.6667
7858781,1,1,1,2,0,0,1,500000
7872232,1,1,1,2,0,0,1,1800000
7907426,1,1,1,2,0,0,1,1373333.3333
7842271,1,1,1,2,0,0,1,2033333.3333
7832233,1,1,1,2,0,0,1,5328333.3333
7897787,1,1,1,2,0,0,1,4825333.3333
7895909,1,1,1,2,0,0,1,1483333.3333
7871468,1,1,1,2,0,0,1,1930000
7792861,1,1,1,2,0,0,1,1600000
7851416,1,1,1,2,0,0,1,1440000
7805431,1,1,1,2,0,0,1,2100000
7790387,1,1,1,2,0,0,1,1891666.6667
7861873,1,1,1,2,0,0,1,2634166.6667
7876819,1,1,1,2,0,0,1,3992000
7820580,1,1,1,2,0,0,1,800000
7818152,1,1,1,2,0,0,1,620000
7852074,1,1,1,2,0,1,1,3621666.6667
7859639,1,1,1,2,0,0,1,1100000
7884487,1,1,1,2,0,0,1,2225000
7806405,1,1,1,2,0,0,1,3615416.6667
7796323,1,1,1,2,0,1,1,3683333.3333
7789446,1,1,1,2,1,0,1,1533333.3333
7794616,1,1,1,2,0,0,1,1200000
7872044,1,1,1,2,0,0,1,2150000
7878641,1,1,1,2,0,0,1,460000
7872935,1,1,1,2,0,0,1,1150000
7839904,1,1,1,2,0,0,1,5450000
7792399,1,1,1,2,0,0,1,1200000
7790217,1,1,1,2,0,0,0,4025000
7894944,1,1,1,2,0,0,1,1800000
7835901,1,1,1,2,0,0,1,1865000
7822511,1,1,1,2,0,0,1,1857500
7875398,1,1,1,2,1,0,1,950000
7877376,1,1,1,2,0,0,1,1300000
7883021,1,1,1,2,0,0,1,900000
7886243,1,1,1,2,0,0,1,3900000
7905950,1,1,1,2,0,0,1,763333.33333
7830402,1,1,1,2,0,0,1,2050000
7797833,1,1,1,2,1,0,1,1750000
7879080,1,1,1,2,0,0,1,388333.33333
7822074,1,1,1,2,0,1,1,2516666.6667
7826528,1,1,1,2,0,0,0,1700000
7802050,1,1,1,2,0,0,1,323333.33333
7823075,1,1,1,2,0,0,0,3166666.6667
7847916,1,1,1,2,0,0,1,1152500
7855708,1,1,1,2,1,1,1,6330666.6667
7835238,1,1,1,2,0,0,1,1045000
7848821,1,1,1,2,0,0,1,1980000
7871524,1,1,1,2,0,0,1,2233333.3333
7877767,1,1,1,2,0,0,1,1817000
7860081,1,1,1,2,0,0,1,2200000
7884440,1,1,1,2,0,1,1,6970000
7807350,1,1,1,2,0,0,1,2000000
7858234,1,1,1,2,0,0,0,2658333.3333
7850923,1,1,1,2,0,0,1,800000
7805104,1,1,1,2,0,0,1,366666.66667
7809203,1,1,1,2,0,0,1,2096666.6667
7851509,1,1,1,2,0,0,1,4500000
7813923,1,1,1,2,0,0,1,1529166.6667
7905965,1,1,1,2,0,0,1,610000
7902281,1,1,1,2,0,0,1,1250000
7801852,1,1,1,2,0,0,1,2075000
7861335,1,1,1,2,0,0,1,2541666.6667
7789904,1,1,1,2,0,1,1,5000000
7803513,1,1,1,2,0,0,1,25016666.667
7803854,1,1,1,2,0,0,1,3496666.6667
7870209,1,1,1,2,0,0,1,1791333.3333
7818151,1,1,1,2,0,0,1,1340000
7863022,1,1,1,2,0,0,1,4095000
7840101,1,1,1,2,0,0,1,700000
7856227,1,1,1,2,0,0,1,150000
7853782,1,1,1,2,0,0,0,500000
7794865,1,1,1,2,0,0,1,1650000
7820080,1,1,1,2,0,0,1,300000
7797009,1,1,1,2,0,0,1,3743333.3333
7802377,1,1,1,2,0,0,1,1734166.6667
7849186,1,1,1,2,0,0,1,2425000
7834745,1,1,1,2,0,0,1,1770000
7844563,1,1,1,2,0,0,1,5450000
7898417,1,1,1,2,0,0,0,800000
7840000,1,1,1,2,0,0,1,800000
7837461,1,1,1,2,0,0,1,3800000
7895811,1,1,1,2,0,0,1,4966666.6667
7883630,1,1,1,2,0,0,1,650000
7900747,1,1,1,2,0,0,1,300000
7840053,1,1,1,2,0,0,1,2445000
7828449,1,1,1,2,0,0,0,1566666.6667
7881043,1,1,1,2,0,0,1,483000
7823204,1,1,1,2,0,0,1,630000
7796075,1,1,1,2,0,0,1,1911700
7898550,1,1,1,2,0,1,1,1650000
7812580,1,1,1,2,0,0,1,916666.66667
7869163,1,1,1,2,0,0,1,1725000
7867343,1,1,1,2,0,0,1,760833.33333
7878956,1,1,1,2,0,0,1,1200000
7898268,1,1,1,2,0,1,1,900000
7849623,1,1,1,2,0,0,1,1237500
7806633,1,1,1,2,1,0,1,120000
7834267,1,1,1,2,1,0,1,2325333.3333
7855185,1,1,1,2,0,0,1,950000
7882504,1,1,1,2,0,0,1,2534000
7903647,1,1,1,2,1,0,1,2250000
7867433,1,1,1,2,0,0,1,1200000
7878647,1,1,1,2,0,0,1,930000
7815301,1,1,1,2,0,0,1,2000000
7889370,1,1,1,2,0,1,1,3700000
7807068,1,1,1,2,0,0,0,4325166.6667
7881907,1,1,1,2,0,0,1,1800000
7890580,1,1,1,2,0,1,1,3700000
7824565,1,1,1,2,0,0,1,6450000
7831216,1,1,1,2,0,0,1,2500000
7861600,1,1,1,2,0,0,1,650000
7874018,1,1,1,2,1,0,1,2069000
7864324,1,1,1,2,0,0,0,2100505.3333
7851386,1,1,1,2,0,0,1,1120000
7857549,1,1,1,2,0,0,1,1695000
7846771,1,1,1,2,0,0,1,2000000
7896703,1,1,1,2,0,0,1,75000
7847134,1,1,1,2,0,1,0,2500000
7814118,1,1,1,2,0,0,0,496666.66667
7853466,1,1,1,2,0,0,0,2150000
7859888,1,1,1,2,0,0,1,1500000
7880005,1,1,1,2,0,0,0,1860000
7824233,1,1,1,2,0,0,1,1745000
7837602,1,1,1,2,0,0,0,816666.66667
7858749,1,1,1,2,0,0,1,900000
7788617,2,1,2,2,0,0,1,480000
7842114,1,1,1,2,0,0,0,1716666.6667
7903282,1,1,1,2,1,0,1,651666.66667
7900786,1,1,1,2,0,0,1,1117500
7904585,1,1,1,2,0,0,1,3075000
7816722,1,1,1,2,1,0,1,1383333.3333
7841257,1,1,1,2,0,0,1,1906666.6667
7877397,1,1,1,2,0,0,1,3800000
7803762,1,1,1,2,0,0,1,741666.66667
7798453,1,1,1,2,0,0,1,1400000
7847928,1,1,1,2,0,0,1,1420000
7820223,1,1,1,2,0,0,1,2303838.6667
7808155,1,1,1,2,0,0,0,1566666.6667
7794169,1,1,1,2,0,0,1,500000
7832562,1,1,1,2,0,0,1,1220000
7861274,1,1,1,2,0,0,0,1500000
7860997,1,1,1,2,0,0,0,2977000
7850846,1,1,1,2,0,0,1,3560000
7807253,1,1,1,2,0,1,1,1500000
7826269,1,1,1,2,0,0,1,1100000
7891961,2,1,2,2,0,0,0,433333.33333
7896813,1,1,1,2,0,0,1,1233333.3333
7850345,1,1,1,2,0,1,1,5500000
7846915,1,1,1,2,0,0,1,1300000
7869573,1,1,1,2,0,1,1,3000000
7815188,1,1,1,2,0,0,0,1850000
7830727,1,1,1,2,0,0,1,1070000
7895435,1,1,1,2,1,0,1,200000
7854236,1,1,1,2,0,0,1,1638000
7807773,1,1,1,2,0,0,1,300000
7873823,1,1,1,2,0,0,1,1700000
7874839,1,1,1,2,0,1,1,3900505.3333
7840313,1,1,1,2,0,1,1,1683333.3333
7799028,1,1,1,2,0,0,1,800000
7850074,1,1,1,2,0,0,1,1158666.6667
7896227,1,1,1,2,0,0,1,90000
7865131,1,1,1,2,0,0,0,3200000
7903339,1,1,1,2,1,0,0,1150000
7870001,1,1,1,2,0,0,1,1100000
7876548,1,1,1,2,0,0,1,320000
7824235,1,1,1,2,0,0,1,1800000
7804881,1,1,1,2,0,0,1,3248166.6667
7788967,1,1,1,2,0,0,0,2112000
7849991,1,1,1,2,1,0,1,2305000
7879640,1,1,1,2,0,0,1,1596672
7818427,1,1,1,2,0,0,1,5100000
7841721,1,1,1,2,0,0,0,2030000
7852817,1,1,1,2,0,0,1,3534000
7838480,1,1,1,2,0,0,1,1675000
7897248,1,1,1,2,0,0,1,1150000
7818079,1,1,1,2,0,0,1,720000
7804830,1,1,1,2,0,0,1,3872500
7860217,1,1,1,2,0,0,1,1017500
7833091,1,1,1,2,0,0,1,150000
7854253,1,1,1,2,0,0,1,2441666.6667
7837966,1,1,1,2,0,0,1,2213666.6667
7820102,1,1,1,2,0,0,1,1316666.6667
7906255,1,1,1,2,0,0,1,3408333.3333
7790195,1,1,1,2,0,0,1,895000
7871994,1,1,1,2,1,0,1,487500
7793592,1,1,1,2,0,0,1,1150000
7825340,1,1,1,2,0,0,1,600000
7797383,1,1,1,2,0,0,1,1997291.6667
7791929,1,1,1,2,0,0,1,914000
7873124,1,1,1,2,0,1,1,4395833.3333
7884329,1,1,1,2,0,0,1,910000
7826502,1,1,1,2,0,1,1,1600000
7864710,1,1,1,2,0,0,1,166666.66667
7807988,1,1,1,2,0,0,0,3003333.3333
7884955,1,1,1,2,0,0,1,1733333.3333
7845613,1,1,1,2,0,0,0,1000000
7827300,1,1,1,2,0,0,0,1605000
7807839,1,1,1,2,0,1,1,1825000
7869209,1,1,1,2,0,0,1,4374666.6667
7893753,1,1,1,2,0,0,1,280000
7846311,1,1,1,2,1,0,1,3666666.6667
7881044,1,1,1,2,0,0,1,250000
7835730,1,1,1,2,0,0,1,2866666.6667
7844025,1,1,1,2,1,0,1,1694000
7886440,1,1,1,2,0,0,1,883333.33333
7874026,1,1,1,2,0,0,1,1325000
7801914,1,1,1,2,0,1,0,3608333.3333
7808310,1,1,1,2,0,0,1,1000000
7861103,1,1,1,2,0,0,1,600000
7824806,1,1,1,2,0,0,1,3026033.3333
7843238,1,1,1,2,0,0,1,1698750
7797201,1,1,1,2,0,0,1,1000000
7823873,1,1,1,2,0,0,1,4662500
7848411,1,1,1,2,0,0,1,1250000
7837800,1,1,1,2,0,0,1,1011666.6667
7806921,1,1,1,2,0,0,1,2080000
7862576,1,1,1,2,0,1,1,5000000
7880123,1,1,1,2,0,0,1,1000000
7863154,1,1,1,2,0,0,1,500000
7808384,1,1,1,2,0,0,1,1450000
7838723,1,1,1,2,1,0,1,1400000
7807355,1,1,1,2,0,0,1,1440333.3333
7796350,1,1,1,2,0,0,1,1000000
7882609,1,1,1,2,0,0,1,27066666.667
7842126,1,1,1,2,0,0,1,2983666.6667
7865535,1,1,1,2,0,0,0,1000000
7863954,1,1,1,2,0,1,0,1600000
7884585,1,1,1,2,0,0,1,1590000
7808195,1,1,1,2,1,0,1,860000
7828747,1,1,1,2,0,0,1,2000000
7816541,1,1,1,2,0,0,0,1350000
7899059,1,1,1,2,0,0,1,5017000
7884359,1,1,1,2,0,0,0,700000
7891710,1,1,1,2,0,1,1,441666.66667
7861044,1,1,1,2,0,0,1,2075000
7836163,1,1,1,2,1,0,1,2579166.6667
7851834,1,1,1,2,0,0,1,1076666.6667
7900792,1,1,1,2,0,0,1,2073333.3333
7860205,1,1,1,2,0,0,0,2780000
7865865,1,1,1,2,1,0,1,691666.66667
7842363,1,1,1,2,0,1,1,5183333.3333
7818424,1,1,1,2,0,0,1,875000
7809400,1,1,1,2,0,0,1,2200000
7859294,1,1,1,2,0,0,1,850000
7808810,1,1,1,2,0,0,0,1308666.6667
7885584,1,1,1,2,0,1,1,12069666.667
7843232,1,1,1,2,0,0,1,530000
7790827,1,1,1,2,0,0,1,1173333.3333
7842160,1,1,1,2,0,0,0,3492000
7792831,1,1,1,2,0,0,1,1968333.3333
7837503,1,1,1,2,0,0,1,2700000
7905871,1,1,1,2,0,0,1,950000
7828406,1,1,1,2,0,0,1,1826666.6667
7862798,1,1,1,2,0,1,1,2027166.6667
7863019,1,1,1,2,1,0,1,1650000
7894531,1,1,1,2,0,0,1,466666.66667
7827357,1,1,1,2,0,0,1,1902000
7852231,1,1,1,2,0,0,1,1513333.3333
7798648,1,1,1,2,0,0,1,2000000
7875813,1,1,1,2,0,0,1,5525000
7877744,2,1,2,2,1,1,0,3781666.6667
7816827,1,1,1,2,0,0,0,3050000
7902320,1,1,1,2,0,0,1,2700000
7809007,1,1,1,2,1,0,1,1950505.3333
7816414,1,1,1,2,0,0,1,370833.33333
7868702,1,1,1,2,0,0,1,500000
7808016,1,1,1,2,0,0,1,1700000
7790164,1,1,1,2,0,0,1,1525000
7886274,1,1,1,2,0,0,1,3281000
7789678,1,1,1,2,0,0,1,900000
7896419,1,1,1,2,0,0,1,1780000
7859244,1,1,1,2,0,0,1,1242000
7850082,1,1,1,2,0,0,1,500000
7823820,1,1,1,2,0,1,0,3983333.3333
7816820,1,1,1,2,0,0,1,976666.66667
7822619,1,1,1,2,0,0,1,1392000
7894834,1,1,1,2,0,0,1,1460000
7878192,1,1,1,2,0,0,1,890000
7897574,1,1,1,2,0,0,1,5800000
7825201,1,1,1,2,1,0,1,1100000
7902625,1,1,1,2,0,0,1,3700000
7886504,1,1,1,2,0,0,1,11891666.667
7849226,1,1,1,2,0,0,1,1900000
7889853,1,1,1,2,0,0,1,2334000
7791557,1,1,1,2,0,1,1,6554800
7882071,1,1,1,2,0,0,1,1500000
7830263,1,1,1,2,0,0,1,1600000
7869211,1,1,1,2,0,0,1,4000000
7799140,1,1,1,2,0,0,1,900000
7874322,1,1,1,2,0,0,1,1350000
7827467,1,1,1,2,0,0,1,5525333.3333
7909061,1,1,1,2,0,0,1,1700000
7858163,1,1,1,2,1,0,1,2000000
7811835,1,1,1,2,0,0,1,1100000
7849591,1,1,1,2,1,0,0,1300000
7855502,1,1,1,2,1,0,1,3893333.3333
7857363,1,1,1,2,0,0,1,246666.66667
7849908,1,1,1,2,0,1,1,2633333.3333
7837465,1,1,1,2,0,1,1,9078333.3333
7895300,1,1,1,2,0,0,0,5000000
7809015,1,1,1,2,0,0,1,100000
7894818,1,1,1,2,0,0,1,2650000
7857646,1,1,1,2,0,0,1,800000
7896443,1,1,1,2,1,0,1,980000
7854210,1,1,1,2,0,0,1,1233333.3333
7889910,1,1,1,2,0,0,1,1400000
7847158,1,1,1,2,1,0,1,725000
7815232,1,1,1,2,0,0,1,1070000
7801896,1,1,1,2,0,0,1,2751666.6667
7829426,1,1,1,2,0,0,0,2200000
7823673,1,1,1,2,0,0,1,5683838.6667
7903289,1,1,1,2,0,0,1,4200000
7832553,1,1,1,2,1,1,1,6183333.3333
7827481,1,1,1,2,0,0,0,1000000
7825502,1,1,1,2,0,0,1,3555833.3333
7853062,1,1,1,2,0,0,1,333333.33333
7851548,1,1,1,2,0,0,0,1500000
7835866,1,1,1,2,0,0,1,1117000
7884255,1,1,1,2,0,0,1,920000
7885093,1,1,1,2,0,0,0,1651000
7824870,1,1,1,2,1,0,1,1400833.3333
7903431,1,1,1,2,0,0,1,850000
7829127,1,1,1,2,0,0,1,3768533.3333
7863541,1,1,1,2,0,0,1,2933333.3333
7831801,1,1,1,2,0,1,0,1888791.6667
7856490,1,1,1,2,0,0,1,1550000
7857719,1,1,1,2,0,0,1,2335000
7873569,1,1,1,2,0,0,1,1105000
7847588,1,1,1,2,0,0,1,380000
7893831,1,1,1,2,0,0,1,2500000
7903281,1,1,1,2,1,0,1,1975000
7848718,1,1,1,2,0,0,1,330000
7825903,1,1,1,2,0,0,1,849166.66667
7824067,1,1,1,2,0,0,1,721666.66667
7804963,1,1,1,2,1,0,1,5107833.3333
7832873,1,1,1,2,0,0,1,2192000
7827285,1,1,1,2,0,0,1,2700000
7858432,1,1,1,2,0,0,1,900000
7865812,1,1,1,2,1,0,1,1633333.3333
7900110,1,1,1,2,0,0,1,850000
7837415,1,1,1,2,0,0,1,500000
7900635,1,1,1,2,0,0,1,677500
7890618,1,1,1,2,0,0,0,4691666.6667
7862894,1,1,1,2,0,0,1,1400000
7844556,1,1,1,2,0,0,0,1200000
7907483,1,1,1,2,0,1,1,1600000
7793357,1,1,1,2,0,0,1,1791666.6667
7861483,1,1,1,2,0,0,1,446666.66667
7847884,1,1,1,2,0,0,1,2210000
7880206,1,1,1,2,1,0,1,520000
7788695,1,1,1,2,0,0,1,483333.33333
7803060,1,1,1,2,1,0,1,900000
7814380,1,1,1,2,0,0,1,2066666.6667
7816014,1,1,1,2,0,0,1,1198333.3333
7821945,1,1,1,2,0,0,1,2290000
7797074,1,1,1,2,0,0,1,1885000
7824725,1,1,1,2,1,0,1,250000
7816017,1,1,1,2,0,0,1,1850000
7858391,1,1,1,2,0,0,1,200000
7804971,1,1,1,2,0,1,1,1900000
7801859,1,1,1,2,0,1,0,4408333.3333
7815459,1,1,1,2,0,0,1,1000000
7850165,1,1,1,2,0,0,1,630000
7803817,1,1,1,2,0,1,1,7500000
7856995,1,1,1,2,0,0,0,138333.33333
7797594,1,1,1,2,0,0,1,991666.66667
7798958,1,1,1,2,0,0,1,450000
7879068,1,1,1,2,0,0,1,701666.66667
7793321,1,1,1,2,0,0,1,912500
7807332,1,1,1,2,0,0,1,978200
7819992,1,1,1,2,1,1,1,3333838.6667
7890765,1,1,1,2,0,0,1,1200000
7863013,1,1,1,2,0,0,1,4100000
7796665,1,1,1,2,0,0,1,1199666.6667
7884899,1,1,1,2,0,0,1,1710000
7850675,1,1,1,2,0,1,1,4966666.6667
7896986,1,1,1,2,0,1,1,2055500
7896114,1,1,1,2,0,0,1,1541666.6667
7841398,1,1,1,2,0,0,0,1300000
7887657,1,1,1,2,0,1,1,6000000
7836696,1,1,1,2,0,0,1,1645000
7805205,1,1,1,2,0,1,1,2937500
7818252,1,1,1,2,0,0,1,1350000
7878514,1,1,1,2,0,0,1,1365000
7837777,1,1,1,2,0,0,1,1160000
7883435,1,1,1,2,0,0,1,300000
7822052,1,1,1,2,0,0,1,2292000
7831193,1,1,1,2,0,0,1,450000
7792539,1,1,1,2,0,0,0,2500000
7818213,1,1,1,2,0,0,1,6291666.6667
7806975,1,1,1,2,1,0,1,12975000
7907947,1,1,1,2,1,0,1,900000
7853763,1,1,1,2,0,0,1,950000
7843348,1,1,1,2,0,1,1,9900000
7866709,1,1,1,2,0,0,1,1050000
7805044,1,1,1,2,0,0,1,1600000
7886228,1,1,1,2,0,1,1,200000
7906296,1,1,1,2,0,0,1,2156666.6667
7849409,1,1,1,2,0,0,1,2080000
7882772,1,1,1,2,0,1,1,4291666.6667
7886542,1,1,1,2,0,0,1,1517000
7851493,1,1,1,2,0,0,1,866666.66667
7896199,1,1,1,2,0,0,1,295833.33333
7878816,1,1,1,2,0,0,1,1000000
7824895,1,1,1,2,0,0,1,900000
7806568,1,1,1,2,0,0,1,500000
7797446,1,1,1,2,0,1,1,1734000
7822734,1,1,1,2,0,0,1,2000000
7884799,1,1,1,2,0,0,0,739222
7864574,1,1,1,2,0,0,1,379666.66667
7883117,1,1,1,2,0,0,0,3933838.6667
7895922,1,1,1,2,0,0,0,1200000
7815147,1,1,1,2,0,0,0,800000
7830668,1,1,1,2,0,0,1,2067333.3333
7882825,1,1,1,2,0,0,1,1300000
7895523,1,1,1,2,0,0,1,600000
7867385,1,1,1,2,0,0,1,1961666.6667
7848442,1,1,1,2,0,0,1,1000000
7795773,1,1,1,2,0,0,1,1980000
7885047,1,1,1,2,0,0,1,715000
7798584,1,1,1,2,0,0,1,550000
7896738,1,1,1,2,0,0,0,380000
7860550,1,1,1,2,0,0,1,750000
7805922,1,1,1,2,0,0,1,1535000
7843507,1,1,1,2,0,1,1,1920000
7789519,1,1,1,2,0,0,1,2449588.9167
7896562,1,1,1,2,0,0,1,800000
7815497,1,1,1,2,0,0,1,800000
7868467,1,1,1,2,0,0,1,2675666.6667
7789478,1,1,1,2,0,0,1,1542500
7827044,1,1,1,2,1,0,1,1805833.3333
7848837,1,1,1,2,1,0,1,1817833.3333
7851156,1,1,1,2,0,1,1,1650000
7900086,1,1,1,2,0,0,1,500000
7838492,1,1,1,2,0,0,1,1000000
7882797,1,1,1,2,0,0,1,800000
7807454,1,1,1,2,0,0,1,4422000
7896378,1,1,1,2,0,0,1,1080000
7840449,1,1,1,2,1,0,1,1456083.3333
7804558,1,1,1,2,0,0,0,8791666.6667
7807365,1,1,1,2,0,0,1,8150000
7803310,1,1,1,2,1,0,1,1833333.3333
7853836,1,1,1,2,0,0,1,1800000
7802571,1,1,1,2,0,0,1,4015000
7818083,1,1,1,2,0,0,1,1450000
7864564,1,1,1,2,0,0,1,850000
7813931,1,1,1,2,0,0,1,2100000
7885495,1,1,1,2,0,0,1,1355000
7804998,1,1,1,2,0,0,1,1200000
7820262,1,1,1,2,0,0,1,2700000
7842309,1,1,1,2,0,0,1,1000000
7887065,1,1,1,2,0,0,1,641666.66667
7901652,1,1,1,2,0,0,1,83333.333333
7811720,1,1,1,2,0,0,1,1000000
7837357,1,1,1,2,0,0,1,880000
7892544,1,1,1,2,0,0,1,2510000
7900577,1,1,1,2,0,0,1,4005333.3333
7812524,1,1,1,2,0,0,1,980000
7798292,1,1,1,2,0,0,1,1816166.6667
7827535,1,1,1,2,0,0,1,4956833.3333
7876356,1,1,1,2,0,0,1,1453333.3333
7789266,1,1,1,2,0,0,1,1300000
7873014,1,1,1,2,0,0,1,1200000
7789638,1,1,1,2,0,0,1,1010000
7793300,1,1,1,2,0,0,1,2625505.3333
7906089,1,1,1,2,0,0,1,500000
7825275,1,1,1,2,0,0,1,5413005.3333
7878180,1,1,1,2,0,0,0,2950000
7857014,1,1,1,2,0,0,1,966666.66667
7850690,1,1,1,2,0,0,1,1630000
7839800,1,1,1,2,0,0,1,3030000
7843842,1,1,1,2,0,0,1,2000000
7856587,1,1,1,2,0,0,1,3450000
7851798,1,1,1,2,0,0,1,1100000
7834734,1,1,1,2,0,0,1,2383333.3333
7878134,1,1,1,2,0,0,1,900000
7866282,1,1,1,2,0,0,1,1120000
7904364,1,1,1,2,0,0,1,387500
7891708,1,1,1,2,0,1,1,2929000
7885313,1,1,1,2,0,0,1,1954166.6667
7822821,1,1,1,2,0,0,1,1000000
7863557,1,1,1,2,0,0,1,1000000
7858371,1,1,1,2,0,0,1,644166.66667
7838558,1,1,1,2,0,0,1,2005000
7906756,1,1,1,2,0,0,0,1275000
7909097,1,1,1,2,0,0,0,5100000
7876187,1,1,1,2,0,0,1,1680000
7883872,1,1,1,2,0,0,1,1092200
7849867,1,1,1,2,0,0,1,1700000
7866610,1,1,1,2,0,0,1,150000
7852618,1,1,1,2,0,1,1,1600000
7852414,1,1,1,2,1,1,0,3850000
7839753,1,1,1,2,0,0,1,1520000
7839995,1,1,1,2,0,1,1,8525000
7872322,1,1,1,2,0,0,1,1583333.3333
7880041,1,1,1,2,0,0,0,783333.33333
7806878,1,1,1,2,0,0,1,1150000
7803276,1,1,1,2,0,0,1,1750000
7831568,1,1,1,2,0,0,1,2245000
7814669,1,1,1,2,1,0,1,1150000
7798947,1,1,1,2,0,0,1,650000
7846746,1,1,1,2,0,0,0,2264166.6667
7895515,1,1,1,2,0,0,1,450000
7798425,1,1,1,2,1,1,0,1400000
7849840,1,1,1,2,0,0,1,1030000
7884125,1,1,1,2,0,0,1,3017000
7818597,1,1,1,2,0,0,1,942500
7870926,1,1,1,2,0,0,0,1275000
7838095,1,1,1,2,0,0,1,1300000
7852961,1,1,1,2,0,0,1,1000000
7845957,1,1,1,2,0,0,1,1331666.6667
7892180,1,1,1,2,0,0,0,710000
7882554,1,1,1,2,0,0,0,1200000
7900453,1,1,1,2,1,0,1,1550000
7895977,1,1,1,2,0,0,1,645000
7862283,1,1,1,2,0,0,1,1677500
7812527,1,1,1,2,0,0,1,420833.33333
7869199,1,1,1,2,0,0,1,1300000
7874333,1,1,1,2,1,0,1,7150000
7861049,1,1,1,2,0,1,1,5483333.3333
7870971,1,1,1,2,0,0,1,750000
7893693,1,1,1,2,1,0,1,614000
7795361,1,1,1,2,0,0,0,1430000
7858820,1,1,1,2,0,0,1,1500000
7842583,1,1,1,2,0,1,1,2500000
7882646,1,1,1,2,0,0,1,1050000
7844626,1,1,1,2,0,0,0,2600000
7858295,1,1,1,2,0,0,0,2362500
7864630,1,1,1,2,0,0,0,2900000
7847053,1,1,1,2,1,0,1,4700000
7850931,1,1,1,2,0,0,1,915000
7831599,1,1,1,2,0,0,1,2590000
7822045,1,1,1,2,1,0,1,1550000
7872595,1,1,1,2,0,0,1,4600000
7788713,1,1,1,2,0,0,1,900000
7903407,1,1,1,2,0,0,0,2300000
7842934,1,1,1,2,1,0,1,1221666.6667
7789940,1,1,1,2,0,0,1,100000
7790194,1,1,1,2,0,0,1,880000
7790325,1,1,1,2,0,0,0,450000
7842232,1,1,1,2,0,0,1,3100000
7899365,1,1,1,2,1,0,0,10875000
7863659,1,1,1,2,0,0,1,1216666.6667
7836309,1,1,1,2,0,0,1,1376666.6667
7805463,1,1,1,2,0,0,1,1395000
7870275,1,1,1,2,0,0,1,1300000
7829147,1,1,1,2,0,0,1,860000
7857122,1,1,1,2,0,1,1,13666666.667
7857403,1,1,1,2,0,0,1,1250000
7849455,1,1,1,2,1,0,1,815000
7837646,1,1,1,2,0,0,0,1123333.3333
7793498,1,1,1,2,0,0,1,27600000
7788922,1,1,1,2,0,0,1,2001833.3333
7835452,1,1,1,2,0,0,1,1618333.3333
7833543,1,1,1,2,0,0,1,900000
7816586,1,1,1,2,0,0,1,750000
7882265,1,1,1,2,0,0,1,2625000
7888024,1,1,1,2,0,0,1,401666.66667
7827437,1,1,1,2,1,0,0,2657000
7866063,1,1,1,2,0,0,1,900000
7885894,1,1,1,2,0,1,1,1621000
7813437,1,1,1,2,0,0,1,9062500
7797198,1,1,1,2,1,0,1,2000000
7887001,1,1,1,2,0,0,1,500000
7847499,1,1,1,2,0,0,1,1800000
7885184,1,1,1,2,0,0,0,4500000
7883577,1,1,1,2,0,0,1,1000000
7829069,1,1,1,2,0,0,1,541666.66667
7850306,1,1,1,2,1,0,1,508333.33333
7836596,1,1,1,2,0,0,1,435000
7834790,1,1,1,2,0,0,1,3280000
7793201,1,1,1,2,0,0,1,250000
7885474,1,1,1,2,0,1,1,3500000
7842491,1,1,1,2,0,0,1,1000000
7867233,1,1,1,2,0,0,1,700000
7853702,1,1,1,2,0,0,0,1020000
7860677,1,1,1,2,1,1,0,2745833.3333
7797356,1,1,1,2,1,1,1,4616666.6667
7854005,1,1,1,2,0,0,1,1701666.6667
7880112,1,1,1,2,0,0,1,1000000
7853088,1,1,1,2,0,0,1,3243838.6667
7795174,1,1,1,2,0,0,1,1567000
7861523,1,1,1,2,0,1,1,5200000
7881560,1,1,1,2,0,1,0,2241666.6667
7837315,1,1,1,2,0,0,1,2836666.6667
7884757,1,1,1,2,0,0,1,5200000
7832088,1,1,1,2,0,0,0,3250000
7885038,1,1,1,2,0,0,1,910000
7909410,1,1,1,2,0,0,1,250000
7840934,1,1,1,2,0,0,1,15000000
7806994,1,1,1,2,1,1,1,3200000
7843226,1,1,1,2,0,1,0,7008766.6667
7794016,1,1,1,2,0,1,1,2983333.3333
7827742,1,1,1,2,0,0,1,1100000
7824776,1,1,1,2,0,0,1,890000
7853381,1,1,1,2,0,0,1,1075000
7836805,1,1,1,2,0,0,1,21083333.333
7823727,1,1,1,2,0,0,1,1000000
7905762,1,1,1,2,0,0,1,1225000
7819529,1,1,1,2,0,0,1,3134344
7908744,1,1,1,2,0,1,1,4000000
7790695,1,1,1,2,0,0,1,116666.66667
7866099,1,1,1,2,0,0,1,4075000
7819016,1,1,1,2,0,0,0,1400000
7882419,1,1,1,2,0,0,1,506500
7814428,1,1,1,2,0,0,1,3300000
7827313,1,1,1,2,0,0,1,656666.66667
7870613,1,1,1,2,0,0,1,320000
7845604,1,1,1,2,0,0,0,4300000
7856580,1,1,1,2,0,0,1,726666.66667
7838195,1,1,1,2,0,0,1,1353333.3333
7885221,1,1,1,2,0,0,1,1000000
7876526,1,1,1,2,0,0,1,2515833.3333
7853172,1,1,1,2,0,0,1,1412500
7898941,1,1,1,2,0,0,1,2260000
7843733,1,1,1,2,0,0,1,1353500
7857613,1,1,1,2,0,0,0,2526666.6667
7852668,1,1,1,2,0,1,0,3475000
7813321,1,1,1,2,0,0,1,2154166.6667
7834028,1,1,1,2,0,0,1,1659500
7888410,1,1,1,2,0,0,0,2508333.3333
7871727,1,1,1,2,0,0,1,1800000
7874252,1,1,1,2,1,0,1,2166666.6667
7844151,1,1,1,2,1,0,1,2233333.3333
7846609,1,1,1,2,1,0,1,1565000
7843510,1,1,1,2,0,0,1,1000000
7876496,1,1,1,2,0,0,1,3483333.3333
7862549,1,1,1,2,0,0,1,766666.66667
7832874,1,1,1,2,0,0,1,1491666.6667
7865827,1,1,1,2,1,0,0,390000
7830772,1,1,1,2,0,0,1,900000
7794875,1,1,1,2,0,0,0,4700000
7897102,1,1,1,2,0,0,1,4950000
7837779,1,1,1,2,0,0,1,350000
7802341,1,1,1,2,0,0,0,1041666.6667
7872266,1,1,1,2,0,0,1,5321666.6667
7878328,1,1,1,2,1,1,1,21500000
7845524,2,1,2,2,0,0,1,3183333.3333
7819344,1,1,1,2,1,1,1,1479166.6667
7839167,1,1,1,2,0,0,0,1135000
7794776,1,1,1,2,0,1,1,4916666.6667
7873910,1,1,1,2,0,0,1,2004672
7794513,1,1,1,2,0,0,1,1725000
7832006,1,1,1,2,0,0,0,400000
7852120,1,1,1,2,0,0,1,825000
7885525,1,1,1,2,1,0,1,3608333.3333
7827388,1,1,1,2,0,0,1,1800453.3333
7823836,1,1,1,2,0,0,1,416666.66667
7840210,1,1,1,2,0,0,1,725000
7881969,1,1,1,2,0,1,0,2675000
7884941,1,1,1,2,1,1,1,12408333.333
7904770,1,1,1,2,0,1,1,3500000
7883659,1,1,1,2,0,0,1,850000
7802233,1,1,1,2,0,0,1,2850000
7834261,1,1,1,2,1,0,1,5876000
7831720,1,1,1,2,1,0,1,4476666.6667
7858478,1,1,1,2,0,0,1,850000
7795996,1,1,1,2,0,0,1,1000000
7908202,1,1,1,2,0,0,1,1223333.3333
7902313,1,1,1,2,0,0,1,1086333.3333
7809288,1,1,1,2,0,1,0,4650000
7836927,1,1,1,2,0,1,1,3500000
7843005,1,1,1,2,0,0,1,2206000
7790000,1,1,1,2,0,0,1,4283333.3333
7879520,1,1,1,2,0,0,0,1550000
7893134,1,1,1,2,0,0,1,725000
7863531,1,1,1,2,0,0,1,1360000
7909425,1,1,1,2,0,1,1,2398510.6667
7873007,1,1,1,2,0,0,1,1000000
7877185,1,1,1,2,0,0,1,600000
7818829,1,1,1,2,0,1,1,641666.66667
7838103,1,1,1,2,0,0,1,490000
7867873,1,1,1,2,0,0,1,1101666.6667
7894929,1,1,1,2,0,0,1,300000
7903885,1,1,1,2,0,0,1,1083333.3333
7833914,1,1,1,2,0,0,1,2542000
7855000,1,1,1,2,0,0,0,825000
7894421,1,1,1,2,0,0,1,60000
7906832,1,1,1,2,0,0,0,1100000
7874073,1,1,1,2,0,0,1,3734344
7873842,1,1,1,2,0,0,1,4984166.6667
7888126,1,1,1,2,0,0,0,12783333.333
7852941,1,1,1,2,0,0,1,566666.66667
7813874,1,1,1,2,0,0,1,650000
7807013,1,1,1,2,0,0,1,3090000
7826341,1,1,1,2,0,0,1,5277083.3333
7835448,1,1,1,2,0,0,0,100000
7863085,1,1,1,2,0,0,1,1530000
7844667,1,1,1,2,0,0,1,2076000
7797064,1,1,1,2,1,0,1,1670833.3333
7870505,1,1,1,2,0,0,1,1430000
7788029,1,1,1,2,0,0,0,2275666.6667
7876121,1,1,1,2,0,1,1,1451666.6667
7844572,1,1,1,2,0,0,1,3336666.6667
7881835,1,1,1,2,0,0,1,1233333.3333
7906478,1,1,1,2,0,0,1,900000
7846150,1,1,1,2,0,0,1,339166.66667
7894627,1,1,1,2,0,0,1,1200000
7817233,1,1,1,2,0,0,1,1150000
7815019,1,1,1,2,0,0,1,2066666.6667
7860649,1,1,1,2,0,1,1,2500000
7797370,1,1,1,2,0,0,1,795000
7836127,1,1,1,2,0,1,1,2690000
7791113,1,1,1,2,0,0,0,1100000
7816837,1,1,1,2,0,0,1,1000000
7885597,1,1,1,2,0,1,1,2475666.6667
7854806,1,1,1,2,0,0,0,2300000
7893225,1,1,1,2,0,0,1,1016666.6667
7817784,1,1,1,2,0,0,0,756666.66667
7814249,2,1,2,2,0,0,0,1347172
7894349,1,1,1,2,1,0,1,2840000
7814119,1,1,1,2,0,0,1,128333.33333
7888146,1,1,1,2,0,0,1,2100000
7817748,1,1,1,2,0,0,1,716666.66667
7834688,1,1,1,2,0,0,1,500000
7887292,1,1,1,2,1,0,1,1900000
7834061,1,1,1,2,0,0,1,1108333.3333
7804767,1,1,1,2,0,0,1,3753333.3333
7898283,1,1,1,2,0,0,1,3666666.6667
7837431,1,1,1,2,0,1,1,6276666.6667
7821798,1,1,1,2,0,0,1,800000
7823903,1,1,1,2,0,0,1,2000000
7904933,1,1,1,2,0,0,1,2694500
7908412,1,1,1,2,0,0,1,1718666.6667
7863601,1,1,1,2,0,0,1,1783333.3333
7854335,1,1,1,2,0,0,0,1288000
7887934,1,1,1,2,0,0,1,1638333.3333
7891520,1,1,1,2,0,0,1,4175000
7873190,1,1,1,2,0,0,1,646666.66667
7873537,1,1,1,2,0,1,1,1420000
7821957,1,1,1,2,1,0,0,1300000
7885134,1,1,1,2,0,0,1,1300000
7845745,1,1,1,2,0,1,1,8201666.6667
7891881,1,1,1,2,0,0,1,1500000
7840223,1,1,1,2,1,0,1,2100000
7832584,1,1,1,2,0,1,1,7541666.6667
7850461,1,1,1,2,0,0,1,2475666.6667
7908958,1,1,1,2,0,0,1,1650000
7817780,1,1,1,2,0,0,0,2370000
7875538,1,1,1,2,0,0,1,3062500
7882872,1,1,1,2,0,0,1,3541666.6667
7824061,1,1,1,2,0,0,1,2567200
7909179,1,1,1,2,0,0,1,1350000
7811683,1,1,1,2,0,0,1,5040333.3333
7876589,1,1,1,2,0,0,0,1700000
7843375,1,1,1,2,0,0,1,1449000
7872889,1,1,1,2,0,0,1,2100000
7815251,2,1,2,2,0,0,0,1305000
7835267,1,1,1,2,0,0,1,2287000
7842933,1,1,1,2,0,1,1,2037000
7899236,1,1,1,2,0,0,1,4417333.3333
7816257,1,1,1,2,0,0,1,735000
7895950,1,1,1,2,0,0,1,1358333.3333
7884587,1,1,1,2,0,0,1,3550000
7808778,1,1,1,2,0,0,1,1150000
7855753,1,1,1,2,0,1,1,380000
7873429,1,1,1,2,0,0,0,1324500
7825832,1,1,1,2,0,1,1,4800000
7811777,1,1,1,2,0,0,1,1000333.3333
7833947,1,1,1,2,0,0,1,1400000
7809121,1,1,1,2,0,0,1,400000
7837039,1,1,1,2,0,0,0,1600000
7831257,1,1,1,2,0,0,1,553333.33333
7847315,1,1,1,2,0,0,1,1600000
7850781,1,1,1,2,0,1,0,5531666.6667
7871079,1,1,1,2,0,0,0,1641666.6667
7825582,1,1,1,2,0,0,1,967000
7831306,1,1,1,2,0,0,1,1000000
7867321,1,1,1,2,0,0,1,905000
7843455,1,1,1,2,0,0,1,4837172
7899168,1,1,1,2,0,0,1,2621083.3333
7891986,1,1,1,2,0,0,1,2400000
7828784,1,1,1,2,0,0,1,500000
7797410,1,1,1,2,0,0,0,3753333.3333
7789238,1,1,1,2,0,0,0,9093333.3333
7816506,1,1,1,2,0,0,0,2450000
7893561,1,1,1,2,0,0,1,2280000
7858236,1,1,1,2,0,0,1,335000
7837882,1,1,1,2,0,0,1,1680000
7795966,1,1,1,2,0,0,0,1440000
7900476,1,1,1,2,0,0,1,2281000
7794137,1,1,1,2,0,0,1,1498333.3333
7814678,1,1,1,2,1,0,1,3650000
7793703,1,1,1,2,0,0,1,1203333.3333
7882314,1,1,1,2,0,0,1,200000
7846259,1,1,1,2,0,0,0,933333.33333
7882588,1,1,1,2,0,0,1,1098333.3333
7824368,1,1,1,2,0,0,1,950000
7803050,1,1,1,2,0,1,0,4300000
7831374,1,1,1,2,1,0,1,1846666.6667
7874534,1,1,1,2,0,0,1,900000
7878147,1,1,1,2,0,0,1,1190000
7840608,1,1,1,2,0,0,1,1633333.3333
7886237,1,1,1,2,0,0,1,810000
7830540,1,1,1,2,0,0,1,970000
7891156,1,1,1,2,0,0,1,180000
7844627,1,1,1,2,1,0,1,1600000
7905551,1,1,1,2,0,1,1,1817916.6667
7879593,1,1,1,2,0,0,1,650000
7867766,1,1,1,2,0,0,1,1297722
7897044,1,1,1,2,0,0,1,1850000
7904780,1,1,1,2,0,0,1,2541666.6667
7854515,1,1,1,2,0,0,1,400000
7899668,1,1,1,2,0,0,1,940833.33333
7836766,1,1,1,2,0,0,0,1515333.3333
7846670,1,1,1,2,0,0,1,483333.33333
7856079,1,1,1,2,0,0,1,1200000
7834589,1,1,1,2,0,1,0,3137833.3333
7839145,1,1,1,2,0,0,0,2750000
7904247,1,1,1,2,0,1,0,9000000
7872114,1,1,1,2,0,0,1,1200000
7857404,1,1,1,2,0,0,1,2275333.3333
7894906,1,1,1,2,0,0,1,2079500
7866060,1,1,1,2,0,0,1,5266666.6667
7834055,1,1,1,2,0,0,1,1167500
7836090,1,1,1,2,0,0,0,1608333.3333
7877380,1,1,1,2,0,0,1,3600000
7855802,1,1,1,2,0,0,1,200000
7817351,1,1,1,2,0,0,1,8780000
7885585,1,1,1,2,0,0,1,700000
7902496,1,1,1,2,0,0,1,2167500
7905381,1,1,1,2,0,0,1,1150000
7866597,1,1,1,2,0,0,1,1606666.6667
7879105,1,1,1,2,0,0,1,1350000
7811997,1,1,1,2,0,0,1,1800000
7795466,1,1,1,2,0,0,0,840000
7871791,1,1,1,2,0,0,0,700000
7835187,1,1,1,2,0,0,1,1272500
7804588,1,1,1,2,0,0,1,180000
7884839,1,1,1,2,0,1,0,3060000
7820800,1,1,1,2,1,0,1,6520000
7890323,1,1,1,2,1,0,1,230000
7882645,1,1,1,2,0,0,1,580000
7879891,1,1,1,2,0,0,1,600000
7876270,1,1,1,2,0,0,1,7250000
7840250,1,1,1,2,1,0,1,1233333.3333
7793393,1,1,1,2,0,0,0,1190000
7833409,1,1,1,2,0,0,1,1000000
7818818,1,1,1,2,0,0,1,1988333.3333
7809149,1,1,1,2,0,0,1,315000
7895973,1,1,1,2,0,0,1,1000000
7871171,1,1,1,2,0,0,1,2125000
7898329,1,1,1,2,0,0,1,2908666.6667
7817243,1,1,1,2,0,0,1,1000000
7885459,1,1,1,2,0,0,1,2583333.3333
7843367,1,1,1,2,0,0,1,1200000
7835268,1,1,1,2,0,0,1,3600000
7871628,1,1,1,2,0,0,1,1700000
7876062,1,1,1,2,0,0,1,509500
7875016,1,1,1,2,0,0,1,600000
7895466,1,1,1,2,0,0,1,1375000
7815789,1,1,1,2,0,0,1,1240000
7890474,1,1,1,2,0,0,1,500000
7884399,1,1,1,2,1,0,1,4633333.3333
7885562,1,1,1,2,0,0,1,1766666.6667
7803162,1,1,1,2,0,0,1,170000
7805635,1,1,1,2,0,0,1,1733333.3333
7851716,1,1,1,2,0,0,1,1190000
7803810,1,1,1,2,0,0,1,270000
7882144,1,1,1,2,0,0,1,2594833.3333
7831240,1,1,1,2,1,1,0,2200000
7850787,1,1,1,2,0,0,0,5690000
7811693,1,1,1,2,1,0,1,1050000
7866963,1,1,1,2,0,0,1,1120833.3333
7803620,1,1,1,2,0,0,1,300000
7828897,1,1,1,2,0,0,1,900000
7788383,1,1,1,2,1,0,1,466666.66667
7814379,1,1,1,2,0,0,1,1070000
7882898,1,1,1,2,0,0,1,941666.66667
7819629,1,1,1,2,0,1,1,1625000
7893690,1,1,1,2,0,0,1,1080000
7802200,1,1,1,2,0,0,1,587500
7848728,1,1,1,2,0,0,1,380000
7821097,1,1,1,2,0,0,1,4581666.6667
7884820,1,1,1,2,0,0,0,1333333.3333
7826252,1,1,1,2,0,0,1,2600000
7853759,1,1,1,2,0,0,1,2200000
7841456,1,1,1,2,0,0,0,1780000
7818651,1,1,1,2,0,0,1,1400000
7837749,1,1,1,2,0,0,1,2233333.3333
7887577,1,1,1,2,0,1,1,3616666.6667
7817200,1,1,1,2,0,1,1,100000
7887304,1,1,1,2,0,0,1,1226666.6667
7837340,1,1,1,2,0,0,1,2712500
7828838,1,1,1,2,1,0,1,1220000
7886694,1,1,1,2,0,0,1,370000
7807763,1,1,1,2,0,0,1,1596500
7794716,1,1,1,2,0,0,1,3455000
7849331,1,1,1,2,0,0,1,700000
7886328,1,1,1,2,0,0,1,4500000
7807692,1,1,1,2,0,0,0,2208666.6667
7896214,1,1,1,2,0,1,1,9536666.6667
7842789,1,1,1,2,0,0,1,2400000
7837915,1,1,1,2,0,0,1,3526666.6667
7874934,1,1,1,2,0,0,1,1000000
7829853,1,1,1,2,0,0,1,2305000
7851943,1,1,1,2,0,0,1,3700000
7815528,1,1,1,2,0,0,1,1454166.6667
7822059,1,1,1,2,0,0,0,12600000
7842943,1,1,1,2,0,0,1,3160333.3333
7835805,1,1,1,2,0,0,1,1190000
7904822,1,1,1,2,0,0,1,170500
7894118,1,1,1,2,0,0,1,2362666.6667
7856487,1,1,1,2,0,0,1,2600000
7880157,1,1,1,2,0,0,1,1545000
7896112,1,1,1,2,0,0,1,4380000
7869067,1,1,1,2,0,1,1,3248838.6667
7858481,1,1,1,2,0,1,1,405000
7897224,1,1,1,2,0,0,1,9000000
7815080,1,1,1,2,1,0,1,1000000
7808218,1,1,1,2,0,0,1,325000
7823568,1,1,1,2,0,0,1,850000
7789221,1,1,1,2,0,0,0,900000
7835291,1,1,1,2,0,1,1,4183833.3333
7886960,1,1,1,2,0,0,1,1000000
7802669,1,1,1,2,0,0,1,2600000
7841546,1,1,1,2,0,0,1,1600000
7832652,1,1,1,2,0,0,1,4800833.3333
7806938,1,1,1,2,0,0,1,3940000
7814673,1,1,1,2,0,0,1,1200000
7890833,1,1,1,2,0,0,0,4883333.3333
7841522,1,1,1,2,1,0,1,150000
7888197,1,1,1,2,0,0,1,304166.66667
7839552,1,1,1,2,0,0,1,541666.66667
7893786,1,1,1,2,0,0,0,1797000
7808892,1,1,1,2,0,1,1,2680000
7830527,1,1,1,2,0,0,1,3430000
7872396,1,1,1,2,0,0,0,1282500
7900362,1,1,1,2,0,0,1,750000
7796247,1,1,1,2,0,0,0,11216666.667
7840849,1,1,1,2,0,0,1,2050000
7847222,1,1,1,2,0,1,1,3502700
7865140,1,1,1,2,1,1,1,2675000
7857806,1,1,1,2,0,0,1,1341666.6667
7853313,1,1,1,2,0,0,1,1300000
7878620,1,1,1,2,0,0,1,380000
7899729,1,1,1,2,1,1,1,3000000
7808537,1,1,1,2,0,0,1,2211700
7883579,1,1,1,2,0,0,1,1200000
7883133,1,1,1,2,0,0,1,7100000
7866839,1,1,1,2,0,0,1,280000
7887135,1,1,1,2,0,0,1,860000
7865069,1,1,1,2,0,0,1,2625000
7828564,1,1,1,2,0,0,1,150000
7834702,1,1,1,2,0,1,1,3551166.6667
7847986,1,1,1,2,0,0,1,1100000
7825351,1,1,1,2,0,0,1,533333.33333
7877663,1,1,1,2,0,0,1,1666666.6667
7879803,1,1,1,2,0,0,1,530000
7877547,1,1,1,2,0,1,1,4441666.6667
7817906,1,1,1,2,0,0,1,1500000
7887661,1,1,1,2,0,0,1,2500000
7893899,1,1,1,2,1,0,1,887600
7832024,1,1,1,2,0,0,1,800000
7835898,1,1,1,2,0,0,1,1933333.3333
7901958,1,1,1,2,1,0,1,2800000
7884264,1,1,1,2,0,0,0,1150000
7806979,1,1,1,2,0,0,1,1130000
7881984,1,1,1,2,1,0,1,7000000
7901683,1,1,1,2,0,0,1,900000
7803645,1,1,1,2,0,0,1,1140000
7844268,1,1,1,2,0,0,1,845000
7878305,1,1,1,2,0,0,0,2150000
7882191,1,1,1,2,0,0,1,695000
7860789,1,1,1,2,0,0,1,2250000
7811697,1,1,1,2,0,0,1,1250000
7854746,1,1,1,2,0,0,1,600000
7862850,1,1,1,2,0,0,1,850000
7827902,1,1,1,2,0,0,0,1800000
7838312,1,1,1,2,0,0,1,9133333.3333
7817299,1,1,1,2,0,0,1,730000
7899144,1,1,1,2,0,0,1,3920000
7884903,1,1,1,2,0,0,1,350000
7814991,1,1,1,2,0,1,1,10241666.667
7831341,1,1,1,2,0,1,0,1650000
7904090,1,1,1,2,1,0,1,450000
7907440,1,1,1,2,0,0,1,2380000
7797717,1,1,1,2,0,0,0,2178000
7863197,1,1,1,2,1,0,0,1958333.3333
7897674,1,1,1,2,0,0,1,1730000
7864820,1,1,1,2,0,0,0,200000
7814183,1,1,1,2,0,0,1,3881000
7837971,1,1,1,2,0,0,1,2880000
7819860,1,1,1,2,0,0,1,1270833.3333
7825636,1,1,1,2,0,0,1,1500000
7833471,1,1,1,2,0,1,1,1614166.6667
7873890,1,1,1,2,0,0,1,700000
7855258,1,1,1,2,0,0,1,1252500
7849826,1,1,1,2,0,1,1,2613333.3333
7888046,1,1,1,2,0,0,1,1590000
7851962,1,1,1,2,0,1,1,1500000
7895976,1,1,1,2,0,0,1,780666.66667
7792979,1,1,1,2,0,0,1,1260000
7841722,1,1,1,2,0,0,1,2900000
7821214,1,1,1,2,0,0,1,1067500
7894517,1,1,1,2,0,0,0,1100000
7896293,1,1,1,2,0,1,0,4345000
7882008,1,1,1,2,0,1,1,18330000
7829906,1,1,1,2,0,0,1,1350000
7883865,1,1,1,2,0,1,1,3551666.6667
7806111,1,1,1,2,0,0,1,1000000
7787965,1,1,1,2,0,0,1,1000000
7809031,1,1,1,2,0,0,1,2010000
7887046,1,1,1,2,0,0,1,4316666.6667
7833618,1,1,1,2,0,0,1,2350000
7849940,1,1,1,2,0,0,1,1025000
7880202,1,1,1,2,1,0,0,1150000
7897818,1,1,1,2,0,1,1,2000000
7869685,1,1,1,2,0,0,1,2030000
7818813,1,1,1,2,1,0,1,1100000
7807181,1,1,1,2,0,0,1,945000
7795933,1,1,1,2,0,0,1,3658333.3333
7807652,1,1,1,2,0,0,0,2000966.6667
7815602,1,1,1,2,0,1,0,2489333.3333
7887464,1,1,1,2,0,1,1,6437500
7879988,1,1,1,2,0,1,1,2830333.3333
7788622,1,1,1,2,0,0,1,1989000
7823369,1,1,1,2,0,0,1,1583333.3333
7835347,1,1,1,2,0,0,1,3467000
7902231,1,1,1,2,0,0,0,616666.66667
7885266,1,1,1,2,0,1,1,34050000
7843703,1,1,1,2,0,0,1,900000
7792483,1,1,1,2,0,0,1,1500000
7839786,1,1,1,2,0,0,1,3252833.3333
7837593,1,1,1,2,0,1,0,3820000
7882298,1,1,1,2,0,0,1,1100000
7827899,1,1,1,2,0,0,1,2410000
7851234,1,1,1,3,0,0,1,11600000
7896504,1,1,1,3,0,0,0,2000000
7907522,1,1,1,3,1,0,1,800000
7883514,1,1,1,3,0,1,1,15600000
7882165,1,1,1,3,0,1,1,14000000
7893884,1,1,1,3,0,0,1,2435000
7841455,1,1,1,3,0,0,1,7796666.6667
7837957,1,1,1,3,0,0,1,2215000
7797234,1,1,1,3,0,0,1,2693333.3333
7822379,1,1,1,3,0,0,0,7775000
7792765,1,1,1,3,0,0,1,2350000
7852093,1,1,1,3,0,0,0,2120000
7875415,1,1,1,3,0,1,1,6875000
7820301,1,1,1,3,0,1,1,11266666.667
7848958,1,1,1,3,0,1,1,11916666.667
7908779,1,1,1,3,0,1,1,15887666.667
7812697,1,1,1,3,0,0,1,4480000
7906132,1,1,1,3,1,1,1,5000000
7884657,1,1,1,3,0,1,1,7732250
7900892,1,1,1,3,0,0,0,10700000
7807292,1,1,1,3,0,0,1,3500000
7855829,1,1,1,3,0,1,1,6516666.6667
7831591,1,1,1,3,0,0,1,166666.66667
7841635,1,1,1,3,0,1,1,2300000
7794741,1,1,1,3,0,1,0,4000000
7876090,1,1,1,3,0,0,1,1060000
7874260,1,1,1,3,1,0,0,3100000
7890690,1,1,1,3,0,0,1,252333.33333
7822171,1,1,1,3,0,0,0,2315000
7864555,1,1,1,3,0,0,1,3400000
7896089,1,1,1,3,1,1,0,16800000
7838349,1,1,1,3,1,1,1,5417000
7801706,1,1,1,3,0,0,1,4566666.6667
7883330,1,1,1,3,0,1,1,13933333.333
7900895,1,1,1,3,1,1,0,1000000
7876806,1,1,1,3,0,1,1,24421666.667
7790969,1,1,1,3,1,1,1,5216666.6667
7827953,1,1,1,3,0,0,1,875000
7835626,1,1,1,3,0,0,1,3450000
7850496,1,1,1,3,0,0,1,6191666.6667
7882607,1,1,1,3,1,1,0,12574800
7861243,1,1,1,3,0,0,1,2551333.3333
7817989,1,1,1,3,0,1,1,3700000
7895571,1,1,1,3,0,1,1,6300000
7906079,1,1,1,3,0,1,1,13950000
7836717,1,1,1,3,1,0,0,4320833.3333
7802433,1,1,1,3,0,1,1,4700000
7840285,1,1,1,3,0,0,1,19145833.333
7899852,1,1,1,3,0,0,0,5979058.3333
7821128,1,1,1,3,1,1,1,4720000
7815465,1,1,1,3,1,1,1,14200000
7795072,1,1,1,3,0,0,1,2435000
7871872,1,1,1,3,0,1,1,7383333.3333
7805071,1,1,1,3,0,0,1,2500000
7877347,1,1,1,3,1,1,1,11000000
7884946,1,1,1,3,1,1,1,2000000
7797990,1,1,1,3,0,0,1,3125000
7891933,1,1,1,3,1,1,1,5000000
7885350,1,1,1,3,0,0,1,3904166.6667
7879504,1,1,1,3,0,1,1,11800000
7855650,1,1,1,3,1,1,1,13215000
7896555,1,1,1,3,0,0,1,9000000
7903192,1,1,1,3,1,1,1,9000000
7861267,1,1,1,3,0,1,1,7190000
7844302,1,1,1,3,0,0,0,6731666.6667
7861268,1,1,1,3,0,1,0,25000000
7886829,1,1,1,3,0,1,1,800000
7795588,1,1,1,3,1,1,1,6600000
7816343,1,1,1,3,0,0,1,3000000
7892656,1,1,1,3,0,0,0,2800000
7852316,1,1,1,3,1,0,1,4166666.6667
7822595,1,1,1,3,0,1,1,14623333.333
7865341,1,1,1,3,0,1,1,8746000
7841302,1,1,1,3,0,0,0,3800000
7895652,1,1,1,3,0,0,1,1500000
7875154,1,1,1,3,0,0,1,3166666.6667
7808398,1,1,1,3,0,0,1,5400000
7906133,1,1,1,3,1,1,1,9375000
7860922,1,1,1,3,0,0,0,1351033.3333
7886860,1,1,1,3,0,1,1,600000
7819778,1,1,1,3,1,0,0,7025000
7859627,1,1,1,3,1,1,1,38000000
7906071,1,1,1,3,0,0,1,12001666.667
7795413,1,1,1,3,0,1,1,7500000
7830927,1,1,1,3,0,0,1,3033333.3333
7886735,1,1,1,3,0,1,1,10500000
7811421,1,1,1,3,0,0,0,3566666.6667
7813329,1,1,1,3,0,1,0,3791666.6667
7797542,1,1,1,3,0,0,1,4005666.6667
7798526,1,1,1,3,0,0,1,500000
7828503,1,1,1,3,0,0,1,6000000
7832561,1,1,1,3,0,0,1,633333.33333
7825786,1,1,1,3,0,0,1,2500000
7792935,1,1,1,3,0,0,0,2600000
7813848,1,1,1,3,0,0,0,3500000
7855677,1,1,1,3,0,0,1,5800000
7823826,1,1,1,3,0,0,0,1229166.6667
7859069,1,1,1,3,0,0,1,883333.33333
7830215,1,1,1,3,0,0,1,1000000
7902641,1,1,1,3,0,1,1,5866666.6667
7819332,1,1,1,3,1,0,0,5516666.6667
7808803,1,1,1,3,1,1,1,13908333.333
7795637,1,1,1,3,0,1,0,5000000
7841439,1,1,1,3,0,0,1,1200000
7860850,1,1,1,3,0,0,0,5300000
7851915,1,1,1,3,0,1,1,7000000
7868496,1,1,1,3,1,1,1,9000000
7851071,1,1,1,3,0,0,0,11700000
7803000,1,1,1,3,0,1,1,6291666.6667
7895013,1,1,1,3,0,1,1,8966666.6667
7877666,1,1,1,3,0,0,1,2150000
7908401,1,1,1,3,0,1,1,9492333.3333
7881364,1,1,1,3,1,1,1,6075000
7870608,1,1,1,3,1,1,1,4758333.3333
7907760,1,1,1,3,0,0,1,100000
7909511,1,1,1,3,0,0,1,960000
7817274,1,1,1,3,0,0,1,1300000
7865436,1,1,1,3,0,0,1,10025000
7808375,1,1,1,3,0,0,1,4564166.6667
7795240,1,1,1,3,1,0,1,7916666.6667
7813706,1,1,1,3,0,1,1,1323000
7894781,1,1,1,3,0,0,1,4333333.3333
7866673,1,1,1,3,0,1,1,7320000
7814546,1,1,1,3,0,0,1,7616666.6667
7851826,1,1,1,3,0,0,0,2992172
7875987,1,1,1,3,1,1,1,6766666.6667
7793301,1,1,1,3,0,0,1,8400000
7797079,1,1,1,3,0,1,1,4650000
7831714,1,1,1,3,0,0,0,6300000
7878951,1,1,1,3,0,1,1,5816666.6667
7883699,1,1,1,3,0,0,1,13300000
7865662,1,1,1,3,0,1,1,8460000
7906046,1,1,1,3,0,0,1,5900000
7861458,1,1,1,3,1,1,1,6900000
7875828,1,1,1,3,0,1,1,7162500
7819244,1,1,1,3,0,0,1,445000
7898302,1,1,1,3,1,1,1,13361666.667
7906143,1,1,1,3,1,1,1,11700000
7813342,1,1,1,3,0,0,1,2497933.3333
7885456,1,1,1,3,0,0,1,8800000
7879293,1,1,1,3,0,1,1,7000000
7854530,1,1,1,3,0,1,1,3000000
7791096,1,1,1,3,1,0,1,3800000
7856276,1,1,1,3,0,0,0,3900000
7788117,1,1,1,3,0,0,1,1180000
7856400,1,1,1,3,0,1,1,2000000
7815601,1,1,1,3,0,1,0,2400000
7831360,1,1,1,3,0,0,1,4961666.6667
7821969,1,1,1,3,0,1,1,1450000
7811850,1,1,1,3,1,1,1,17005666.667
7832661,1,1,1,3,0,0,1,852500
7807368,1,1,1,3,0,1,1,3367172
7882598,1,1,1,3,1,1,1,19603333.333
7879017,1,1,1,3,0,0,1,559166.66667
7806767,1,1,1,3,0,0,1,2113333.3333
7814904,1,1,1,3,0,1,1,2075000
7891679,1,1,1,3,0,1,0,17768333.333
7808270,1,1,1,3,0,0,1,883333.33333
7872952,1,1,1,3,0,1,1,10833333.333
7903773,1,1,1,3,0,1,1,22800000
7876269,1,1,1,3,0,1,1,17283333.333
7879031,1,1,1,3,0,0,1,6968750
7889724,1,1,1,3,1,1,1,15608333.333
7792813,1,1,1,3,0,0,0,1315833.3333
7820151,1,1,1,3,1,1,0,8250000
7827541,1,1,1,3,0,0,1,8950000
7861655,1,1,1,3,0,0,1,200000
7873511,1,1,1,3,0,0,1,2200000
7804822,1,1,1,3,0,0,1,558333.33333
7885727,1,1,1,3,0,0,1,7000000
7848237,1,1,1,3,0,0,1,2600000
7839269,1,1,1,3,0,1,1,4650000
7874489,1,1,1,3,0,0,1,3894672
7798967,1,1,1,3,0,0,1,1500000
7803557,1,1,1,3,1,1,1,5050000
7897646,1,1,1,3,1,1,1,7000000
7887113,1,1,1,3,0,1,1,20300000
7845959,1,1,1,3,0,0,1,1874333.3333
7819539,1,1,1,3,1,0,1,700000
7847580,1,1,1,3,0,0,1,3000000
7895212,1,1,1,3,0,1,1,12075000
7832153,1,1,1,3,0,0,1,3950000
7873349,1,1,1,3,0,0,1,3210000
7902753,1,1,1,3,0,1,1,10500000
7887673,1,1,1,3,0,1,1,8795000
7885484,1,1,1,3,0,1,1,1630000
7825574,1,1,1,3,0,1,1,14000000
7817230,1,1,1,3,0,1,1,8944333.3333
7892456,1,1,1,3,0,0,1,5633333.3333
7860738,1,1,1,3,0,0,1,3483333.3333
7806971,1,1,1,3,0,1,0,13050000
7837136,1,1,1,3,0,0,0,1450000
7888120,1,1,1,3,0,0,1,383333.33333
7849181,1,1,1,3,0,1,1,1500000
7894168,1,1,1,3,1,1,1,9950000
7880165,1,1,1,3,1,1,1,10000000
7825934,1,1,1,3,0,1,1,8500000
7791817,1,1,1,3,1,0,0,7160000
7907773,1,1,1,3,1,1,0,6700000
7861722,1,1,1,3,0,1,1,8567000
7828521,1,1,1,3,0,1,1,2700000
7847611,1,1,1,3,0,0,1,5554166.6667
7818411,1,1,1,3,0,0,1,6825000
7858930,1,1,1,3,0,1,1,5175000
7790056,1,1,1,3,0,0,1,2649166.6667
7839854,1,1,1,3,1,0,0,1283333.3333
7868995,1,1,1,3,0,1,1,10879166.667
7903252,1,1,1,3,0,0,1,1883333.3333
7854467,1,1,1,3,1,1,1,11000000
7788711,1,1,1,3,0,1,1,5000000
7901248,1,1,1,3,1,0,1,900000
7898447,1,1,1,3,0,0,1,2000000
7859663,1,1,1,3,0,1,1,13500000
7794290,1,1,1,3,0,1,1,5363166.6667
7844494,1,1,1,3,0,1,1,33083333.333
7796903,1,1,1,3,0,1,1,2767333.3333
7864250,1,1,1,3,0,0,0,2100000
7849663,1,1,1,3,0,0,1,7200000
7882564,1,1,1,3,0,0,1,2000000
7813699,1,1,1,3,1,1,1,1200000
7792534,1,1,1,3,0,0,1,3668333.3333
7851768,1,1,1,3,0,0,1,835000
7894718,1,1,1,3,1,1,1,4791666.6667
7838155,1,1,1,3,0,1,1,7875000
7840882,1,1,1,3,0,0,1,10408333.333
7881251,1,1,1,3,1,0,1,8550000
7833819,1,1,1,3,1,0,1,6911666.6667
7861172,1,1,1,3,0,0,1,2699833.3333
7880381,1,1,1,3,1,1,1,4000000
7811666,1,1,1,3,1,1,1,4722000
7901082,1,1,1,3,0,1,1,4500000
7862892,1,1,1,3,1,0,1,7633333.3333
7802613,1,1,1,3,0,0,1,10375000
7895375,1,1,1,3,0,0,1,3702000
7846305,1,1,1,3,0,0,0,6200000
7898411,1,1,1,3,0,0,1,1083333.3333
7854432,1,1,1,3,0,0,1,2383333.3333
7851607,1,1,1,3,1,1,1,3970000
7853725,1,1,1,3,1,0,1,4621666.6667
7903576,1,1,1,3,0,0,1,1563333.3333
7828905,1,1,1,3,0,1,1,5550000
7792616,1,1,1,3,0,0,1,2695000
7886407,1,1,1,3,0,1,1,6916666.6667
7906099,1,1,1,3,1,1,1,8700000
7903125,1,1,1,3,0,1,1,9400000
7789271,1,1,1,3,0,0,1,1820833.3333
7831842,1,1,1,3,1,1,1,7300000
7804026,1,1,1,3,0,0,1,1083333.3333
7837540,1,1,1,3,0,0,1,3300000
7823763,1,1,1,3,0,1,1,7073333.3333
7875726,1,1,1,3,0,0,1,5233333.3333
7862190,1,1,1,3,0,1,1,2200000
7906727,1,1,1,3,1,0,1,3184166.6667
7874347,1,1,1,3,0,1,1,12250000
7852616,1,1,1,3,0,0,1,4988333.3333
7828447,1,1,1,3,0,0,1,2354000
7854804,1,1,1,3,0,0,1,1200000
7861315,1,1,1,3,0,1,1,17500000
7814321,1,1,1,3,0,0,1,2162500
7862587,1,1,1,3,0,1,1,3000000
7871513,1,1,1,3,0,0,1,3640000
7795389,1,1,1,3,0,1,1,11283333.333
7888092,1,1,1,3,0,1,1,2750000
7892108,1,1,1,3,1,1,1,5700000
7843995,1,1,1,3,0,0,1,5083333.3333
7903205,1,1,1,3,1,1,1,12050000
7875955,1,1,1,3,0,0,1,2583333.3333
7860543,1,1,1,3,0,0,1,2475000
7889710,1,1,1,3,0,1,1,7800000
7895574,1,1,1,3,0,0,1,4400000
7818894,1,1,1,3,0,0,0,1891666.6667
7808972,1,1,1,3,1,0,1,6791666.6667
7846241,1,1,1,3,1,1,1,10100000
7857099,1,1,1,3,0,0,1,6300000
7813670,1,1,1,3,0,1,1,4690000
7804323,1,1,1,3,0,0,1,2750000
7869950,1,1,1,3,0,0,0,1720000
7892819,1,1,1,3,0,1,0,5400000
7877075,1,1,1,3,0,0,1,20000000
7807769,1,1,1,3,0,0,0,4020000
7814638,1,1,1,3,1,1,1,2758333.3333
7878509,1,1,1,3,0,0,0,4716666.6667
7866578,1,1,1,3,0,0,1,3350000
7837255,1,1,1,3,0,1,1,11500000
7812668,1,1,1,3,0,0,1,4500000
7901215,1,1,1,3,0,0,1,4241083.3333
7849266,1,1,1,3,0,0,1,2800000
7850754,1,1,1,3,0,1,0,10875000
7795622,1,1,1,3,0,0,1,1590000
7859979,1,1,1,3,0,1,1,1500000
7821700,1,1,1,3,0,1,1,6991666.6667
7814218,1,1,1,3,0,0,1,2166666.6667
7887112,1,1,1,3,0,1,1,17690000
7901313,1,1,1,3,0,0,1,2500000
7864158,1,1,1,3,0,0,0,2504000
7803024,1,1,1,3,0,0,1,600000
7863361,1,1,1,3,1,0,1,2380000
7828413,1,1,1,3,0,0,1,4432500
7904922,1,1,1,3,1,0,1,7300000
7817063,1,1,1,3,0,0,1,4300000
7880895,1,1,1,3,0,0,1,3500000
7816183,1,1,1,3,0,1,1,5680000
7899077,1,1,1,3,0,0,1,3167000
7804884,1,1,1,3,0,0,1,4131333.3333
7893529,1,1,1,3,0,1,1,5000000
7833740,1,1,1,3,1,1,1,3500000
7840768,1,1,1,3,0,0,1,5004166.6667
7822925,1,1,1,3,0,0,1,400000
7885663,1,1,1,3,0,1,1,6000000
7838499,1,1,1,3,1,0,1,800000
7864360,1,1,1,3,0,0,0,4500000
7897573,1,1,1,3,0,0,1,4800000
7869446,1,1,1,3,0,0,1,4333333.3333
7902906,1,1,1,3,0,0,1,3800000
7843616,1,1,1,3,0,0,1,2066666.6667
7882166,1,1,1,3,0,1,1,3700000
7812124,1,1,1,3,1,1,1,11631666.667
7883736,1,1,1,3,0,1,1,19500000
7839293,1,1,1,3,1,1,0,3435000
7821908,1,1,1,3,1,1,0,17916666.667
7832854,1,1,1,3,1,1,1,7766666.6667
7802912,1,1,1,3,0,1,0,5259583.3333
7816673,1,1,1,3,1,0,1,4783333.3333
7827341,1,1,1,3,0,1,1,23000000
7881774,1,1,1,3,0,0,1,5040000
7842315,1,1,1,3,0,0,1,1300000
7902349,1,1,1,3,0,0,1,450000
7812917,1,1,1,3,0,1,1,2590000
7808772,1,1,1,3,0,1,1,13067500
7876156,1,1,1,3,0,1,1,1800000
7854786,1,1,1,3,0,1,0,8375000
7870189,1,1,1,3,0,1,1,5625000
7882523,1,1,1,3,0,1,1,350000
7909650,1,1,1,3,0,0,1,5600000
7875669,1,1,1,3,0,0,1,3045000
7812726,1,1,1,3,0,1,1,7033333.3333
7795226,1,1,1,3,1,1,1,7745000
7861286,1,1,1,3,0,0,1,4617000
7887384,1,1,1,3,0,1,1,10975000
7904533,1,1,1,3,1,1,1,68816000
7896008,1,1,1,3,0,0,1,1000000
7801802,1,1,1,3,0,0,0,4241666.6667
7908773,1,1,1,3,1,1,1,7850000
7895573,1,1,1,3,0,1,0,8150000
7872439,1,1,1,3,0,0,1,2892117
7861783,1,1,1,3,1,1,0,21087500
7874660,1,1,1,3,1,1,1,40966666.667
7853362,1,1,1,3,0,1,1,5300000
7856969,1,1,1,3,0,1,1,10250000
7875454,1,1,1,3,0,0,1,500000
7889080,1,1,1,3,0,0,1,100000
7903221,1,1,1,3,1,1,1,15000000
7855288,1,1,1,3,0,0,1,1100000
7814677,1,1,1,3,1,0,1,13422833.333
7899781,1,1,1,3,0,0,0,1093333.3333
7835620,1,1,1,3,0,1,1,1500000
7890552,1,1,1,3,1,1,1,9750000
7812211,1,1,1,3,0,1,0,4879166.6667
7788223,1,1,1,3,0,1,1,2700000
7853425,1,1,1,3,1,1,1,4166666.6667
7815094,1,1,1,3,0,1,1,10000000
7906668,1,1,1,3,1,1,1,350000
7818371,1,1,1,3,0,0,1,900000
7788069,1,1,1,3,0,1,1,7462500
7814401,1,1,1,3,0,0,1,11388000
7876461,1,1,1,3,0,1,1,5640333.3333
7875790,1,1,1,3,1,1,1,11000000
7878477,1,1,1,3,1,1,1,18566666.667
7863654,1,1,1,3,0,0,1,1300000
7790841,1,1,1,3,0,0,0,2367000
7789129,1,1,1,3,0,0,0,9483333.3333
7888829,1,1,1,3,0,0,1,2800000
7862087,1,1,1,3,0,0,0,1000000
7887623,1,1,1,3,0,0,1,7100000
7791567,1,1,1,3,0,0,1,3650533.3333
7807996,1,1,1,3,0,0,1,1491666.6667
7885497,1,1,1,3,0,0,1,2633333.3333
7886193,1,1,1,3,0,0,1,12000000
7816545,1,1,1,3,0,1,1,7300000
7898717,1,1,1,3,0,0,1,9050000
7791541,1,1,1,3,0,1,1,15083333.333
7850417,1,1,1,3,0,1,1,4000000
7835476,1,1,1,3,0,1,1,2098333.3333
7861663,1,1,1,3,1,1,0,2500000
7852227,1,1,1,3,1,0,1,5000000
7843295,1,1,1,3,0,1,1,6087500
7795739,1,1,1,3,0,0,1,1000000
7873046,1,1,1,3,0,1,0,9000000
7854472,1,1,1,3,0,0,1,1675000
7869237,1,1,1,3,0,0,1,2975000
7856802,1,1,1,3,0,1,1,34483333.333
7900666,1,1,1,3,0,1,1,6387500
7815699,1,1,1,3,0,0,1,3118333.3333
7888896,1,1,1,3,0,0,1,13000000
7798559,1,1,1,3,1,1,1,1583333.3333
7849380,1,1,1,3,1,1,0,3950000
7870169,1,1,1,3,0,0,1,1800000
7852435,1,1,1,3,0,0,1,1600000
7809252,1,1,1,3,0,1,1,5345500
7895812,1,1,1,3,0,0,0,3643416.6667
7789605,1,1,1,3,0,1,1,2600000
7876324,1,1,1,3,0,0,1,3041666.6667
7896473,1,1,1,3,0,0,1,2300000
7885358,1,1,1,3,1,1,0,26166666.667
7814088,1,1,1,3,0,1,0,32216666.667
7844356,1,1,1,3,1,1,1,19500000
7873079,1,1,1,3,1,1,1,9816666.6667
